tweet_id;text;science_related;scientific_claim;scientific_reference;scientific_context;text_clean
316669998137483264;Knees are a bit sore. i guess that's a sign that my recent treadmilling is working;0;0.0;0.0;0.0;['knee', 'bit', 'sore', 'guess', 'sign', 'recent', 'treadmilling', 'work']
319090866545385472;McDonald's breakfast stop then the gym 🏀💪;0;0.0;0.0;0.0;['mcdonald', 'breakfast', 'stop', 'gym']
322030931022065664;Can any Gynecologist with Cancer Experience explain the dangers of Transvaginal Douching with Fluoride or other toxins such as Dioxin? #PDX;1;1.0;0.0;0.0;['gynecologist', 'cancer', 'experience', 'explain', 'danger', 'transvaginal', 'douching', 'fluoride', 'toxin', 'dioxin', 'HASHTAG']
322694830620807168;Couch-lock highs lead to sleeping in the couch. Gotta stop doing this shit.;1;1.0;0.0;0.0;['couchlock', 'high', 'lead', 'sleep', 'couch', 'get', 'stop', 'shit']
328524426658328576;Does daily routine help prevent problems with bipolar disorder http://t.co/XGUfUDoLJB;1;1.0;0.0;0.0;['routine', 'help', 'prevent', 'problem', 'bipolar', 'disorder', 'url']
331396203700944896;The Impact of Infertility on You and Your Relationship http://t.co/7pF7Z0wH8f;0;0.0;0.0;0.0;['impact', 'infertility', 'relationship', 'url']
333266791960809472;“Traffic Jam” In Brain’s Neurons Could Be Cause Of Statin-Related Cognitive Decline http://t.co/kQ3XPdePKX;1;1.0;1.0;1.0;['traffic', 'jam', 'brain', 'neuron', 'cause', 'statinrelate', 'cognitive', 'decline', 'url']
334282732085587968;Can playing more games improve lives and save the world? by @chris_pelle via @PostArcade http://t.co/uEtVu099Ad #CDA30;1;1.0;0.0;0.0;['play', 'game', 'improve', 'life', 'save', 'world', 'USER', 'USER', 'url', 'HASHTAG']
334350038090276864;The effect of climate change on iceberg production by Greenland glaciers http://t.co/CtnPhcmD7c;1;0.0;1.0;1.0;['effect', 'climate', 'change', 'iceberg', 'production', 'greenland', 'glacier', 'url']
335542235452014594;@HankAzaria @TheSimpsons oh loneliness and cheeseburgers are a dangerous mix;0;0.0;0.0;0.0;['USER', 'USER', 'loneliness', 'cheeseburger', 'dangerous', 'mix']
336431788618551297;#bbcsportsday Honestly think Liverpool are a left back and a right wing away from CL. Fabio Coentrao and James Rodriguez?;0;0.0;0.0;0.0;['HASHTAG', 'think', 'liverpool', 'left', 'right', 'wing', 'fabio', 'coentrao', 'james', 'rodriguez']
339453990179844097;@bpkelly12 if that damn book lady decides to stop being a fuckin retard ill be out of here in 2 days;0;0.0;0.0;0.0;['USER', 'damn', 'book', 'lady', 'decide', 'stop', 'fuckin', 'retard', 'day']
339558700970815488;Science sucks.;0;0.0;0.0;0.0;['science', 'suck']
342204279160987648;http://t.co/eJlnUg0Gog Pay attention to classification essays format;0;0.0;0.0;0.0;['url', 'pay', 'attention', 'classification', 'essay', 'format']
344256820552011777;@RepCohen @SenAlexander @SenBobCorker pls support #NIH funding to help fight #pancreaticcancer @PanCAN @PanCANMemphis #ifight4MyDad;1;0.0;0.0;1.0;['user', 'USER', 'USER', 'support', 'HASHTAG', 'funding', 'help', 'fight', 'HASHTAG', 'USER', 'USER', 'HASHTAG']
344906283360591873;Poverty is the greatest cause behind child labour. #RisePakistan;1;1.0;0.0;0.0;['poverty', 'great', 'cause', 'child', 'labour', 'HASHTAG']
345226308780974081;"""@TheFactsBook: Drinking chocolate milk has been proven to help relieve muscle soreness after a workout.""@dietervoigtsa dink jy dis waar?";1;1.0;0.0;0.0;['USER', 'drink', 'chocolate', 'milk', 'prove', 'help', 'relieve', 'muscle', 'soreness', 'dink', 'dis', 'waar']
346130801726988290;About to just go to bed maybe cry a little and maybe stop breathing okay? Okay.;0;0.0;0.0;0.0;['bed', 'cry', 'little', 'stop', 'breathe']
348110995861954560;"""@GreatestNotes: Stop searching for the right person. Just look for a good catcher.The one who could catch your heart when it starts falling";0;0.0;0.0;0.0;['USER', 'stop', 'search', 'right', 'person', 'look', 'good', 'catcherthe', 'catch', 'heart', 'start', 'fall']
349083884803198976;"HM Revenue defines tax evasion as ""serious"" when sum involved is higher than £50,000 worthy of prosecution. http://t.co/BN3MEqJWvV";0;0.0;0.0;0.0;['revenue', 'define', 'tax', 'evasion', 'sum', 'involve', 'high', 'worthy', 'prosecution', 'url']
350116212899971073;ThE Lazy Marketer Increase riches. How to be a leader. How to be recognized. Get protected. Chino Hills California;0;0.0;0.0;0.0;['lazy', 'marketer', 'increase', 'riche', 'leader', 'recognize', 'protect', 'chino', 'hill', 'california']
350649661289275393;God dammit ... Poor decisions lead to negative consequences. Won't happen again;0;0.0;0.0;0.0;['god', 'dammit', 'poor', 'decision', 'lead', 'negative', 'consequence', 'happen']
352112687028768770;New post outlining SOLO mapping activity for Science http://t.co/uLArqkGCT8 Perhaps useful for other subjects too.;0;0.0;0.0;0.0;['new', 'post', 'outline', 'solo', 'mapping', 'activity', 'science', 'url', 'useful', 'subject']
354781851375763456;Girls with asses big enough to cause a pile up #BSE and #TooLive Presents #XXXplicit #July19 @ 814 S. Dixie hwy, Hollywood, FL 33020 Time 9;0;0.0;0.0;0.0;['girl', 'ass', 'big', 'cause', 'pile', 'HASHTAG', 'HASHTAG', 'present', 'HASHTAG', 'HASHTAG', 'dixie', 'hwy', 'hollywood', 'time']
354971560186101763;A wise Physician said, “The best medicine for Humans is LOVE.” Some1 asked, “If it doesn’t work?” He smiled&answered, “ Increase the dose.”;1;1.0;0.0;0.0;['wise', 'physician', 'say', 'good', 'medicine', 'human', 'love', 'some1', 'ask', 'work', 'smiledanswere', 'increase', 'dose']
357332201190334464;Zimmerman did not win the lotto ppl please stop spreading these Krazy rumors;0;0.0;0.0;0.0;['zimmerman', 'win', 'lotto', 'ppl', 'stop', 'spread', 'krazy', 'rumor']
357516810666524675;When we think of unhealthy living we generally think of diet and exercise. Diet and exercise are an intricate... http://t.co/bGnam9Thx1;1;1.0;0.0;0.0;['think', 'unhealthy', 'living', 'think', 'diet', 'exercise', 'diet', 'exercise', 'intricate', 'url']
358829145460969473;#BREAKING:Somalia: Al Shabab ambushes on Kenyan forces in Lower #Juba region http://t.co/h3OuYEpfoQ;0;0.0;0.0;0.0;['HASHTAGsomalia', 'shabab', 'ambush', 'kenyan', 'force', 'low', 'HASHTAG', 'region', 'url']
359184948294467584;dude if people don't stop retweeting that fake frank ocean account..;0;0.0;0.0;0.0;['dude', 'people', 'stop', 'retweete', 'fake', 'frank', 'ocean', 'account']
361218917303193600;Teach children to treat animals responsibly do not teach captivity! Join us http://t.co/UR15gQPatU #FreeAllCetacea via @FreeAllCetacea;0;0.0;0.0;0.0;['teach', 'child', 'treat', 'animal', 'teach', 'captivity', 'join', 'url', 'HASHTAG', 'USER']
362177441596321792;Caution! 3D Printers Could Cause Health Problems. Find out more here: http://t.co/BRAwvRgq28;1;1.0;0.0;0.0;['caution', 'printer', 'cause', 'health', 'problem', 'find', 'url']
362864716030283777;#YouKnowYouInTheHoodWhen u see taggings all over the stop signs and shit;0;0.0;0.0;0.0;['HASHTAG', 'tagging', 'stop', 'sign', 'shit']
363172565365170176;MDLinx Blog: MDLinx Blog: Neuropsychological findings in pediatric maltreatment: relationship of PTSD,... http://t.co/sS24IDHCoD;1;0.0;1.0;1.0;['mdlinx', 'blog', 'mdlinx', 'blog', 'neuropsychological', 'finding', 'pediatric', 'maltreatment', 'relationship', 'ptsd', 'url']
363719380967768064;RT @rgj: Barrick Gold reports $8.56 billion Q2 loss http://t.co/fuaTuAH54i;0;0.0;0.0;0.0;['USER', 'barrick', 'gold', 'report', 'loss', 'url']
364157346026500096;Lemme stop talking anus;0;0.0;0.0;0.0;['lemme', 'stop', 'talk', 'anus']
368890097971654656;Mortgage Rates Continue Lower Ahead of... http://t.co/SfSvmYFJn7 #mortgage;0;0.0;0.0;0.0;['mortgage', 'rate', 'continue', 'url', 'HASHTAG']
369497353503264768;"""@GeminisWeAre: # ZodiacAreUs: Lavender is the scent associated with #Gemini."" So that's the reason I LOVEEEEEEEE Lavended";0;0.0;0.0;0.0;['USER', 'zodiacareus', 'lavender', 'scent', 'associate', 'HASHTAG', 'reason', 'loveeeeeeee', 'lavende']
369662835972141056;65% of cats born with blue eyes are deaf.;1;1.0;0.0;0.0;['cat', 'bear', 'blue', 'eye', 'deaf']
371197661439078400;@najdi_outsider @mayami2012 @mol7daa @ahlamm4 @bibi_dd 1. The study indicate that the brain atrophy is caused by stress not by religion;1;1.0;0.0;1.0;['user', 'USER', 'USER', 'USER', 'USER', 'study', 'indicate', 'brain', 'atrophy', 'cause', 'stress', 'religion']
375481363668795392;Over thinking causes the mind to create negative scenarios and replay painful memories.;1;1.0;0.0;0.0;['thinking', 'cause', 'mind', 'create', 'negative', 'scenario', 'replay', 'painful', 'memory']
375599373771898880;Sleep 'boosts brain cell numbers' http://t.co/5d9b6G1vob;1;1.0;1.0;1.0;['sleep', 'boost', 'brain', 'cell', 'number', 'url']
375694265692594176;Please read this request and support this wonderful charity. Continue to pray for Helen Wade and Michelle... http://t.co/WIMFrbPfpA;0;0.0;0.0;0.0;['read', 'request', 'support', 'wonderful', 'charity', 'continue', 'pray', 'helen', 'wade', 'michelle', 'url']
377536039117934592;@mick_keeley omg stop ahahahah this is like year 5 sex ed;0;0.0;0.0;0.0;['USER', 'omg', 'stop', 'year', 'sex']
378087292306337792;Versatile microRNAs Choke Off Cancer Blood Supply, Suppress Metastasis - Science Daily (press release) http://t.co/EFAfQCE57H;1;1.0;1.0;1.0;['versatile', 'microrna', 'choke', 'cancer', 'blood', 'supply', 'suppress', 'metastasis', 'science', 'daily', 'press', 'release', 'url']
378259375594680320;Nerd out on this sprawling oral history of Apple design http://t.co/NFc51YVkkp;0;0.0;0.0;0.0;['nerd', 'sprawl', 'oral', 'history', 'apple', 'design', 'url']
379218265500684288;“@UberFacts: During Medieval times, red hair was associated with intense sexual desire and moral degradation.” @EElise13;1;1.0;0.0;0.0;['USER', 'medieval', 'time', 'red', 'hair', 'associate', 'intense', 'sexual', 'desire', 'moral', 'degradation', 'USER']
380010167581962240;@CODEREDDD God see and knw yr heart plus u are a fighter continue to stand strong...i'm praying for u!;0;0.0;0.0;0.0;['USER', 'god', 'knw', 'heart', 'fighter', 'continue', 'stand', 'strongim', 'pray']
380341864903090176;"@billmaher What can ""we"" do Bill? All the gun laws in the fucking world won't stop mentally ill killers from killing people...";1;1.0;0.0;0.0;['USER', 'bill', 'gun', 'law', 'fucking', 'world', 'stop', 'ill', 'killer', 'kill', 'people']
384330219496017920;Yay, Bianca! MT @BZGarcia: Cancer sux! Show support for @andi_sloan & affect positive change now. Sign the petition! http://t.co/KA077fN0gD;0;0.0;0.0;0.0;['yay', 'bianca', 'USER', 'cancer', 'support', 'USER', 'affect', 'positive', 'change', 'sign', 'petition', 'url']
384405549905092608;This little bellend has to stop crying oh my god get a grip;0;0.0;0.0;0.0;['little', 'bellend', 'stop', 'cry', 'god', 'grip']
384881095906299904;Wavy - Pound Cake (Freestyle): https://t.co/G2Prq59YLL - Support this record. I'm not the one just to send you anything @BET;0;0.0;0.0;0.0;['wavy', 'pound', 'cake', 'freestyle', 'url', 'support', 'record', 'send', 'USER']
394131909032161280;The world stops for El Classico. Its the rules. Even stopped playing FIFA.;0;0.0;0.0;0.0;['world', 'stop', 'classico', 'rule', 'stop', 'play', 'fifa']
394159135400263681;"This Guy Singing ""No Woman No Drive"" Is The Best Video To Support Saudi Women Challenging Driving Ban: “In thi... http://t.co/wRc40wKPFk";0;0.0;0.0;0.0;['guy', 'sing', 'woman', 'drive', 'good', 'video', 'support', 'saudi', 'woman', 'challenge', 'drive', 'ban', 'thi', 'url']
396020068423065600;How To Fold A Suit, Shirt & Pants Together To Prevent Wrinkling - http://t.co/tLnnKTTKBU;0;0.0;0.0;0.0;['fold', 'suit', 'shirt', 'pant', 'prevent', 'wrinkling', 'url']
396940972694568960;Modeling precision treatment of breast cancer - looks great ! http://t.co/4XzfGlwAWn;1;0.0;1.0;1.0;['model', 'precision', 'treatment', 'breast', 'cancer', 'look', 'great', 'url']
397206548943867905;@khushsundar Do u think legalising prostitution in all states will decrease sexual abusing. Pls give me s reply mam.;1;1.0;0.0;0.0;['USER', 'think', 'legalise', 'prostitution', 'state', 'decrease', 'sexual', 'abuse', 'reply', 'mam']
398450991726485505;Aegon UK reports rise in earnings http://t.co/M3FRwylsZU;0;0.0;0.0;0.0;['aegon', 'report', 'rise', 'earning', 'url']
398716322193764352;@MC_Sincere those eyes are a gift send straight from God boy!!! Hahahaha;0;0.0;0.0;0.0;['USER', 'eye', 'gift', 'send', 'god', 'boy', 'hahahaha']
398893112812392449;Amazon plans to lower the cost of processing big data in the cloud : http://t.co/GPpwtMqYlo #socialmedia;0;0.0;0.0;0.0;['amazon', 'plan', 'lower', 'cost', 'process', 'big', 'datum', 'cloud', 'url', 'HASHTAG']
402844901475618816;#Multiple #Births Cost Significantly More Than Single Births, Study Shows http://t.co/A0alATsStW;1;1.0;1.0;1.0;['HASHTAG', 'HASHTAG', 'cost', 'single', 'birth', 'study', 'show', 'url']
402941487509671936;The taxi 12s are a must have;0;0.0;0.0;0.0;['taxi']
403454747287359488;"""The existence of absolute poverty today points to the indifference of many in the rich world"" http://t.co/ktsjh6vn1Y via @prospect_uk";1;1.0;0.0;0.0;['existence', 'absolute', 'poverty', 'today', 'point', 'indifference', 'rich', 'world', 'url', 'USER']
403892923831291905;GTA V Heists demand increases pressure on Rockstar http://t.co/xOduNxypRq #GTAV;0;0.0;0.0;0.0;['gta', 'heist', 'demand', 'increase', 'pressure', 'rockstar', 'url', 'HASHTAG']
405233809253089282;Let your hope make you glad. Be patient in time if trouble and never stop praying. #Romans12:12;0;0.0;0.0;0.0;['let', 'hope', 'glad', 'patient', 'time', 'trouble', 'stop', 'pray', 'hashtag12']
405903081738469376;Leafs played an average game, Pittsburgh's mistakes lead to Leafs goals. Penguins deserved the W..;0;0.0;0.0;0.0;['leafs', 'play', 'average', 'game', 'pittsburgh', 'mistake', 'lead', 'leafs', 'goal', 'penguin', 'deserve']
409122595947020288;"Who Is Cindy Starfall Promote Cindy Starfall http://t.co/ataFNzowgo another fan vote for @CindyStarfall ;-)";0;0.0;0.0;0.0;['cindy', 'starfall', 'promote', 'cindy', 'starfall', 'url', 'fan', 'vote', 'USER']
411247736525434880;Europa, a moon of Jupiter has a gigantic ocean beneath its icy surface which cracks and shoots water jets into space. http://t.co/rcLoSrZE0C;1;1.0;1.0;1.0;['moon', 'jupiter', 'gigantic', 'ocean', 'icy', 'surface', 'crack', 'shoot', 'water', 'jet', 'space', 'url']
411681385623982080;#wreckingbaIl Thousands rally to support fired Bogota mayor: Some Colombians believe Petro's dismissal could threaten... @onedirslaytion;0;0.0;0.0;0.0;['HASHTAG', 'thousand', 'rally', 'support', 'fire', 'bogota', 'mayor', 'colombian', 'believe', 'petros', 'dismissal', 'threaten', 'USER']
412650110460235776;Isis Supports Wells Fargo Visa Cards: Wells Fargo & Co. and Isis ®, the mobile commerce joint venture created ... http://t.co/DxxvRyQ9YZ;0;0.0;0.0;0.0;['isis', 'support', 'wells', 'fargo', 'visa', 'card', 'wells', 'fargo', 'isis', 'mobile', 'commerce', 'joint', 'venture', 'create', 'url']
413527115230117888;A lucky find of a toe fossil unlocks a genetic encyclopedia for neanderthals http://t.co/gfjo79RuSv;1;1.0;1.0;1.0;['lucky', 'find', 'toe', 'fossil', 'unlock', 'genetic', 'encyclopedia', 'neanderthal', 'url']
416820259471892481;Damn it! Dragon go back to bed and stop breathing fire everywhere;0;0.0;0.0;0.0;['dragon', 'bed', 'stop', 'breathe', 'fire']
416824906223869952;@mishra_abhi Media stop looking at caste identities & start looking at performance of MLAs/Ministers/officials/policemen @prasannavishy;0;0.0;0.0;0.0;['user', 'medium', 'stop', 'look', 'caste', 'identity', 'start', 'look', 'performance', 'mlasministersofficialspoliceman', 'USER']
417390745067462656;#WeLoveAndMissYouZayn #OneDirectionPleaseDoAFollowSpreeForNewYears Rt if u support gay rights;0;0.0;0.0;0.0;['HASHTAG', 'HASHTAG', 'support', 'gay', 'right']
418044514138591232;Goals for 2014 are as follows: 1) Stop 2) Drop 3) Shut'em down 4) Open up shop.;0;0.0;0.0;0.0;['goal', 'follow', 'stop', 'drop', 'shutem', 'open', 'shop']
419031039776804864;Hildersham villagers unite to stop pub closure @SouthCambs @Roger_Hickford http://t.co/KvO4SxJkel;0;0.0;0.0;0.0;['hildersham', 'villager', 'unite', 'stop', 'pub', 'closure', 'USER', 'USER', 'url']
419047430718373888;.@GreenJournal study show this infection can increase risk of strokes and heart attacks http://t.co/OnPKAwpomh;1;1.0;1.0;1.0;['USER', 'study', 'infection', 'increase', 'risk', 'stroke', 'heart', 'attack', 'url']
420227019985932289;Looking for some fun science activities for the cold month ahead? January Science Calendar http://t.co/cGs2nvv7Bx @HSScientist;0;0.0;0.0;0.0;['look', 'fun', 'science', 'activity', 'cold', 'month', 'january', 'science', 'calendar', 'url', 'USER']
424003986866200576;“@ashu_165: #CongBJPquitIndia Stop ur false propaganda http://t.co/Cp5NptVU0Q”#UnitedWithAAP;0;0.0;0.0;0.0;['USER', 'HASHTAG', 'stop', 'false', 'propaganda', 'url']
426482774065688576;Microsoft Says Product Demand Remains High, Reports Record $24.52 Billion Revenue For FY14 Q2 http://t.co/YmxCGR2I9L;0;0.0;0.0;0.0;['microsoft', 'say', 'product', 'demand', 'remain', 'high', 'report', 'record', 'revenue', 'fy14', 'url']
426751675102011392;Trekstock is being held in London not the LA so stop spreading rumours -J;0;0.0;0.0;0.0;['trekstock', 'hold', 'london', 'stop', 'spread', 'rumour']
427042365522870272;the dog will not stop fuckin snoring;0;0.0;0.0;0.0;['dog', 'stop', 'fuckin', 'snore']
427397314487914496;Cesar stop a whole war is gonna break out with cheerleading;0;0.0;0.0;0.0;['stop', 'war', 'break', 'cheerleading']
430147526222970881;#REVENGE Interesting characters, non stop action and full of twists, this is a great new thriller! http://t.co/4ZpKXbl1Z3 XvvA;0;0.0;0.0;0.0;['HASHTAG', 'interesting', 'character', 'stop', 'action', 'twist', 'great', 'new', 'thriller', 'url', 'xvva']
430698608137351168;Law leads to guilt,guilt leads to struggle,struggle leads to failure,failure leads to more guilt,guilt leads to more sin + hopelessness!;1;1.0;0.0;0.0;['law', 'lead', 'guiltguilt', 'lead', 'strugglestruggle', 'lead', 'failurefailure', 'lead', 'guiltguilt', 'lead', 'sin', 'hopelessness']
431030192312967168;Floral Hall Wedding Fayre Sunday Mar 23rd - All proceeds on door to go to @DougieMacstoke - Please come along and support #tunstall #stoke;0;0.0;0.0;0.0;['floral', 'hall', 'wedding', 'fayre', 'sunday', 'mar', '23rd', 'proceed', 'door', 'USER', 'come', 'support', 'HASHTAG', 'HASHTAG']
431083759085969408;A NOBLE CAUSE DIES 1000 DEATHS TIL A HEART IS CHANGED #WEARETHEPEOPLE;0;0.0;0.0;0.0;['noble', 'cause', 'die', 'death', 'heart', 'change', 'HASHTAG']
431321021186969600;The Biology of Belief: Unleashing the Power of Consciousness, Matter, & Miracles by Bruce H. Lipton, who is a scientist turned mystic.;1;0.0;1.0;1.0;['biology', 'belief', 'unleash', 'power', 'consciousness', 'matter', 'miracle', 'bruce', 'lipton', 'scientist', 'turn', 'mystic']
432580268667715584;"3OMF's, supposedly ""grown men"" will not stop talking about flappy bird in group chat. Has been the only topic of discussion today.";0;0.0;0.0;0.0;['grow', 'man', 'stop', 'talk', 'flappy', 'bird', 'group', 'chat', 'topic', 'discussion', 'today']
435062684263141377;Hey guess new Twitter cause new phone so yea please lik, direct tweet, nd please follow thx Luvs bii;0;0.0;0.0;0.0;['guess', 'new', 'twitter', 'cause', 'new', 'phone', 'lik', 'direct', 'tweet', 'follow', 'thx', 'luvs', 'bii']
435574632641757184;@CordeliaLogan Exactly. There’s nothing in that link that causes text messages to be sent. That just performs a follow.;0;0.0;0.0;0.0;['USER', 'link', 'cause', 'text', 'message', 'send', 'perform', 'follow']
436645794943225857;"Yep. Eating vegetarian today. Geez. “@nprnews: 'Piglet Smoothie' Fed To Sows To Prevent Disease; Activists Outraged http://t.co/5LifNxWuiR”";0;0.0;0.0;0.0;['eat', 'vegetarian', 'today', 'geez', 'USER', 'piglet', 'smoothie', 'feed', 'sow', 'prevent', 'disease', 'activist', 'outraged', 'url']
437737194787061760;WARNING! Bible reading can be habit forming and will cause loss of fear and anxiety. Side effects are joy, love, peace, and contentment!;1;1.0;0.0;0.0;['warn', 'bible', 'reading', 'habit', 'form', 'cause', 'loss', 'fear', 'anxiety', 'effect', 'joy', 'love', 'peace', 'contentment']
438237164208279552;#TRAINhealth Research found improvement in sleep quality was linked w/ weight loss, meaning a flatter stomach could mean better sleep;1;1.0;0.0;1.0;['HASHTAG', 'research', 'find', 'improvement', 'sleep', 'quality', 'link', 'weight', 'loss', 'mean', 'flat', 'stomach', 'mean', 'well', 'sleep']
440497667790360576;Niggas jus need to live an stop the stressing;0;0.0;0.0;0.0;['niggas', 'jus', 'need', 'live', 'stop', 'stressing']
440536137744936960;North Korea puts Yorkshire Terriers in zoo: http://t.co/VyABEx7YnO;0;0.0;0.0;0.0;['north', 'korea', 'put', 'yorkshire', 'terrier', 'zoo', 'url']
440922374318211072;@SpeakerBoehner #GOP #ImmigrationReform is still in ur hands #latism will not stop the fight #TNTweeters @DRMAction http://t.co/sxc5kcN1aw;0;0.0;0.0;0.0;['USER', 'HASHTAG', 'HASHTAG', 'hand', 'HASHTAG', 'stop', 'fight', 'HASHTAG', 'USER', 'url']
442142644257320960;What the New HIV Breakthroughs Mean for the Future of the Disease | Healthy Living - Yahoo Shine http://t.co/f1qN57RHHO;1;0.0;1.0;1.0;['new', 'hiv', 'breakthrough', 'mean', 'future', 'disease', 'healthy', 'live', 'yahoo', 'shine', 'url']
442207643893903360;Spice up your diet for greater fat loss: http://t.co/la5L94hm8p;1;1.0;1.0;1.0;['spice', 'diet', 'great', 'fat', 'loss', 'url']
443314171921174529;Retirement home laws ‘in need of review’. @AdamMarshall777 reports in #7NewsBris http://t.co/AVupGZ3m34;0;0.0;0.0;0.0;['retirement', 'home', 'law', 'need', 'review', 'USER', 'report', 'HASHTAG', 'url']
443670754178379777;What will digital life look like in a decade? Some predictions, from the optimistic to mind control http://t.co/q4F7Bice83;1;0.0;1.0;1.0;['digital', 'life', 'look', 'decade', 'prediction', 'optimistic', 'mind', 'control', 'url']
444915993132142592;@nma08244 Small step for man, quantum leap for particle kind! http://t.co/aVhtJyxr1Y & http://t.co/YTULs3Xoc6 http://t.co/iXTn0CjehM;1;0.0;1.0;1.0;['USER', 'small', 'step', 'man', 'quantum', 'leap', 'particle', 'kind', 'url', 'url', 'url']
445991077552865281;Determination leads to Success. Best day of my life #nowplaying;1;1.0;0.0;0.0;['determination', 'lead', 'success', 'good', 'day', 'life', 'HASHTAG']
446121717560115200;Blonde Girl Starts to Masturbate Leads to a Quick Fuck http://t.co/FvlwBW1twq #movie #music #ass #lol #video;0;0.0;0.0;0.0;['blonde', 'girl', 'start', 'masturbate', 'lead', 'quick', 'fuck', 'url', 'HASHTAG', 'HASHTAG', 'HASHTAG', 'HASHTAG', 'HASHTAG']
446486621999726594;http://t.co/JcgzoUqu1f We specialise in providing the modular ground study courses required to convert your ICAO professional;0;0.0;0.0;0.0;['specialise', 'provide', 'modular', 'ground', 'study', 'course', 'require', 'convert', 'icao', 'professional']
446689236226670592;More great printing work by @instantprint, helping us launch our new brand identity. http://t.co/1H2bbdpUir;0;0.0;0.0;0.0;['great', 'printing', 'work', 'USER', 'help', 'launch', 'new', 'brand', 'identity', 'url']
451954996158820352;“@Tasha_unicorns: Deep has got to stop being so deep”;0;0.0;0.0;0.0;['USER', 'get', 'stop', 'deep']
453229267673812993;Can't find the alien exercise;0;0.0;0.0;0.0;['find', 'alien', 'exercise']
453731216789737474;The underground just don't stop for hoes 😂✋💃;0;0.0;0.0;0.0;['underground', 'stop', 'hoe']
455624643052056576;Neurobiological Bases of Abnormal Aggression and Violent Behaviour http://t.co/NWDSQy95AT;1;0.0;1.0;1.0;['neurobiological', 'basis', 'abnormal', 'aggression', 'violent', 'behaviour', 'url']
456139274162028544;A raise to $1.8 million would have placed Martin's salary no higher than eighth in the SEC.;0;0.0;0.0;0.0;['raise', 'place', 'martin', 'salary', 'high', 'eighth', 'sec']
458622450537074688;Dark Skin May Be A Protector Against Cancer http://t.co/lrC8Rsuyqz;1;1.0;0.0;0.0;['dark', 'skin', 'protector', 'cancer', 'url']
461347905081597952;Missouri Senate passes sales tax increase for roads ..BreakingNews KansasCity http://t.co/wJDUA338uL;0;0.0;0.0;0.0;['missouri', 'senate', 'pass', 'sale', 'tax', 'increase', 'road', 'breakingnew', 'kansascity', 'url']
461827109309399040;LEED-certified buildings are often less energy-efficient than un-certified ones: http://t.co/DXj3ez07x7;1;1.0;0.0;1.0;['leedcertifie', 'building', 'energyefficient', 'uncertified', 'one']
464203433394716672;Job : Durham NC - Sr. Network Security Engineer - support Network Based Security infrastructure to provide sec... http://t.co/zVltTs0ogH;0;0.0;0.0;0.0;['job', 'durham', 'network', 'security', 'engineer', 'support', 'network', 'base', 'security', 'infrastructure', 'provide', 'sec', 'url']
464442462573170688;MAY SPECIAL - SIGN UP FOR $29.95 ($20 savings) Need more money? Love candles? Work from home selling http://t.co/GN8BLNUt0k;0;0.0;0.0;0.0;['special', 'sign', 'saving', 'need', 'money', 'love', 'candle', 'work', 'home', 'selling', 'url']
464497496056946688;I hate people. Take good pics of zayn and stop taking so many of grease ball;0;0.0;0.0;0.0;['hate', 'people', 'good', 'pic', 'zayn', 'stop', 'take', 'grease', 'ball']
464540328293584896;"Unbelievable day at #ACDIS2014 today. So many people saying the same thing ""No One Else Is doing that..."" Stop by Friday learn what THAT is!";0;0.0;0.0;0.0;['unbelievable', 'day', 'HASHTAG', 'today', 'people', 'say', 'thing', 'stop', 'friday', 'learn']
464696255738703872;5 Surprising Ways Social Media is Affecting Healthcare ~ Social Media Frontiers: http://t.co/IxuQ4hfxw5;1;1.0;0.0;0.0;['surprising', 'way', 'social', 'medium', 'affect', 'healthcare', 'social', 'medium', 'frontier', 'url']
465928890381500417;@BarsAndMelody song has basically started a trend to stop bullying💖 #putastoptobullying2014;0;0.0;0.0;0.0;['USER', 'song', 'start', 'trend', 'stop', 'bully', 'HASHTAG']
466216322750091264;#Beijing, #China sees significant increase of armed #police presence on streets http://t.co/HaTeA4kg08;1;1.0;0.0;0.0;['HASHTAG', 'HASHTAG', 'see', 'significant', 'increase', 'armed', 'HASHTAG', 'presence', 'street', 'url']
466468978333061120;Photos: San Diego wildfires lead to evacuation of 20000 homes - Washington Post http://t.co/NqmUnXMScg;0;0.0;0.0;0.0;['photo', 'san', 'diego', 'wildfire', 'lead', 'evacuation', 'home', 'washington', 'post', 'url']
466592730802429952;UK population is eating too much sugar, saturated fat and salt https://t.co/jqqJ8TBWGI;1;1.0;1.0;1.0;['population', 'eat', 'sugar', 'saturate', 'fat', 'salt', 'url']
467006461605081088;Even Superman had to get a job. Moral of this story is Stop saving everyone for free. #FLYE… http://t.co/p7mhlBbgbt;0;0.0;0.0;0.0;['superman', 'job', 'moral', 'story', 'stop', 'save', 'free', 'HASHTAG', 'url']
469874033035837440;"""@DWatson2x: DeSoto Need To Stop Spending Money On They Football Team Who Can't Win State & Fix These Bathrooms""💀💀💀💀";0;0.0;0.0;0.0;['USER', 'desoto', 'need', 'stop', 'spend', 'money', 'football', 'team', 'win', 'state', 'fix', 'bathroom']
470338351090778112;Selector Infected WIXOSS Causes Sharp Decline in Card Sales http://t.co/mVqmEU9IxQ;0;0.0;0.0;0.0;['selector', 'infect', 'wixoss', 'cause', 'sharp', 'decline', 'card', 'sale', 'url']
471667239288991744;Don't miss the June 17 VRUC: #Jazz & #CLM meeting: Delivering Better Requirements via Expert Systems - http://t.co/D7giMPeEYf #RationalUC;0;0.0;0.0;0.0;['miss', 'june', 'vruc', 'HASHTAG', 'HASHTAG', 'meeting', 'deliver', 'well', 'requirement', 'expert', 'system', 'url', 'HASHTAG']
473924366242021376;@SenatorParker New York State must not set a precedent of passing laws that support quackery. Here's a great post: http://t.co/atM6hdDzMq;1;0.0;1.0;1.0;['USER', 'new', 'york', 'state', 'set', 'precedent', 'pass', 'law', 'support', 'quackery', 'here', 'great', 'post', 'url']
474967888109899776;"""@KingVegeta_: @Joiko_Saiyan #ProjectXVegeta"" Supports this with immense description.";0;0.0;0.0;0.0;['user', 'USER', 'HASHTAG', 'support', 'immense', 'description']
476878532141137920;POLYGAMISOGYNIST: (n) One of the 'peaceful & tolerant' who has more than one wife to treat in an unkind and UNEQUALITARIAN manner;0;0.0;0.0;0.0;['polygamisogynist', 'peaceful', 'tolerant', 'wife', 'treat', 'unkind', 'unequalitarian', 'manner']
477571422391656448;Soccer? Whats that? Twitter promotes one sport?;0;0.0;0.0;0.0;['soccer', 'twitter', 'promote', 'sport']
480400493253259264;Honestly I won't be surprised if Iran win. Upsets are a theme this world cup;0;0.0;0.0;0.0;['surprised', 'iran', 'win', 'upset', 'theme', 'world', 'cup']
481343104364969984;The Weight Loss Plateau: Causes And Solutions For This Frustrating Problem http://t.co/MYtEQVW75l htt... http:... http://t.co/moOAcMCaXT;0;0.0;0.0;0.0;['weight', 'loss', 'plateau', 'cause', 'solution', 'frustrating', 'problem', 'url', 'htt', 'url', 'url']
482893912239898624;people who are jealous automatically call whoever Justin's associated with a hoe or a thot like stop.;0;0.0;0.0;0.0;['people', 'jealous', 'justin', 'associate', 'hoe', 'thot', 'stop']
483587157677064192;The who, what, when, where, and why of the @BloombergCities & @nesta_uk #Iteams research http://t.co/1tCfbw4QPI #innovation #publicsector;1;0.0;0.0;1.0;['USER', 'USER', 'HASHTAG', 'research', 'url', 'HASHTAG', 'HASHTAG']
484512446313271298;Birthday dinner - a biscuit & a Rice Krispie treat courtesy of @ali_harlan. Solid twenty minutes at home between tumbling & church.😉 #hangry;0;0.0;0.0;0.0;['birthday', 'dinner', 'biscuit', 'rice', 'krispie', 'treat', 'courtesy', 'USER', 'solid', 'minute', 'home', 'tumble', 'church', 'HASHTAG']
484710692357156864;Smoking cigarettes are a turn off. 😷;0;0.0;0.0;0.0;['smoke', 'cigarette', 'turn']
484910242463891457;Came to a bus stop to watch the fireworks 😂;0;0.0;0.0;0.0;['come', 'bus', 'stop', 'watch', 'firework']
485168452219314177;People gotta stop a the international shirts today and start wearing American shirts -,- 🇺🇸 #usa;0;0.0;0.0;0.0;['people', 'get', 'stop', 'international', 'shirt', 'today', 'start', 'wear', 'american', 'shirt', 'HASHTAG']
486396678669598720;Learn from yesterday, live for today, hope for tomorrow. The important thing is not to stop questioning. - Albert Einstein;0;0.0;0.0;0.0;['learn', 'yesterday', 'today', 'hope', 'tomorrow', 'important', 'thing', 'stop', 'question', 'albert', 'einstein']
486735419053060096;"""Shall we pray before we eat?"" (Note, this is what scholars call a 'rhetorical' question) #FirstDateQuestions";0;0.0;0.0;0.0;['pray', 'eat', 'note', 'scholar', 'rhetorical', 'question', 'HASHTAG']
487505910097395713;truuu “@lilbodyjas: Mixed signals are a bitch lol”;0;0.0;0.0;0.0;['truuu', 'USER', 'mixed', 'signal', 'bitch', 'lol']
488042032825663488;🇺🇸 CBS: Census Data Show U.S. Doesn't Have Shortage of STEM Workers http://t.co/bhPpXhGcYI #WIUNION;1;1.0;1.0;1.0;['cbs', 'census', 'datum', 'shortage', 'stem', 'worker', 'url', 'HASHTAG']
488380082637910016;“@leeezy__: ladies, stop with the knee high gladiator sandals..pls”#fixitJesus;0;0.0;0.0;0.0;['user', 'lady', 'stop', 'knee', 'high', 'gladiator', 'sandalsplsHASHTAG']
488482672965341184;@miscarriage_hlp @BLA_Campaign please help support this movie. Based on the true story of the writer. http://t.co/gW9XpJcxIs #jacobandi;0;0.0;0.0;0.0;['user', 'USER', 'help', 'support', 'movie', 'base', 'true', 'story', 'writer', 'url', 'HASHTAG']
488514739241504768;These birds won't stop cherping!;0;0.0;0.0;0.0;['bird', 'stop', 'cherpe']
489011101586038784;@Bruciebabe @WillardFoxton @doxievee @Nicksb36 @richardcalhoun Same people who believe statistics are a science.;0;0.0;0.0;0.0;['user', 'USER', 'USER', 'USER', 'USER', 'people', 'believe', 'statistic', 'science']
490480937759932416;The head coach surveys the scene at Heritage Park http://t.co/yJrxAyPHTW;0;0.0;0.0;0.0;['head', 'coach', 'survey', 'scene', 'heritage', 'park', 'url']
490727800832151552;"Adversity causes some men to break; others to break records.";1;1.0;0.0;0.0;['adversity', 'cause', 'man', 'break', 'break', 'record']
491594818464657410;Disabled vehicle, center lane blocked in on Rt 128 NB after EX 20 - Rt 9 stop and go traffic from EX 15 - Rt 1, delay of 15 mins #traffic;0;0.0;0.0;0.0;['disabled', 'vehicle', 'center', 'lane', 'block', 'stop', 'traffic', 'delay', 'min', 'HASHTAG']
493121404897095680;#TelAviv: Israelis protesting against #GazaUnderAttack calling on Israeli government to stop the attack http://t.co/hyZA1OQGIW;0;0.0;0.0;0.0;['HASHTAG', 'israelis', 'protest', 'HASHTAG', 'call', 'israeli', 'government', 'stop', 'attack', 'url']
493202938840367105;BY THIS MAGIC LITTLE WHO GRANT EVERY WISH CAUSE IN REALITY;0;0.0;0.0;0.0;['magic', 'little', 'grant', 'wish', 'cause', 'reality']
493775214762000384;@RoxOrganisation proud to be associated with Rox! Well organised professionally run oh and great hospitality thanks to all;0;0.0;0.0;0.0;['USER', 'proud', 'associate', 'rox', 'organise', 'run', 'great', 'hospitality', 'thank']
494471416562327552;Make sure you get down to my mate @timcroninmusic's gig TOMORROW! Raising money for an amazing cause too @for_luca http://t.co/tNgqYbIf91;0;0.0;0.0;0.0;['sure', 'mate', 'user', 'gig', 'tomorrow', 'raise', 'money', 'amazing', 'cause', 'USER', 'url']
496025919849758720;Environmental lawyers are a real thing? I thought it was a fictional occupation created by @HIMYM_CBS & @jasonsegel http://t.co/5Paag2DTb6;0;0.0;0.0;0.0;['environmental', 'lawyer', 'real', 'thing', 'think', 'fictional', 'occupation', 'create', 'USER', 'USER', 'url']
496661452892430336;U.S. Attorney/DEA to announce results of invest. into the distribution of performance enhancing drugs to minors/athletes at 12:30 in Miami;0;0.0;0.0;0.0;['attorneydea', 'announce', 'result', 'invest', 'distribution', 'performance', 'enhance', 'drug', 'minorsathlete', 'miami']
496878982545952769;@opticempire Also http://t.co/pz9yjM6aGp reports it is down;0;0.0;0.0;0.0;['USER', 'url', 'report']
496963334198292480;"""Take aspirin every day for 10 years and cut your chance of bowel/stomach cancer but increase your chance of a stroke or internal bleeding.""";1;1.0;0.0;0.0;['aspirin', 'day', 'year', 'cut', 'chance', 'bowelstomach', 'cancer', 'increase', 'chance', 'stroke', 'internal', 'bleeding']
497168934798630913;“@jomonery1: @lynseybarry @JennyTandy lovely night again ladies!” Gotta stop the espresso martinis though!;0;0.0;0.0;0.0;['user', 'USER', 'USER', 'lovely', 'night', 'lady', 'get', 'stop', 'espresso', 'martini']
498266865157025792;154 rat tumors #MTVHottest Example;0;0.0;0.0;0.0;['rat', 'tumor', 'HASHTAG', 'example']
499772888715894784;All probably from a flea color.... This throwing ups gotta stop at some point right.... 😧;0;0.0;0.0;0.0;['flea', 'color', 'throw', 'get', 'stop', 'point']
501656858562928640;Min.@DipuoPeters in the process of finalizing the scholar trans policy to address safety of learners to school.;0;0.0;0.0;0.0;['minUSER', 'process', 'finalize', 'scholar', 'trans', 'policy', 'address', 'safety', 'learner', 'school']
503669627851780096;A new study suggests that marijuana increases positivity and reduces the negativity in emotional processing.;1;1.0;0.0;1.0;['new', 'study', 'suggest', 'marijuana', 'increase', 'positivity', 'reduce', 'negativity', 'emotional', 'processing']
504475144799399936;Overthinking leads to negative thoughts.;1;1.0;0.0;0.0;['overthinke', 'lead', 'negative', 'thought']
504923849348378625;Furthermore, drinking more water alone actually aids in losing weight.;1;1.0;0.0;0.0;['drink', 'water', 'aid', 'lose', 'weight']
505360614370586626;Desperate climate scam scientists explain away record high Antarctic sea ice extent as being caused by global warming http://t.co/WyqS6AzLIY;1;1.0;1.0;1.0;['desperate', 'climate', 'scam', 'scientist', 'explain', 'record', 'high', 'antarctic', 'sea', 'ice', 'extent', 'cause', 'global', 'warming', 'url']
506084376719798272;Tune into Dawn News to hear some great expert analysis by Zafar Hilali;0;0.0;0.0;0.0;['tune', 'dawn', 'news', 'hear', 'great', 'expert', 'analysis', 'zafar', 'hilali']
506788560456798208;The @nytimes couldn't have picked worse ex. than Bielema at Ark to support research that CFB coaches aren't overpaid: http://t.co/RhOBUcjrgj;0;0.0;0.0;0.0;['USER', 'pick', 'bad', 'bielema', 'ark', 'support', 'research', 'cfb', 'coach', 'overpay', 'url']
509058030869413888;What is the aggregate economic rate of return to foreign #aid? | Channing Arndt, Sam Jones, and Finn Tarp, WIDER http://t.co/xAikUtglDp;1;1.0;1.0;1.0;['aggregate', 'economic', 'rate', 'return', 'foreign', 'HASHTAG', 'channe', 'arndt', 'sam', 'jones', 'finn', 'tarp', 'wide', 'url']
509873947156807680;Concussion 'breathalyser' proposed http://t.co/n7T5NeBAdV Published September 11, 2014 at 01:46AM;1;0.0;1.0;1.0;['concussion', 'breathalyser', 'propose', 'url', 'publish', 'september', '0146am']
509990351696695296;Next profits up on economic revival: Next reports a strong rise in half-year profits as higher house prices an... http://t.co/9rwOJ9EUtb;0;0.0;0.0;0.0;['profit', 'economic', 'revival', 'report', 'strong', 'rise', 'halfyear', 'profit', 'high', 'house', 'price', 'url']
512605990953697280;This #ImplementationScience article describes an intervention program aimed at reducing late life depression symptom…/buff.ly/1tWWwz9;1;0.0;1.0;1.0;['HASHTAG', 'article', 'describe', 'intervention', 'program', 'aim', 'reduce', 'late', 'life', 'depression', 'symptombuffly1twwwz9']
513248243770482688;Children of Fallen Soldiers Relief supports surviving U.S. Military children. Visit & #Donate @ http://t.co/knHA5cCjBZ #VA #DAV;0;0.0;0.0;0.0;['child', 'fall', 'soldier', 'relief', 'support', 'survive', 'military', 'child', 'visit', 'HASHTAG', 'url', 'HASHTAG', 'HASHTAG']
513800792990441473;All Thats Cosplay Video Interview: ATC's Femme Fatale Nicole Salera! See the Video Interview at:… http://t.co/6GsVMYId2y;0;0.0;0.0;0.0;['cosplay', 'video', 'interview', 'atcs', 'femme', 'fatale', 'nicole', 'salera', 'video', 'interview', 'url']
514933598982389760;also cancer is virtually incurable bc all cancers are different :);1;1.0;0.0;0.0;['cancer', 'incurable', 'cancer', 'different']
515516909253853184;Check out this overview of Encouraging #Bible Study from the book “Loaded with Benefits” at http://t.co/FJNHwe0qgC #Christian #Jesus;0;0.0;0.0;0.0;['check', 'overview', 'encourage', 'HASHTAG', 'study', 'book', 'load', 'benefit', 'url', 'HASHTAG', 'HASHTAG']
515861475529728000;@mark Research it.I'd say they fired a missle into the center of that scar so it appeared as If the plane exploded there.Metal pieces?Missle;0;0.0;0.0;0.0;['USER', 'research', 'itid', 'fire', 'missle', 'center', 'scar', 'appear', 'plane', 'explode', 'theremetal', 'piecesmissle']
516646497228947456;Students need to support this team. These are your peers, exceeding expectations and quieting the doubters. They deserve your presence.;0;0.0;0.0;0.0;['student', 'need', 'support', 'team', 'peer', 'exceed', 'expectation', 'quiet', 'doubter', 'deserve', 'presence']
516699078000779264;"Thanks for all of the recent love & support on Twitch & YT! We will be giving away a HUGE @ToastyStickers bundle soon so stay tuned ;)";0;0.0;0.0;0.0;['thank', 'recent', 'love', 'support', 'twitch', 'give', 'huge', 'USER', 'bundle', 'stay', 'tune']
517798883234033665;Search Warrant Leads to Arrest for Cocaine Sales in Pleasanton http://t.co/5dLTEYIqIB;0;0.0;0.0;0.0;['search', 'warrant', 'lead', 'arrest', 'cocaine', 'sale', 'pleasanton', 'url']
518499273285959680;"11 Real-Life Dolls That Are Creepier Than ‘Annabelle’: 11 real life dolls that are a million times scarier than ""Annabelle."" No, really.";0;0.0;0.0;0.0;['reallife', 'doll', 'creepy', 'annabelle', 'real', 'life', 'doll', 'time', 'scary', 'annabelle']
518926568031539201;Bali Women's One Smooth U Side Support Underwire Bra - style 3547 #7111 http://t.co/sMgxxJ51iK http://t.co/YNtBRNYCKw;0;0.0;0.0;0.0;['bali', 'womens', 'smooth', 'support', 'underwire', 'bra', 'style', 'HASHTAG', 'url', 'url']
519171075109056513;"Vice President Biden's visit to L.A. likely to cause delays during rush hour; here's list of areas to avoid: http://t.co/4D3yU971AL";0;0.0;0.0;0.0;['vice', 'president', 'biden', 'visit', 'likely', 'cause', 'delay', 'rush', 'hour', 'here', 'list', 'area', 'avoid', 'url']
520620915722182656;not a full extend bro stop “@AchaFlocka: “@MySportsLegion: Welcome back Kobe. http://t.co/uSXYk6CuqC”------ he pushed off..... 😐😐😐”;0;0.0;0.0;0.0;['extend', 'bro', 'stop', 'USER', 'USER', 'welcome', 'kobe', 'url', 'push']
521767676302356480;Is Ebola a health care system mishap?;1;1.0;0.0;0.0;['ebola', 'health', 'care', 'system', 'mishap']
521850551571861505;Social media is such an unnecessary thing that causes so much drama;0;0.0;0.0;0.0;['social', 'medium', 'unnecessary', 'thing', 'cause', 'drama']
523665628230479872;But wait that was childish lemme stop ✋ lol;0;0.0;0.0;0.0;['wait', 'childish', 'lemme', 'stop', 'lol']
524573573403672576;@tastedmahone @SexMahone *tags and reports to 20 other ppls* #AustinMahoneSexiest;0;0.0;0.0;0.0;['user', 'USER', 'tag', 'report', 'ppls', 'HASHTAG']
526715558562385920;Mondays are a drag;0;0.0;0.0;0.0;['monday', 'drag']
527394348573655041;Is #Ebola being discussed at school? Use this blog to promote #FactsNotFear http://t.co/mcQ9JFG1wa 2 more blogs out this week @wellcometrust;0;0.0;0.0;0.0;['HASHTAG', 'discuss', 'school', 'use', 'blog', 'promote', 'HASHTAG', 'url', 'blog', 'week', 'USER']
527782174037389312;One day after the end of QE, and as the torrent of Q3 earnings reports continues, major U.S. stock index futures are all lower by about 0.4%;0;0.0;0.0;0.0;['day', 'end', 'torrent', 'earning', 'report', 'continue', 'major', 'stock', 'index', 'future', 'low']
527805540475621377;Mr Chakane has thanked media, the PSL, SAPS, SAFA, global icons, and all South Africans for the support to the Meyiwas, Mulaudzis & Mwelases;0;0.0;0.0;0.0;['chakane', 'thank', 'medium', 'psl', 'sap', 'safa', 'global', 'icon', 'south', 'african', 'support', 'meyiwas', 'mulaudzi', 'mwelase']
527823873799385088;Lupus Research Institute Awards $1-Million Grants to Discover What Causes Lupus http://t.co/aXopNmLyI7;1;0.0;0.0;1.0;['lupus', 'research', 'institute', 'awards', 'grant', 'discover', 'cause', 'lupus', 'url']
528250233986514945;.@VirginGalactic reports problem during SpaceShipTwo flight http://t.co/59PxOitX1R;0;0.0;0.0;0.0;['USER', 'report', 'problem', 'spaceshiptwo', 'flight', 'url']
531600924217999361;Did you know that what you eat can affect your productivity level? http://t.co/oiCH1IuAVO;1;1.0;1.0;1.0;['know', 'eat', 'affect', 'productivity', 'level', 'url']
532183622099685377;Functioning Of Human Brain http://t.co/0cmzIMDaje;0;0.0;0.0;0.0;['functioning', 'human', 'brain', 'url']
533478294692585472;Students stop by the student center to sign a poster during lunch time to wish the Women's Soccer team good luck... http://t.co/Un8kTh25pz;0;0.0;0.0;0.0;['student', 'stop', 'student', 'center', 'sign', 'poster', 'lunch', 'time', 'wish', 'women', 'soccer', 'team', 'good', 'luck', 'url']
533605714301050880;Planning a #pizza treat for Saturday? Check out how @PizzaHut has changed its identity http://t.co/xs4QjJ4Pas;0;0.0;0.0;0.0;['plan', 'HASHTAG', 'treat', 'saturday', 'check', 'USER', 'change', 'identity', 'url']
534563454095728640;Perfect teeth are a turn on;1;1.0;0.0;0.0;['perfect', 'tooth', 'turn']
534584777257390081;A fifth of US high school students use tobacco, finds survey http://t.co/CDEj38byNb;1;1.0;1.0;1.0;['fifth', 'high', 'school', 'student', 'use', 'tobacco', 'find', 'survey', 'url']
535561128215347200;What if people treated physical illness like mental illness? http://t.co/QXS9fBP25P;0;0.0;0.0;0.0;['people', 'treat', 'physical', 'illness', 'mental', 'illness', 'url']
535871782910459904;Excessive drinking for women: 4 drinks on one occasion.. OEI!! Most Heavy Drinkers Are Not Alcoholics http://t.co/7pBOCFTpr8;1;1.0;1.0;1.0;['excessive', 'drinking', 'woman', 'drink', 'occasion', 'heavy', 'drinker', 'alcoholic', 'url']
540632409981857792;Sonos releases controller update for iOS and Android with multi-account support and more http://t.co/AXUmYevKxv #Music #Sound #PremiumAudio;0;0.0;0.0;0.0;['sonos', 'release', 'controller', 'update', 'android', 'multiaccount', 'support', 'url', 'HASHTAG', 'HASHTAG', 'HASHTAG']
544215268353134595;Hearingloss occurs gradually with age, but could #Diabetes play a role?http://t.co/irLwmmbzxB http://t.co/4N0hqex5U1 RT;1;1.0;0.0;1.0;['hearingloss', 'occur', 'age', 'HASHTAG', 'play', 'roleurl', 'url']
544737999171231744;Speak Softly Carry @AlverezAmanda FBI reportViolent crime continued to decrease in 2013 while gun sales esc;0;0.0;0.0;0.0;['speak', 'carry', 'USER', 'fbi', 'reportviolent', 'crime', 'continue', 'decrease', 'gun', 'sale', 'esc']
545101981979639808;@Fliggenkrunker Any idea why Smash 4 had a huge increase yesterday? Like, 14 entrants out of nowhere.;0;0.0;0.0;0.0;['USER', 'idea', 'smash', 'huge', 'increase', 'yesterday', 'entrant']
545752191336599553;2X Pure Red Car 3157 68-SMD Brake Tail Stop Light LED Bulbs 3057 3457 4157 3047 - Full read by eBay: Price 4.26 USD… http://t.co/ZW7mDAYQ44;0;0.0;0.0;0.0;['pure', 'red', 'car', '68smd', 'brake', 'tail', 'stop', 'light', 'lead', 'bulb', 'read', 'ebay', 'price', 'usd', 'url']
547961912139317249;Someone needs to tell Santa that checking a list twice still won't prevent time-of-check-to-time-of-use attacks.;0;0.0;0.0;0.0;['need', 'tell', 'santa', 'check', 'list', 'prevent', 'timeofchecktotimeofuse', 'attack']
550993408467038208;#Florida courthouses stop all weddings to avoid performing #gay ceremonies http://t.co/CCn9enkHF9 #gaymarriage #gayrights;0;0.0;0.0;0.0;['HASHTAG', 'courthouse', 'stop', 'wedding', 'avoid', 'perform', 'HASHTAG', 'ceremony', 'url', 'HASHTAG', 'HASHTAG']
551634077766254593;#RezIsSoCold , I called the radio station for the rezroad reports @ 5am, and I got a frozen injun insurance quote by Jake from Statefarm.;0;0.0;0.0;0.0;['HASHTAG', 'call', 'radio', 'station', 'rezroad', 'report', 'get', 'frozen', 'injun', 'insurance', 'quote', 'jake', 'statefarm']
551868891665022977;Climate Change will Cause Irreversible Impacts If Action is Not Taken: IPCC ... - Nature World News http://t.co/2B9P2oZ3zG;1;1.0;1.0;1.0;['climate', 'change', 'cause', 'irreversible', 'impact', 'action', 'take', 'ipcc', 'nature', 'world', 'news', 'url']
552022197703700481;Day 16 Don’t Stop the Sex Please http://t.co/B25wmf4nFN #brazzers #realitykings #mofos #na #nsfw #porn #sex #hot;0;0.0;0.0;0.0;['day', 'stop', 'sex', 'url', 'HASHTAG', 'HASHTAG', 'HASHTAG', 'HASHTAG', 'HASHTAG', 'HASHTAG', 'HASHTAG', 'HASHTAG']
552550000522428417;@Harry_Styles Why did the baker stop making doughnuts? He got tired of the hole thing! ◡̈ follow me if you smiled please? love you**✧*;0;0.0;0.0;0.0;['USER', 'baker', 'stop', 'make', 'doughnut', 'get', 'tired', 'hole', 'thing', 'follow', 'smile', 'love']
554656665208115201;Indonesia retrieves crashed AirAsia QZ8501's flight data recorder - Channel News Asia http://t.co/DOfSy92kPU;0;0.0;0.0;0.0;['indonesia', 'retrieve', 'crash', 'airasia', 'qz8501s', 'flight', 'data', 'recorder', 'channel', 'news', 'asia', 'url']
554713519875440640;BEAGLE 2 http://t.co/H35j3jdcVb THEY FOUND THE BLOODY THING!;0;0.0;0.0;0.0;['beagle', 'url', 'find', 'bloody', 'thing']
555064439607529472;@Shahidmasooddr without due process of justice?;0;0.0;0.0;0.0;['USER', 'process', 'justice']
557196211401150466;"""@aIIeviation: need more money & black clothes""";0;0.0;0.0;0.0;['USER', 'need', 'money', 'black', 'clothe']
557823691871244288;@juliewassmer Campaigners gather in Preston to hand in 6000+ signature petition urging Lancs Co Co to stop #Fracking http://t.co/df2MOqN2cj;0;0.0;0.0;0.0;['user', 'campaigner', 'gather', 'preston', 'hand', 'signature', 'petition', 'urge', 'lanc', 'stop', 'HASHTAG', 'url']
558509530796269569;Mfs be going over they data plan just to twatch people 💀😂;0;0.0;0.0;0.0;['mfs', 'datum', 'plan', 'twatch', 'people']
558623676179156992;First gig of 2015 at @BarCornerstone Didcot with support from the excellent @theaugustlist Fri 6 Feb http://t.co/FuwIndFtWC @Duotonemusic;0;0.0;0.0;0.0;['gig', 'USER', 'didcot', 'support', 'excellent', 'USER', 'fri', 'feb', 'url', 'USER']
558700707658739713;#FF to @Sanwal22 who proved, friendship is much more higher than any nationality...!!! Buzz Follow her for awesome tweets on your TL 🍃💐🍁💐🍃;0;0.0;0.0;0.0;['HASHTAG', 'USER', 'prove', 'friendship', 'high', 'nationality', 'buzz', 'follow', 'awesome', 'tweet']
559050705374154752;.@Oprah Nuclear weapons are a real, deadly problem that entire popul. of world must deal with http://t.co/6SEM76ud2c #SaveFukuChildren;1;1.0;0.0;0.0;['USER', 'nuclear', 'weapon', 'deadly', 'problem', 'entire', 'popul', 'world', 'deal', 'url', 'HASHTAG']
559414683631767553;Bundle Resource: Bundle Resource is a simple module that provides separate Service resource entry for each nod... http://t.co/ieCJcw0O9O;0;0.0;0.0;0.0;['bundle', 'resource', 'bundle', 'resource', 'simple', 'module', 'provide', 'separate', 'service', 'resource', 'entry', 'nod', 'url']
559917547152506880;VIDEO: iOS engineer on integrating #desktop and #mobile http://t.co/FZbnPa1Jg8 #FutureofWork;0;0.0;0.0;0.0;['video', 'ios', 'engineer', 'integrate', 'HASHTAG', 'HASHTAG', 'url', 'HASHTAG']
560029371470471168;The macroeconomic impact of micro-interventions is an important reason why poverty has persisted, despite ... http://t.co/GWfKI78PcY;1;1.0;0.0;0.0;['macroeconomic', 'impact', 'microintervention', 'important', 'reason', 'poverty', 'persist', 'url']
560081393040908289;Twitter is rolling out an update to introduce group messaging and video support http://t.co/uKpdQq6meR #android http://t.co/qqqayBwo8H;0;0.0;0.0;0.0;['roll', 'update', 'introduce', 'group', 'messaging', 'video', 'support', 'url', 'HASHTAG', 'url']
562411971963015168;Big Data, Big Obstacles: Towards a social science of #bigdata. TY @daltonconley et al. http://t.co/6nP0fiAz1j … @data_society;1;0.0;1.0;1.0;['big', 'datum', 'big', 'obstacle', 'social', 'science', 'HASHTAG', 'USER', 'url', 'USER']
563083273602355201;To join the team or need more info, email bgaribaldi@newlifetyler.com #getconnected http://t.co/P5TaVk7FeD;0;0.0;0.0;0.0;['join', 'team', 'need', 'info', 'email', 'HASHTAG', 'url']
564881266864975872;@JLspruill getting to an A's game will be easy as hell cause of BART opposed to a Giants game. how cool!;0;0.0;0.0;0.0;['USER', 'get', 'game', 'easy', 'hell', 'cause', 'bart', 'oppose', 'giants', 'game', 'cool']
567527141903187968;Why Depression Is Underreported In Men http://t.co/wjMzvnOegD;1;1.0;1.0;1.0;['depression', 'underreporte', 'man', 'url']
568088323962507264;"Eyeball Tattoos Are a Bizarre and Disturbing New Trend; http://t.co/hQvXM0oAMm http://t.co/wk9mk3Y5b9";0;0.0;0.0;0.0;['eyeball', 'tattoo', 'bizarre', 'disturbing', 'new', 'trend', 'url', 'url']
568487751731056640;RT @andrewtlamar: legislation to increase transparency in RFP process was approved by the full GA today. Thanks to @ReevesVA for patroning.;0;0.0;0.0;0.0;['USER', 'legislation', 'increase', 'transparency', 'rfp', 'process', 'approve', 'today', 'thank', 'USER', 'patrone']
568779578812055552;Lol niggas in dark movie scenes need more lighting;0;0.0;0.0;0.0;['lol', 'niggas', 'dark', 'movie', 'scene', 'need', 'lighting']
568800068360282112;The House science committee anti-NSF witch hunt is now demanding information on grants in the physical sciences. http://t.co/2tfH4XUeLk;1;0.0;0.0;1.0;['house', 'science', 'committee', 'antinsf', 'witch', 'hunt', 'demand', 'information', 'grant', 'physical', 'science', 'url']
570597474072727552;Coping with levels of explanation in the behavioral sciences https://t.co/C2p0fms0iw;1;0.0;1.0;1.0;['cop', 'level', 'explanation', 'behavioral', 'science', 'url']
572172464580517889;Check out B HEALING STONE & MAGNET PILLOW (THERPIC)HELPS STOP PAIN IN THE BODY http://t.co/3V9oG2aeHV via @eBay;1;1.0;0.0;0.0;['check', 'heal', 'stone', 'magnet', 'pillow', 'therpichelp', 'stop', 'pain', 'body', 'url', 'USER']
573496486501154816;Diabetes Research and New Registry Aim to Improve Outcomes http://t.co/7bHFBRepxv #NCDR;1;0.0;1.0;1.0;['diabete', 'research', 'new', 'registry', 'aim', 'improve', 'outcome', 'url', 'HASHTAG']
573656331485192192;"ICYMI: Harrison Ford in ""fair to moderate"" condition after crashing his plane, US reports say http://t.co/McSRk0nQYR http://t.co/brGTRJYE6u";0;0.0;0.0;0.0;['icymi', 'harrison', 'ford', 'fair', 'moderate', 'condition', 'crash', 'plane', 'report', 'url', 'url']
575080590958964736;Psychedelic drug use could reduce psychological distress, suicidal thinking #science http://t.co/Ft1kMPSZaC http://t.co/0VFGsmv3d6;1;1.0;1.0;1.0;['psychedelic', 'drug', 'use', 'reduce', 'psychological', 'distress', 'suicidal', 'thinking', 'HASHTAG', 'url', 'url']
576065596590161920;Although a relationship looks good on paper, there are a few t... More for Leo http://t.co/XEePhl8vNN;0;0.0;0.0;0.0;['relationship', 'look', 'good', 'paper', 'leo', 'url']
576144390755786753;Cassini confirms hydrothermal activity in ocean on Saturn's moon: Brooks HaysWASHINGTON, March 12 (UPI) -- NAS... http://t.co/JfyHeHtLCP;1;1.0;1.0;1.0;['cassini', 'confirm', 'hydrothermal', 'activity', 'ocean', 'saturn', 'moon', 'brooks', 'hayswashington', 'march', 'upi', 'nas', 'url']
576277522158989312;Although a relationship looks good on paper, there are a few t... More for Leo http://t.co/9kHSBNxwL8;0;0.0;0.0;0.0;['relationship', 'look', 'good', 'paper', 'leo', 'url']
577264538376151040;People with sight loss can face at least 25% higher costs for everyday living, says new study http://t.co/c7wfVnwQ1Y;1;1.0;1.0;1.0;['people', 'sight', 'loss', 'face', 'high', 'cost', 'everyday', 'living', 'say', 'new', 'study', 'url']
578540328224845824;"via @medical_xpress A new in vitro (test tube) study, ""Dietary functional benefits of Bartlet... http://t.co/Qv1C1GjQin #UFO4UBlogHealth";1;0.0;1.0;1.0;['USER', 'new', 'test', 'tube', 'study', 'dietary', 'functional', 'benefit', 'bartlet', 'url', 'HASHTAG']
578942591317647360;Marc by Marc Jacobs folding into @marcjacobs line reports @wwd http://t.co/kGxzQZb99k #Fashion #Retail;0;0.0;0.0;0.0;['marc', 'marc', 'jacobs', 'fold', 'USER', 'line', 'report', 'USER', 'url', 'HASHTAG', 'HASHTAG']
579050929837760512;"How is a country that holds 25MILLION Kurds find pro-Kurdish protests ""wrong"", but avidly support pro-Palestine ones? http://t.co/5oeHcs7LXv";0;0.0;0.0;0.0;['country', 'hold', 'kurd', 'find', 'prokurdish', 'protest', 'wrong', 'support', 'propalestine', 'one']
580972622399291392;European Union and Turkey in the Post Arab Spring Era: Mapping Strategic Interests in the Turbulent Neighborhood: http://t.co/sKWSmSL9QI;1;0.0;1.0;1.0;['european', 'union', 'turkey', 'post', 'arab', 'spring', 'era', 'map', 'strategic', 'interest', 'turbulent', 'neighborhood', 'url']
581216982026063872;Any chance @Number10gov & @ukhomeoffice will comment on increase in confidence of Police in a positive way.;0;0.0;0.0;0.0;['chance', 'USER', 'USER', 'comment', 'increase', 'confidence', 'police', 'positive', 'way']
584128760141615104;foot on the gas, im just tryin to pass all the red lights & the stop signs;0;0.0;0.0;0.0;['foot', 'gas', 'tryin', 'pass', 'red', 'light', 'stop', 'sign']
586476458907959296;Companies report 48% increase in attempted cyber security breaches http://t.co/wUdCJb7y8v #DGInsights #cybersecurity http://t.co/a38n3hZg70;1;1.0;0.0;0.0;['company', 'report', 'increase', 'attempt', 'cyber', 'security', 'breach', 'url', 'HASHTAG', 'HASHTAG', 'url']
586896526837972992;Study: Shifts in electricity generation spur net job growth, but coal jobs decline - via @DukeU http://t.co/AXGmKUPata;1;1.0;1.0;1.0;['study', 'shift', 'electricity', 'generation', 'spur', 'net', 'job', 'growth', 'coal', 'job', 'decline', 'USER', 'url']
587154820450033665;Horse chase leads to arrest, beating | http://t.co/djbPIyaG4w http://t.co/ye4AkyA6bo;0;0.0;0.0;0.0;['horse', 'chase', 'lead', 'arrest', 'beat', 'url', 'url']
588344815856812032;“Overzealous, dangerous patriotism”: School nurse refused to treat student who didn’t stand for Pledge of Allegiance http://t.co/MFkJLOVdl8;0;0.0;0.0;0.0;['overzealous', 'dangerous', 'patriotism', 'school', 'nurse', 'refuse', 'treat', 'student', 'stand', 'pledge', 'allegiance', 'url']
589308960450039808;@Smurfhawk31 @BHMjohnECS Just need more playing time w/ each other. S'all good. Frustrating.;0;0.0;0.0;0.0;['user', 'USER', 'need', 'playing', 'time', 'sall', 'good', 'frustrating']
589534492395704320;coumadin decreased sex drive men http://t.co/zfRNn4MMc6;1;1.0;0.0;0.0;['coumadin', 'decrease', 'sex', 'drive', 'man', 'url']
591307080277094400;"""For some reason there are a disproportionate number of Patriots fans [working] in the White House."" -";0;0.0;0.0;0.0;['reason', 'disproportionate', 'number', 'patriot', 'fan', 'work', 'white', 'house']
592145135711887361;All approx. 1200 houses have been collapsed in #Barpak #Gorkha, epicenter of #NepalQuake reports state radio reporter from #Gorkha.;0;0.0;0.0;0.0;['approx', 'house', 'collapse', 'HASHTAG', 'HASHTAG', 'epicenter', 'HASHTAG', 'report', 'state', 'radio', 'reporter', 'HASHTAG']
592793990870740993;This is a child molesters dream -->> RT @ActionNewsJax: Parents urged to support free-range (cont) http://t.co/1Hf5uze2LJ;0;0.0;0.0;0.0;['child', 'molester', 'dream', 'USER', 'parent', 'urge', 'support', 'freerange', 'cont', 'url']
593097629107650561;Cyber Security Webinar starting now: Challenges Associated With Defending Cyber Threats - http://t.co/hbw2fNhu39;0;0.0;0.0;0.0;['cyber', 'security', 'webinar', 'start', 'challenge', 'associate', 'defend', 'cyber', 'threat', 'url']
595610067564679169;Her own idea a hidden ammonite loaf with hammer @JeaniiBean geologist despair #geobakeoff http://t.co/656piiQ2Bt;0;0.0;0.0;0.0;['idea', 'hidden', 'ammonite', 'loaf', 'hammer', 'USER', 'geologist', 'despair', 'HASHTAG', 'url']
596312357640474624;Can organic feed the world? http://t.co/8YJnht4Fi7;1;1.0;1.0;1.0;['organic', 'feed', 'world', 'url']
597534145808605184;More Sex Doesn’t Lead To More Happiness, Reveals New Study. Surprised? – Tech Times http://t.co/jtKodFKWmV;1;1.0;0.0;0.0;['sex', 'lead', 'happiness', 'reveal', 'new', 'study', 'surprise', 'tech', 'time', 'url']
598917676484972544;Nuke deal w/ #Iran increase terror #IslamicExtremism #StopGodFatherofISIS see👉 Video Clip 😢? https://t.co/BwDTkhcxkV http://t.co/V1iplF2QDd;0;0.0;0.0;0.0;['nuke', 'deal', 'HASHTAG', 'increase', 'terror', 'HASHTAG', 'HASHTAG', 'video', 'clip', 'url', 'url']
599179022552145920;3mo after #DressGate, 3 research teams explore the science behind the #blueandblack / #whiteandgold dress http://t.co/7FwbJg0RpG @nytimes;1;0.0;1.0;1.0;['HASHTAG', 'research', 'team', 'explore', 'science', 'HASHTAG', 'HASHTAG', 'dress', 'url', 'USER']
599657600272084992;SPC Tornado Watch 175 Status Reports http://t.co/QjbHrks4tN;0;0.0;0.0;0.0;['spc', 'tornado', 'watch', 'status', 'report', 'url']
601024654765985792;#MSGDonated4Million to support the research of Thalassemia & AIDS cure;1;0.0;0.0;1.0;['HASHTAG', 'support', 'research', 'thalassemia', 'aids', 'cure']
601044828806320128;@and_orca The London Guardians' feature about JAZA which will stop buying dolphins from Taiji: http://t.co/6uhNavwesN #thecove;0;0.0;0.0;0.0;['USER', 'london', 'guardians', 'feature', 'jaza', 'stop', 'buy', 'dolphin', 'taiji', 'url', 'HASHTAG']
601417479961718784;Wistrich's Last Article: stop downplaying #antisemitism in Muslim world & on world stage. http://t.co/oF3JaTXSK3 http://t.co/rDH6cFDtLN;0;0.0;0.0;0.0;['article', 'stop', 'downplay', 'HASHTAG', 'muslim', 'world', 'world', 'stage', 'url', 'url']
602178954267525122;#PhysicalActivity is imp at every age, esp bc it can help strengthen bones & muscles & prevent falls. #ActiveAgeing http://t.co/B7gXec7gCG;1;1.0;0.0;0.0;['HASHTAG', 'imp', 'age', 'esp', 'help', 'strengthen', 'bone', 'muscle', 'prevent', 'fall', 'HASHTAG', 'url']
603196275853500418;.@VCUBaseball will be honored prior to tonight's @GoSquirrels game. First pitch is 6:35, get there around 6 to support the Rams! #LetsGoVCU;0;0.0;0.0;0.0;['USER', 'honor', 'tonight', 'USER', 'game', 'pitch', 'support', 'ram', 'HASHTAG']
605701936592109568;'Virgin-born' sawfish are a first in the wild http://t.co/Y2FfBiJtCe http://t.co/IWS4Cpp2au;1;1.0;1.0;1.0;['virginborn', 'sawfish', 'wild', 'url', 'url']
606626544438550528;Look 4 @LuParker KTLA 5 story re Step Up members Monday 10pm. It will be special. Thx 2 @trevor_neilson 4 ur support http://t.co/xS8ca9utLE;0;0.0;0.0;0.0;['look', 'USER', 'ktla', 'story', 'step', 'member', 'monday', 'special', 'thx', 'USER', 'support', 'url']
606960382654193664;Dear Telltale, Stop sucking Game of Thrones' dick and make Tales from the Borderlands. Sincerely, Trustfungus;0;0.0;0.0;0.0;['dear', 'telltale', 'stop', 'suck', 'game', 'throne', 'dick', 'tale', 'borderland']
607583719138971648;Thanks for all the support ☀️💪#hawaii #oahu #lunch #sunday #cardio #fitness #fitspo #cool… https://t.co/ngdLLhNgSl;0;0.0;0.0;0.0;['thank', 'support', 'HASHTAG', 'HASHTAG', 'HASHTAG', 'HASHTAG', 'HASHTAG', 'HASHTAG', 'HASHTAG', 'HASHTAG', 'url']
607647619368677377;UPDATE: Police Identify Two Found Dead In House Fire, Release Cause http://t.co/36ItHRuZAt;0;0.0;0.0;0.0;['update', 'police', 'identify', 'find', 'dead', 'house', 'fire', 'release', 'cause', 'url']
610995064030953472;Beauty Tips : Blood Sugar Support Cardiovascular Health Dietary Supplement (6 Bottles) http://t.co/bp6W50L2yX #892;1;1.0;0.0;0.0;['beauty', 'tip', 'blood', 'sugar', 'support', 'cardiovascular', 'health', 'dietary', 'supplement', 'bottle', 'url', 'HASHTAG']
611146298067030016;#WeightLoss #Program Conquering The Excess Weight Of Diet Program Failure Statistics http://t.co/1d3No26Zz7 #LadyGaga #Diet;0;0.0;0.0;0.0;['HASHTAG', 'HASHTAG', 'conquer', 'excess', 'weight', 'diet', 'program', 'failure', 'statistic', 'url', 'HASHTAG', 'HASHTAG']
611615660393799680;Near-fasting for 5 days a month reduces body fat, study finds (w/link): http://t.co/aTs1ZzTJKZ http://t.co/hhZDyVEPCy;1;1.0;1.0;1.0;['nearfaste', 'day', 'month', 'reduce', 'body', 'fat', 'study', 'find', 'wlink', 'url', 'url']
614254522320334852;Treatment of #MetastaticColorectalCancer: focus on #panitumumab: http://t.co/COfHoJfk63 http://t.co/rmP7WnSmMy;1;0.0;1.0;1.0;['treatment', 'HASHTAG', 'focus', 'HASHTAG', 'url', 'url']
614435460505415682;there is no medicines for men to treat #fakecases #scrap498a #purushayog http://t.co/60znEWmhhY @karkhanisamit;0;0.0;0.0;0.0;['medicine', 'man', 'treat', 'HASHTAG', 'HASHTAG', 'HASHTAG', 'url', 'USER']
614895100007571460;@AngelRaven2 Nickie > Saw is making a Twit Support Page. Plz send YOUR Info & any Group U want mentioned to email / Sawstrong2015@aol.com;0;0.0;0.0;0.0;['USER', 'nickie', 'see', 'make', 'twit', 'support', 'page', 'send', 'info', 'group', 'want', 'mention', 'email']
615476753373401088;""" Mazda open to Le Mans 24 Hour return: Engineer in charge of 1991’s winning car tells TG that he wants ... http://t.co/UKyKEF2quk #cars";0;0.0;0.0;0.0;['mazda', 'open', 'mans', 'hour', 'return', 'engineer', 'charge', '1991', 'win', 'car', 'tell', 'want', 'url', 'HASHTAG']
616187058751713280;Quick water stop at @toysrusuk Liverpool #gottahydrate! http://t.co/1l8xGguesW;0;0.0;0.0;0.0;['quick', 'water', 'stop', 'USER', 'liverpool', 'HASHTAG', 'url']
616821602412445696;Student Life #3: Valentines #Date, Metrosexuality & Lower Body Strength http://t.co/2sAGunei9j #rtBYme #chivalry;0;0.0;0.0;0.0;['student', 'life', 'HASHTAG', 'valentine', 'HASHTAG', 'metrosexuality', 'low', 'body', 'strength', 'url', 'HASHTAG', 'HASHTAG']
616862956752519170;#politas Eric Abetz threatening State Liberals who support marriage equality. This man is a thug. Stand up Liberals with conscience;0;0.0;0.0;0.0;['HASHTAG', 'eric', 'threaten', 'state', 'liberal', 'support', 'marriage', 'equality', 'man', 'thug', 'stand', 'liberal', 'conscience']
617298758997381120;Pain changes people;1;1.0;0.0;0.0;['pain', 'change', 'people']
617706053849911300;Political science https://t.co/Bl5B3cDsRI;0;0.0;0.0;0.0;['political', 'science', 'url']
618440645691113473;The earth sciences examine the structure and composition of our planet http://t.co/jMUTEs8dUv;1;1.0;0.0;1.0;['earth', 'science', 'examine', 'structure', 'composition', 'planet', 'url']
618456205317513217;People who are hating on this stupid #dontjudgechallenge need to stop being so sensitive and get off social media.;0;0.0;0.0;0.0;['people', 'hat', 'stupid', 'HASHTAG', 'need', 'stop', 'sensitive', 'social', 'medium']
621383456921141252;The carbon footprint of a glass of milk has shrunk by 2/3 in the last 50 years due to improved health, nutrition, and genetics #JAM2015;1;1.0;0.0;0.0;['carbon', 'footprint', 'glass', 'milk', 'shrink', 'year', 'improved', 'health', 'nutrition', 'genetic', 'HASHTAG']
622292275037622272;Magic!!!!😂😂 #weirdwater #science #how? http://t.co/DIz4iBDau1 http://t.co/yUdQFDaHpw;0;0.0;0.0;0.0;['magic', 'HASHTAG', 'HASHTAG', 'HASHTAG', 'url', 'url']
622405366073024517;@xxx7h3kingxxx Local NC rap artist looking to gain local support #followback would be very much appreciated, thanks;0;0.0;0.0;0.0;['USER', 'local', 'rap', 'artist', 'look', 'gain', 'local', 'support', 'HASHTAG', 'appreciated', 'thank']
622676246795661312;yes. Gilinsky may look so much more sexier than Johnson. but that doesn'5 mean u support one Jack only.. -_- #johnsonmatters;0;0.0;0.0;0.0;['gilinsky', 'look', 'sexy', 'johnson', 'doesn5', 'mean', 'support', 'jack', 'HASHTAG']
623778651042091008;[NEW POST] from #BeerToday #Beer - Kernel to stop Saturday bar sessions http://t.co/sUFx2SSQeM The Kernel Brewery in London is to cease …;0;0.0;0.0;0.0;['new', 'post', 'HASHTAG', 'HASHTAG', 'kernel', 'stop', 'saturday', 'bar', 'session', 'url', 'kernel', 'brewery', 'london', 'cease']
624192030542053377;Marilyn going to Great Day Live to promote Cruisin the Heartland http://t.co/BEJdZOKEcm;0;0.0;0.0;0.0;['marilyn', 'great', 'day', 'live', 'promote', 'cruisin', 'heartland', 'url']
624194981440409600;Less than a third of Finns support #Fennovoima nuclear plant http://t.co/WBoJk9Fz1y;0;0.0;0.0;0.0;['finns', 'support', 'HASHTAG', 'nuclear', 'plant', 'url']
625141281216401408;Next time someone looks at bella, notice how one shoulder is higher than the other. Like an ogre???;0;0.0;0.0;0.0;['time', 'look', 'bella', 'notice', 'shoulder', 'high', 'ogre']
625887657617309696;@therealagentk: @herecease @mariellite that's my girl. Now— build bridges to the Heavens and don't stop there.;0;0.0;0.0;0.0;['user', 'USER', 'USER', 'girl', 'build', 'bridge', 'heaven', 'stop']
625919376051564544;Turkey provides air support for #Syria opposition http://t.co/mcAj9Is4Pr #Breaking #LeMonde #News;0;0.0;0.0;0.0;['turkey', 'provide', 'air', 'support', 'HASHTAG', 'opposition', 'url', 'HASHTAG', 'HASHTAG', 'HASHTAG']
626275995646062592;#Deals : New Improved Unique Color Therapy Lamps Light Promotes Wellness Health http://t.co/NJTKhFgizu #Beauty … http://t.co/u65daPcbA6;1;1.0;0.0;0.0;['HASHTAG', 'new', 'improve', 'unique', 'color', 'therapy', 'lamp', 'light', 'promote', 'wellness', 'health', 'url', 'HASHTAG', 'url']
626391334815830016;@minmsme MAIT is devoted 2 promote R&D in Stds & Open Tech, thats long pending thru 'National centre for e-Gov stds & tech'. @anwarzs #SME;0;0.0;0.0;0.0;['USER', 'mait', 'devoted', 'promote', 'stds', 'open', 'tech', 'long', 'pende', 'national', 'centre', 'egov', 'stds', 'tech', 'USER', 'HASHTAG']
627031498827247616;Carrefour Reports Sharp Decline in Profit http://t.co/cKxuPxqFB0 #WSJ #USBusiness | https://t.co/qDEcMlSUlF http://t.co/3uX3gD6WkL;0;0.0;0.0;0.0;['carrefour', 'report', 'sharp', 'decline', 'profit', 'url', 'HASHTAG', 'HASHTAG', 'url', 'url']
628264846497292288;"""The brain is extraordinarily good at alerting us to threats"". http://t.co/mfqFaO0Wpn";1;1.0;1.0;1.0;['brain', 'good', 'alert', 'threat', 'url']
628611128260608000;Why might women feel temperature differently to men?: Why might women feel temperature differently to men? http://t.co/vXGjFO55aw;1;1.0;1.0;1.0;['woman', 'feel', 'temperature', 'man', 'woman', 'feel', 'temperature', 'man', 'url']
630798260672811008;been taking a constant break down for about 3 days now, like can u stop pls;0;0.0;0.0;0.0;['take', 'constant', 'break', 'day', 'stop']
631011188705374208;"ariwinokur on ""Rates questions/google analytics/GB space and more"" http://t.co/5W5V90Dce4";0;0.0;0.0;0.0;['ariwinokur', 'rate', 'questionsgoogle', 'analyticsgb', 'space', 'url']
631725730326552576;Weed: Good for the Bones? YES! by Stephanie Pappas, Live Science Contributor http://t.co/L4pERvnmmo http://t.co/pPBGZwZLBG;1;1.0;1.0;1.0;['weed', 'good', 'bone', 'stephanie', 'pappa', 'live', 'science', 'contributor', 'url', 'url']
631828683704172545;Farting helps reduce high blood pressure and is good for your health. Isn’t it funny and healthy?  http://t.co/aiAnQvFfiW #physio #herts;1;1.0;0.0;0.0;['fart', 'help', 'reduce', 'high', 'blood', 'pressure', 'good', 'health', 'funny', 'healthy', 'url', 'HASHTAG', 'HASHTAG']
633000858511273984;Retweet if you know this game FAV if you would Join for war! Search up The Disciples Need more consistent people!😎 http://t.co/okoFdpMr1Q;0;0.0;0.0;0.0;['retweet', 'know', 'game', 'fav', 'join', 'war', 'search', 'disciple', 'need', 'consistent', 'people', 'url']
635545969057222656;#ClimateChange & rising temps increase #health #risks in several ways: http://t.co/k83V1EJCHU #climateaction http://t.co/MOzNKxzGmS;1;1.0;1.0;1.0;['HASHTAG', 'rise', 'temp', 'increase', 'HASHTAG', 'HASHTAG', 'way', 'url', 'HASHTAG', 'url']
636605433478836224;@lordstoddart Tell Fulani settlers to STOP intimidating & terrorising indigenous nations in WestAfrica.https://t.co/8ZruWRqCd2;0;0.0;0.0;0.0;['USER', 'tell', 'fulani', 'settler', 'stop', 'intimidate', 'terrorise', 'indigenous', 'nation', 'westafricaurl']
638692179838377984;Black men should stop having sex with black hookers http://t.co/oGo8lFyNta;0;0.0;0.0;0.0;['black', 'man', 'stop', 'have', 'sex', 'black', 'hooker', 'url']
641614791858089985;Bill to Stop Police Cellphone Intrusions Passes Legislature... #news #LA #LosAngeles http://t.co/2U02vSW1GR;0;0.0;0.0;0.0;['bill', 'stop', 'police', 'cellphone', 'intrusion', 'pass', 'legislature', 'HASHTAG', 'HASHTAG', 'HASHTAG', 'url']
642542420907810816;Video: The process of hand making a book the old fashioned way is a lost magical art http://t.co/zOJ9K4OVDh;0;0.0;0.0;0.0;['video', 'process', 'hand', 'make', 'book', 'old', 'fashioned', 'way', 'lost', 'magical', 'art', 'url']
647419303193501699;Understanding public perceptions of risk regarding outdoor pet cats to inform #conservation action: #AcceptedArticle http://t.co/l5F4yfEVs6;1;0.0;1.0;1.0;['understand', 'public', 'perception', 'risk', 'outdoor', 'pet', 'cat', 'inform', 'HASHTAG', 'action', 'HASHTAG', 'url']
648267629103288320;Patients w/ prolonged, undiagnosed medical conditions can sign up for national @NIH program seeking answers http://t.co/sbM7tvIppK #rarepov;0;0.0;0.0;0.0;['patient', 'prolong', 'undiagnosed', 'medical', 'condition', 'sign', 'national', 'USER', 'program', 'seek', 'answer', 'url', 'HASHTAG']
650258639404593152;UK government acts to stop councils divesting from Israeli occupation https://t.co/2WGvL9OifP #BDS #armstrade;0;0.0;0.0;0.0;['government', 'act', 'stop', 'council', 'divest', 'israeli', 'occupation', 'url', 'HASHTAG', 'HASHTAG']
650847249174433793;The happier you are, the less sleep you require to function in everyday life. Sadness increases the urge to sleep more.;1;1.0;0.0;0.0;['happy', 'sleep', 'require', 'function', 'everyday', 'life', 'sadness', 'increase', 'urge', 'sleep']
652096793761710080;@thejanicexxx Good point! http://t.co/QFinApb7w1;0;0.0;0.0;0.0;['USER', 'good', 'point', 'url']
652858156402393088;Alternative Ways To Get Menstrual Pain Relief http://t.co/tsk21O2ksQ;0;0.0;0.0;0.0;['alternative', 'way', 'menstrual', 'pain', 'relief', 'url']
653391282455232513;High school does, in fact ,change people.;1;1.0;0.0;0.0;['high', 'school', 'fact', 'change', 'people']
654119572350459905;Lubicon Cree Nation turns to solar power to end fossil fuel nightmare: Please support our coverage of… http://t.co/9YMYdDhOH0 | @rabbleca;0;0.0;0.0;0.0;['lubicon', 'cree', 'nation', 'turn', 'solar', 'power', 'end', 'fossil', 'fuel', 'nightmare', 'support', 'coverage', 'url', 'USER']
654672394204786689;that this interest was somehow the cause @SBS_MTV #더쇼 #GOT7;0;0.0;0.0;0.0;['interest', 'cause', 'USER', 'HASHTAG']
658494852200574976;Tomato Planting Tips That Lead To Healthy Tomato Plants https://t.co/AGMz3vuEFA;0;0.0;0.0;0.0;['tomato', 'planting', 'tip', 'lead', 'healthy', 'tomato', 'plant', 'url']
658984052213555200;Support direct community-2-community learning to stop destructive mining projects in Oaxaca! https://t.co/P8uXaSR1R3 https://t.co/4U9PF6RthT;0;0.0;0.0;0.0;['support', 'direct', 'community2community', 'learning', 'stop', 'destructive', 'mining', 'project', 'oaxaca', 'url', 'url']
659440948758228992;NORAD blimp on the loose: A blimp associated with NORAD's surveillance of the East Coast has become untethered... https://t.co/SlMnFUg2if;0;0.0;0.0;0.0;['norad', 'blimp', 'loose', 'blimp', 'associate', 'norad', 'surveillance', 'east', 'coast', 'untethered', 'url']
660146321635074050;Samsung Display Technologies Support Vision for Affordable Excellence in High Education. https://t.co/ltYxwF1j95 https://t.co/rf8M0LSQfq;0;0.0;0.0;0.0;['samsung', 'display', 'technology', 'support', 'vision', 'affordable', 'excellence', 'high', 'education', 'url', 'url']
660432968763117570;when will the underwear stop flying;0;0.0;0.0;0.0;['underwear', 'stop', 'fly']
660967121766125568;#EurekaMag Development of monozoic forms of Echinococcus granulosus during in vitro culture https://t.co/vJ0jFgS586;1;0.0;1.0;1.0;['HASHTAG', 'development', 'monozoic', 'form', 'echinococcus', 'granulosus', 'culture', 'url']
661186349655977984;Hope ion gotta talk to the judge cause imma look high as hell;0;0.0;0.0;0.0;['hope', 'ion', 'get', 'talk', 'judge', 'cause', 'imma', 'look', 'high', 'hell']
661310677206855680;George #Boole Boolean logic inventor b OTD 1815: his Cork plaque https://t.co/y20LI0xGyQ #Boole200 @georgeboole200 https://t.co/3Ufu08KrrW;1;0.0;0.0;1.0;['george', 'HASHTAG', 'boolean', 'logic', 'inventor', 'otd', 'cork', 'plaque', 'url', 'HASHTAG', 'USER', 'url']
662067619055341569;#EurekaMag Culture of Schistosoma haematobium and the effects of immune sera in vitro https://t.co/fBCbuazCgI;1;0.0;1.0;1.0;['HASHTAG', 'culture', 'schistosoma', 'haematobium', 'effect', 'immune', 'sera', 'url']
662199169227104256;Always apply the titles when making introductions. GOOD judgment and GOOD manners are a MUST!;0;0.0;0.0;0.0;['apply', 'title', 'make', 'introduction', 'good', 'judgment', 'good', 'manner']
662527981668007936;#EurekaMag Consumption and fate of aflatoxin B1 by lactating cows https://t.co/uhkkIHRBkN;1;0.0;1.0;1.0;['HASHTAG', 'consumption', 'fate', 'aflatoxin', 'lactate', 'cow', 'url']
662557646864703488;#start2016right What new habit, if you started now, would change your life? Join the Facebook group for support https://t.co/mC5Y02lbee;0;0.0;0.0;0.0;['HASHTAG', 'new', 'habit', 'start', 'change', 'life', 'join', 'facebook', 'group', 'support', 'url']
663601979327954944;USB Quick Connect Mini Portable DR Video Recording Camera https://t.co/CsvLuY1WDT https://t.co/qP2ZbbyUon;0;0.0;0.0;0.0;['quick', 'connect', 'mini', 'portable', 'video', 'recording', 'camera', 'url', 'url']
663635303081443328;#Lebanon Lufthansa cabin crew strike affects 113,000 passengers https://t.co/nnsFSCmwUt Via @DailyStarLeb;0;0.0;0.0;0.0;['HASHTAG', 'lufthansa', 'cabin', 'crew', 'strike', 'affect', 'passenger', 'url', 'USER']
665652255803092992;@Saltydre23 if he wants to murder you. Stop by a sidewalk cafe or attend a concert.;0;0.0;0.0;0.0;['USER', 'want', 'murder', 'stop', 'sidewalk', 'cafe', 'attend', 'concert']
666039499097399296;342 live tickets in pick 6 How many are associated with the O'Neill group?;0;0.0;0.0;0.0;['live', 'ticket', 'pick', 'associate', 'oneill', 'group']
666281849031823360;Epilepsy & Vaccination: https://t.co/sbMTAxTr6m *TVM to .@miles_wilma for finding this & heart felt get well wishes for @Stutzy6's Jeremey❤️;0;0.0;0.0;0.0;['epilepsy', 'vaccination', 'url', 'USER', 'find', 'heart', 'feel', 'wish', 'USERs', 'jeremey']
666597421250580480;PTSD Twice As Likely For... https://t.co/zjwenFdkb2 #conscioushealthsolutions #health;1;0.0;1.0;1.0;['ptsd', 'likely', 'url', 'HASHTAG', 'HASHTAG']
667355564754644992;@ThomasWictor According to delusional leftist academic interviewed by @abcnews the best way 2 stop ISIS terror is to not 'ostracise' Muslims;0;0.0;0.0;0.0;['USER', 'accord', 'delusional', 'leftist', 'academic', 'interview', 'USER', 'good', 'way', 'stop', 'isis', 'terror', 'ostracise', 'muslim']
668789221910441984;Study finds less than 6% of Earth's modern groundwater is renewable within a human lifetime -- Earth Changes -- https://t.co/bAXoUJvjW4;1;1.0;1.0;1.0;['study', 'find', 'earth', 'modern', 'groundwater', 'renewable', 'human', 'lifetime', 'earth', 'change', 'url']
671341696899293186;Attenborough: 'Solar energy should undercut oil.' He's bang on the money. https://t.co/znmRByvpj8;0;0.0;0.0;0.0;['attenborough', 'solar', 'energy', 'undercut', 'oil', 'bang', 'money', 'url']
672473607574962176;India is standing for #Chennai & #aap MLA for increase salary;0;0.0;0.0;0.0;['india', 'stand', 'HASHTAG', 'HASHTAG', 'mla', 'increase', 'salary']
672548895365427200;#Honduran army goes to war against invading bugs https://t.co/uh2nnuVAlx;0;0.0;0.0;0.0;['HASHTAG', 'army', 'war', 'invade', 'bug', 'url']
673022776182112257;The low sun angle and the reflective surface of the fresh snow slowing the melting process of the snowpack #ndwx https://t.co/tIG2TYSw91;1;1.0;0.0;0.0;['low', 'sun', 'angle', 'reflective', 'surface', 'fresh', 'snow', 'slow', 'melting', 'process', 'snowpack', 'HASHTAG', 'url']
674050317756051456;So do strippers just wait to be saved to stop being strippers ?;0;0.0;0.0;0.0;['stripper', 'wait', 'save', 'stop', 'stripper']
674730542529687552;How will #climatechange affect food security? https://t.co/Ns7eyq9Pn5 #COP21 https://t.co/eleF4SDNdM;1;1.0;1.0;1.0;['HASHTAG', 'affect', 'food', 'security', 'url', 'HASHTAG', 'url']
675394604766728192;Ladies would you date a busty gentleman that wore a manssiere for titty support?;0;0.0;0.0;0.0;['lady', 'date', 'busty', 'gentleman', 'wear', 'manssiere', 'titty', 'support']
675946445158162432;CyberAnonymous: Reuters: Armed man shot in Pennsylvania Walmart: reports https://t.co/9kgJdlZF5m https://t.co/kZ25sLE7JA;0;0.0;0.0;0.0;['cyberanonymous', 'reuter', 'armed', 'man', 'shoot', 'pennsylvania', 'walmart', 'report', 'url', 'url']
676125881681727488;VIDEO: Dr. Keith Flaherty talks about the genetics of cancer, #targetedtherapy, #clinicaltrials, precision medicine https://t.co/oFjd4YEEZe;1;0.0;0.0;1.0;['video', 'keith', 'flaherty', 'talk', 'genetic', 'cancer', 'HASHTAG', 'HASHTAG', 'precision', 'medicine', 'url']
676349341611765760;#USAfricaBF Notice: Paris teacher stabbed by man who yelled support for #ISIS: … https://t.co/7aaA1G7GJl https://t.co/T82KfzHa57;0;0.0;0.0;0.0;['HASHTAG', 'notice', 'paris', 'teacher', 'stab', 'man', 'yell', 'support', 'HASHTAG', 'url', 'url']
678856461666131968;@Pimp__ stop this life 😡;0;0.0;0.0;0.0;['USER', 'stop', 'life']
679003730923122688;Speaking of galaxies, the Milky Way is now visible in @ESA/@NASA SOHO/LASCO images https://t.co/4iHU09D3yg https://t.co/WQXD6DUtvR;1;1.0;1.0;1.0;['speak', 'galaxy', 'milky', 'way', 'visible', 'USERUSER', 'soholasco', 'image', 'url', 'url']
679303205356965888;mActive study uses personalized texts, pedometers, and smartphones to increase physical activity https://t.co/PuAQlBvECi #activitytracker …;1;1.0;1.0;1.0;['mactive', 'study', 'use', 'personalized', 'text', 'pedometer', 'smartphone', 'increase', 'physical', 'activity', 'url', 'HASHTAG']
682059890710425600;Best Web Hosting, FREE Domain, Free Site Builders, FREE 24-7 Support 30 day money-back Guarantee https://t.co/cANPn1Pfkm;0;0.0;0.0;0.0;['good', 'web', 'host', 'free', 'domain', 'free', 'site', 'builder', 'free', 'support', 'day', 'moneyback', 'guarantee', 'url']
682410908203782144;Good Morning @BeingSalmanKhan & all Supporters😊 Follow & Support Official #BHC Handle for #India ➔ @bebeinghuman & Must RT this Tweet Plz!!;0;0.0;0.0;0.0;['good', 'morning', 'USER', 'supporter', 'follow', 'support', 'official', 'HASHTAG', 'handle', 'HASHTAG', 'USER', 'tweet']
683166167733768192;@AmenaEva Hello. Discover a secret force that enables a person evolve into a superman. Check: https://t.co/1dXuyR7LRG;0;0.0;0.0;0.0;['USER', 'discover', 'secret', 'force', 'enable', 'person', 'evolve', 'superman', 'check', 'url']
683181686679552001;PROOF That Gun Bans Increase Murder Rates https://t.co/ogYX8lB3xN... https://t.co/Fcq5UNTRhH|mM;1;1.0;0.0;0.0;['proof', 'gun', 'ban', 'increase', 'murder', 'rate', 'url', 'url']
683838640489926656;https://t.co/wiRZHnHUYV New edit in the Wikipedia article on Spatial analysis https://t.co/kZMfRAUAgj … https://t.co/0wgTMcXDVw;0;0.0;0.0;0.0;['url', 'new', 'edit', 'wikipedia', 'article', 'spatial', 'analysis', 'url', 'url']
683858206930505728;#EurekaMag Thirteenth Swedish Weed Conference, 1972 https://t.co/tSYYKvd2Sj;1;0.0;1.0;1.0;['HASHTAG', 'thirteenth', 'swedish', 'weed', 'conference', 'url']
684046522799894529;#EurekaMag Thematic roles in aphasia Conceptual knowledge and linguistic assignment https://t.co/10js6q7W2d;1;0.0;1.0;1.0;['HASHTAG', 'thematic', 'role', 'aphasia', 'conceptual', 'knowledge', 'linguistic', 'assignment', 'url']
684857088103727104;Bayes Theorem:What's the big deal? https://t.co/C1maXnHEUN https://t.co/XTHSiSjzHY;1;0.0;1.0;1.0;['bayes', 'theoremwhat', 'big', 'deal', 'url', 'url']
685064182602018816;Upright positions in the first stage of labour reduces the duration of labour and the risk of C-section https://t.co/Xua1F6CqUz;1;1.0;1.0;1.0;['upright', 'position', 'stage', 'labour', 'reduce', 'duration', 'labour', 'risk', 'csection', 'url']
685152147202293760;Hard work NEVER fails, start working, stop complaining. If you work for it, you'll appreciate it! 💯;1;1.0;0.0;0.0;['hard', 'work', 'fail', 'start', 'work', 'stop', 'complain', 'work', 'appreciate']
685469159430336512;#EurekaMag The eclosion hormone its release by the brain and its action on the central nervous system of silk moths https://t.co/KxuniG4ewC;1;1.0;1.0;1.0;['HASHTAG', 'eclosion', 'hormone', 'release', 'brain', 'action', 'central', 'nervous', 'system', 'silk', 'moth', 'url']
685644296754565120;#EurekaMag Cucumber mosaic virus-associated RNA 5 II. in vitro translation in a wheat germ protein-synthesis system https://t.co/A6WamUnKXP;1;0.0;1.0;1.0;['HASHTAG', 'cucumber', 'mosaic', 'virusassociate', 'rna', 'translation', 'wheat', 'germ', 'proteinsynthesis', 'system', 'url']
686166231758442496;#Severe fibromyalgia symptoms linked to obesity, weight gain - https://t.co/NZG7iqYpas https://t.co/rnTKnmhL2V;1;1.0;0.0;0.0;['HASHTAG', 'fibromyalgia', 'symptom', 'link', 'obesity', 'weight', 'gain', 'url', 'url']
686914667562704896;#EurekaMag Chromosome relationships between Lolium and Festuca (Gramineae) https://t.co/cDdkYLazpP;1;0.0;1.0;1.0;['HASHTAG', 'chromosome', 'relationship', 'lolium', 'festuca', 'gramineae', 'url']
688865694222401537;#EurekaMag Binding of vitamin B12-rat transcobalamin II and free vitamin B12 to plasma membranes isolated from rat… https://t.co/LFEIM7JaJB;1;0.0;1.0;1.0;['HASHTAG', 'bind', 'vitamin', 'b12rat', 'transcobalamin', 'free', 'vitamin', 'b12', 'plasma', 'membrane', 'isolate', 'rat', 'url']
689726180832899073;The Big Finish Podcast - Big Finish Day 8 (Part 1): Nicholas Briggs reports from last weekend's… https://t.co/bwGnXlPEJC #drwho #doctorwho;0;0.0;0.0;0.0;['big', 'finish', 'podcast', 'big', 'finish', 'day', 'nichola', 'briggs', 'report', 'weekend', 'url', 'HASHTAG', 'HASHTAG']
689879558158331904;can people please just stop complaining and get on with life 😬;0;0.0;0.0;0.0;['people', 'stop', 'complain', 'life']
689938236442087424;Did you know that #HighBloodPressure causes #ErectileDysfunction? #menshealth https://t.co/uCUE9RKgUO https://t.co/nkrP6hsLMl;1;1.0;0.0;0.0;['know', 'HASHTAG', 'cause', 'HASHTAG', 'HASHTAG', 'url', 'url']
690681618109870082;#EurekaMag Influence of dietary protein on susceptibility to alert downer syndrome https://t.co/WbFOCqvmY9;1;1.0;1.0;1.0;['HASHTAG', 'influence', 'dietary', 'protein', 'susceptibility', 'alert', 'downer', 'syndrome', 'url']
691530977256943616;#EurekaMag In vitro translation of the long-lived messenger ribonucleic acid of dry seeds https://t.co/hwyHPiOoV8;1;0.0;1.0;1.0;['HASHTAG', 'translation', 'longlived', 'messenger', 'ribonucleic', 'acid', 'dry', 'seed', 'url']
694126869772423168;@CapitalOfficial @Harry_Styles @KendallJenner maybe cause there wasn't any romance to begin with just old friends hanging out;0;0.0;0.0;0.0;['user', 'USER', 'USER', 'cause', 'romance', 'begin', 'old', 'friend', 'hang']
694637176206856192;Small Tribe w/a Big Voice Vows to Stop Chinese Oil Drilling in the Amazon https://t.co/kKF2xCPhN6 #keepitintheground https://t.co/NKveMZ4ud8;0;0.0;0.0;0.0;['small', 'tribe', 'big', 'voice', 'vow', 'stop', 'chinese', 'oil', 'drilling', 'amazon', 'url', 'HASHTAG', 'url']
695026082408300547;@Roscoe1679 Retweet to support World Vision Education for Children. @EmiForLove #GlobalGoodEmiWin https://t.co/Ekts4KSqgO;0;0.0;0.0;0.0;['USER', 'retweet', 'support', 'world', 'vision', 'education', 'child', 'USER', 'HASHTAG', 'url']
697437874304581633;Interesting work being done in Boston to identify the ways cancers develop: https://t.co/b09uqZ2dJ1. #beatcancer #melanoma;1;0.0;1.0;1.0;['interesting', 'work', 'boston', 'identify', 'way', 'cancer', 'develop', 'url', 'HASHTAG', 'HASHTAG']
698167540619616256;"Excellent! I also recommend ""Those Dishonest Goldsmiths"" of G #Selgin https://t.co/qVK95yCId8 https://t.co/oQOjxySZ0N";0;0.0;0.0;0.0;['excellent', 'recommend', 'dishonest', 'goldsmith', 'HASHTAG', 'url', 'url']
698631183782060032;Mesut Özil has rejected a new contract at #Arsenal and is ready to quit for Barcelona, claim reports in Spain. https://t.co/S1Mu9aRY8N;0;0.0;0.0;0.0;['mesut', 'ozil', 'reject', 'new', 'contract', 'HASHTAG', 'ready', 'quit', 'barcelona', 'claim', 'report', 'spain', 'url']
699373237302505472;NFL's salary cap expected to increase to at least $155 million https://t.co/hhLtj2TpSl;0;0.0;0.0;0.0;['nfls', 'salary', 'cap', 'expect', 'increase', 'url']
699396541967134721;A good pass often leads to a good shot. The extra pass often leads to a great shot. #Selfless #Assist;1;1.0;0.0;0.0;['good', 'pass', 'lead', 'good', 'shot', 'extra', 'pass', 'lead', 'great', 'shot', 'HASHTAG', 'HASHTAG']
702413786871951360;Last day of the lunar󾀕 vibes are in affect today. Come join me while we journey to the moon and back! 10am... https://t.co/4Who0KPQBG;0;0.0;0.0;0.0;['day', 'lunar', 'vibe', 'affect', 'today', 'come', 'join', 'journey', 'moon', 'url']
704232939643662337;We've all got an extra day! What'll you do with yours? Why not read Susheila Nasta's intro to our latest issue: https://t.co/xcK5UawcNH;1;0.0;1.0;1.0;['get', 'extra', 'day', 'read', 'susheila', 'nastas', 'intro', 'late', 'issue', 'url']
704433912022331392;are putting survivors’ lives and health at risk,” says the report, Return to Abuser https://t.co/KZapTjeRNx;1;0.0;1.0;1.0;['put', 'survivor', 'life', 'health', 'risk', 'say', 'report', 'return', 'abuser', 'url']
704633718703521792;To all Final Years and PGs - look out for careers support throughout the summer! @KingstonFASS https://t.co/TuP3QkScuV;0;0.0;0.0;0.0;['final', 'year', 'pgs', 'look', 'career', 'support', 'summer', 'USER', 'url']
704636168210673665;Proper preparation prevents poor performance;1;1.0;0.0;0.0;['proper', 'preparation', 'prevent', 'poor', 'performance']
705329755093135360;Magnetic resonance imaging findings in giant cell arteritis https://t.co/OsXoRZ7Jbq #oftalmologia;1;0.0;1.0;1.0;['magnetic', 'resonance', 'imaging', 'finding', 'giant', 'cell', 'arteritis', 'url', 'HASHTAG']
705777559959703552;[Oppositelock]A Brief Analysis of The Change in Pickup Prices Over the Last 10 Years https://t.co/o8hLsQpZiu;0;0.0;0.0;0.0;['oppositelocka', 'brief', 'analysis', 'change', 'pickup', 'price', 'year', 'url']
706975100856373248;A scene almost guaranteed to cause acrophobia. I love the film. #Cliffhanger https://t.co/3xmoC2mAty;0;0.0;0.0;0.0;['scene', 'guarantee', 'cause', 'acrophobia', 'love', 'film', 'HASHTAG', 'url']
707256259205013510;Vice Always At The House Cause Big Bruh On The Run💯 Searching For Guns N Drugs, Mane This Shit Ain't Fun;0;0.0;0.0;0.0;['vice', 'house', 'cause', 'big', 'bruh', 'run', 'search', 'gun', 'drug', 'mane', 'shit', 'fun']
707972018344431616;Brexit: the implications for life sciences https://t.co/9U7iNYwouw;1;0.0;0.0;1.0;['brexit', 'implication', 'life', 'science', 'url']
708337071069462529;Strawberries May Help Prevent Type 2 Diabetes, Says Study https://t.co/sUBh7GEGCV;1;1.0;1.0;1.0;['strawberry', 'help', 'prevent', 'type', 'diabetes', 'say', 'study', 'url']
708397456460005377;So my mother told me about this girl who studies psychology and who would be happy to meet me to talk about psycho;0;0.0;0.0;0.0;['mother', 'tell', 'girl', 'study', 'psychology', 'happy', 'meet', 'talk', 'psycho']
709399196781166592;Its scary how horses & dogs win support wen beaten by Hindus. But Hindus don't find any support wen beaten, slaughtered, butchered by dogs.;0;0.0;0.0;0.0;['scary', 'horse', 'dog', 'win', 'support', 'wen', 'beat', 'hindu', 'hindu', 'find', 'support', 'wen', 'slaughter', 'butcher', 'dog']
710072387220475904;CGA for the non-specialist https://t.co/YJ5vkn7QE1 from @JohnGladman1 @adamgordon1978 #rcpeCoE16;1;0.0;1.0;1.0;['cga', 'nonspecialist', 'url', 'USER', 'USER', 'HASHTAG']
710775052191412224;@UHGTechJobs Bulk SMS Solution allows business communication over the mobile marketing. https://t.co/aNz8rfMWiW https://t.co/56ra1DF6ok;0;0.0;0.0;0.0;['user', 'bulk', 'sms', 'solution', 'allow', 'business', 'communication', 'mobile', 'marketing', 'url', 'url']
710962814018568193;How is @UChicagoIME shaping the future of science? Find out on April 6: https://t.co/bUwFwv58SO https://t.co/tLCunXaU4n;1;0.0;0.0;1.0;['USER', 'shape', 'future', 'science', 'find', 'april', 'url', 'url']
712280970926415872;Mechanism of Metformin: A Tale of Two Sites (Free) https://t.co/QBiMMqPIQt;1;0.0;1.0;1.0;['mechanism', 'metformin', 'tale', 'site', 'free', 'url']
712710761240350720;Violence is a leading cause of death for Americans 10-24 yrs old. @NICHD_NIH research on youth violence prevention https://t.co/9ZD58zGUhI;1;1.0;1.0;1.0;['violence', 'lead', 'cause', 'death', 'americans', 'yrs', 'old', 'USER', 'research', 'youth', 'violence', 'prevention', 'url']
713558291666698243;Sweep Leads to 5 Arrests, a Foiled Plot and a Paris-Brussels Connection: Najim Laachraoui, 24, who blew himsel... https://t.co/RFlxw2VteF;0;0.0;0.0;0.0;['sweep', 'lead', 'arrest', 'foiled', 'plot', 'parisbrussel', 'connection', 'najim', 'laachraoui', 'blow', 'himsel', 'url']
714752339819757568;In @sciencemagazine: Rare variant found that raises HDL cholesterol and increases risk of coronary heart disease: https://t.co/4xpL3KlGy9;1;1.0;1.0;1.0;['USER', 'rare', 'variant', 'find', 'raise', 'hdl', 'cholesterol', 'increase', 'risk', 'coronary', 'heart', 'disease', 'url']
715020476368752640;Nurse Practitioner or Physician A... - #NewAuburn , WI (https://t.co/UGfkXqNuOl) Get Nephrology Jobs #Nephrology #jobs #job #GetAllJobs;0;0.0;0.0;0.0;['nurse', 'practitioner', 'physician', 'HASHTAG', 'url', 'nephrology', 'job', 'HASHTAG', 'HASHTAG', 'HASHTAG', 'HASHTAG']
715051441631547392;Going vegetarian 'could save lives and the planet' https://t.co/gOabJw79hw;1;1.0;1.0;1.0;['vegetarian', 'save', 'life', 'planet', 'url']
715088923232317440;Nanotechnology the new weapon in fighting cancer? https://t.co/KsP8rk4THD;1;1.0;1.0;1.0;['nanotechnology', 'new', 'weapon', 'fight', 'cancer', 'url']
716971121321631744;@martinhanratty @AtyHans @thenotimer I listened to a gospel radio station for a couple of hours--the confirmation bias is so obvious :~{;0;0.0;0.0;0.0;['user', 'USER', 'USER', 'listen', 'gospel', 'radio', 'station', 'couple', 'confirmation', 'bias', 'obvious']
717007671639998464;Today the City is lighting up the Civic Centre clock tower blue in support of Autism awareness. Learn more: https://t.co/5WXzoMylkK.;0;0.0;0.0;0.0;['today', 'city', 'light', 'civic', 'centre', 'clock', 'tower', 'blue', 'support', 'autism', 'awareness', 'learn', 'url']
718177685701332992;Did someone ask for a giant, bone-crushing weasel relative? (extinct, thankfully!) https://t.co/bTEMhBJVfd @PLOSONE https://t.co/gMq7iz9tgZ;1;0.0;1.0;1.0;['ask', 'giant', 'bonecrushe', 'weasel', 'relative', 'extinct', 'url', 'USER', 'url']
718529188525961216;How Employment Can Change the Life of Someone with a Disability https://t.co/VxAtaX7qi5;1;1.0;0.0;0.0;['employment', 'change', 'life', 'disability', 'url']
724305652646961152;Benefits of music: - Stress relief - Boost immunity - Reduce heart disease - Enhances emotional strength - Boost self esteem;1;1.0;0.0;0.0;['benefit', 'music', 'stress', 'relief', 'boost', 'immunity', 'reduce', 'heart', 'disease', 'enhance', 'emotional', 'strength', 'boost', 'self', 'esteem']
724427935734603777;Tired of US politics? Us too! Support a true monster. 6 days to reach our stretch goal! https://t.co/YYN2F3O0F3 https://t.co/q9JCDLJvEh;0;0.0;0.0;0.0;['tired', 'politic', 'support', 'true', 'monster', 'day', 'reach', 'stretch', 'goal', 'url', 'url']
724644747306897409;#DevOps Engineer #InformationTechnology - #McLean #RNJobs #TXJobs #hiring #JobOpening #rtjobs Apply: https://t.co/EFvCFDO4lP;0;0.0;0.0;0.0;['HASHTAG', 'engineer', 'HASHTAG', 'HASHTAG', 'HASHTAG', 'HASHTAG', 'HASHTAG', 'HASHTAG', 'HASHTAG', 'apply', 'url']
724947320211648512;Volume Caps Pills Male Sex Enhancement Increase Semen Massive Load More Libido - Bid Now! … https://t.co/hV5lrIMrSc https://t.co/bUwQvoOKV4;1;1.0;0.0;0.0;['volume', 'cap', 'pill', 'male', 'sex', 'enhancement', 'increase', 'semen', 'massive', 'load', 'bid', 'url', 'url']
724974398617214976;Despite their small brains ravens and crows are just as clever as chimps https://t.co/yr8EVMRaLE;1;1.0;1.0;1.0;['small', 'brain', 'raven', 'crow', 'clever', 'chimp', 'url']
727416775382458368;Indian Premier League 9: Beleaguered R Ashwin finds support in spin legend Muttiah Muralitharan during tough ... https://t.co/k9tWFBP87v;0;0.0;0.0;0.0;['indian', 'premier', 'league', 'beleaguered', 'ashwin', 'find', 'support', 'spin', 'legend', 'muttiah', 'muralitharan', 'tough', 'url']
728170139519205376;PLS RT support #justice4cephus grandson of a vet! Friends certainly did support this #specialneeds child https://t.co/Tq5TxLqTcl;0;0.0;0.0;0.0;['support', 'HASHTAG', 'grandson', 'vet', 'friend', 'support', 'HASHTAG', 'child', 'url']
728178838484725760;Bangladesh government enables extremism | The Kingston Whig-Standard https://t.co/valVVGI1Od;0;0.0;0.0;0.0;['bangladesh', 'government', 'enable', 'kingston', 'whigstandard', 'url']
730144810548367362;Wardrobe Malfunction Leads To Embarrassing “Bare All ” Incident In Weekend UFC Action. https://t.co/aBnUqaUWbq..;0;0.0;0.0;0.0;['wardrobe', 'malfunction', 'lead', 'embarrass', 'bare', 'incident', 'weekend', 'ufc', 'action', 'url']
730220333148540928;LosAngeles Steps Up 2 #Adopt A Cause Homeless Shelter #Pets Visit An LA County Animal Care Center #Dogs #Cats https://t.co/KDWaslmnLx;0;0.0;0.0;0.0;['losangele', 'step', 'HASHTAG', 'cause', 'homeless', 'shelter', 'HASHTAG', 'visit', 'county', 'animal', 'care', 'center', 'HASHTAG', 'HASHTAG', 'url']
730415702281170944;Highway noise deters communication between birds https://t.co/dB9He0XZhk;1;1.0;1.0;1.0;['highway', 'noise', 'deter', 'communication', 'bird', 'url']
730683743388766208;Women should not be worried men doing the same job are higher paid, according to this report | via @telegraphnews https://t.co/wEal6Ptv7O;1;1.0;1.0;1.0;['woman', 'worried', 'man', 'job', 'high', 'pay', 'accord', 'report', 'USER', 'url']
731551352518787073;ANTIQUE ROOSTER TRADE SIGN / DOOR STOP , ORIGINAL PAINT . EMBOSSED WORK https://t.co/PCReNW37dF https://t.co/zGaFTZAz6g;0;0.0;0.0;0.0;['antique', 'rooster', 'trade', 'sign', 'door', 'stop', 'original', 'paint', 'emboss', 'work', 'url', 'url']
731958405498347520;@Himynameiskiff yeah it's awesome. No guaranteed wins. One player plays bad can affect the rest;0;0.0;0.0;0.0;['USER', 'awesome', 'guarantee', 'win', 'player', 'play', 'bad', 'affect', 'rest']
732559294089072641;The only true love at the first sight is the love of Deen,love for the cause of Allah (God).;0;0.0;0.0;0.0;['true', 'love', 'sight', 'love', 'deenlove', 'cause', 'allah', 'god']
732630765050204160;According to one study, men feel a decrease in sexual attraction from the scent of tears.;1;1.0;0.0;1.0;['accord', 'study', 'man', 'feel', 'decrease', 'sexual', 'attraction', 'scent', 'tear']
732744560707657729;lemme stop texting ppl back😭😭;0;0.0;0.0;0.0;['lemme', 'stop', 'texte', 'ppl']
733637234432188416;@soldier_777 : Dove: Stop torturing animals! Plz sign: https://t.co/mIHQ59HLjm;0;0.0;0.0;0.0;['USER', 'dove', 'stop', 'torture', 'animal', 'sign', 'url']
734981475293134848;@filmyjoyo my.pt we will target what the end product not the root cause they'll penalise some rest will continue;0;0.0;0.0;0.0;['USER', 'mypt', 'target', 'end', 'product', 'root', 'cause', 'penalise', 'rest', 'continue']
736750226510389248;The Strange, Familiar, and Forgotten — fascinating read on consciousness, memory, and how our sense of self arises https://t.co/McMTtLOe6m;1;0.0;1.0;1.0;['strange', 'familiar', 'forget', 'fascinating', 'read', 'consciousness', 'memory', 'sense', 'self', 'arise', 'url']
736897915700936704;Buhari One Year: APC Legal Adviser Says Party Must Stop 'Undemocratic Practices'… https://t.co/OuxzRJnD4q https://t.co/DaeRXNOcs2;0;0.0;0.0;0.0;['year', 'apc', 'legal', 'adviser', 'say', 'party', 'stop', 'undemocratic', 'practice', 'url', 'url']
737669495406231552;Ponies choking, frothing, beaten, overworked, overloaded. Awareness needs to be raised and stop the suffering. https://t.co/YEgV3vuPus;0;0.0;0.0;0.0;['pony', 'choke', 'froth', 'beat', 'overwork', 'overload', 'awareness', 'need', 'raise', 'stop', 'suffering', 'url']
738494964062146560;Might want to reevaluate that expensive private school education too. Apparently a bit light on English and research https://t.co/FZhahFy0nk;0;0.0;0.0;0.0;['want', 'reevaluate', 'expensive', 'private', 'school', 'education', 'bit', 'light', 'english', 'research', 'url']
738588968401305600;"""My husband will die soon. Caring for him has left me a wreck."" https://t.co/dfwe79Dafn";0;0.0;0.0;0.0;['husband', 'die', 'care', 'leave', 'wreck', 'url']
738831703758753792;@GloTIMETV_ #competition this would be such a treat 💃🏻;0;0.0;0.0;0.0;['user', 'HASHTAG', 'treat']
739700826453741568;#Renewableenergy surges to record levels around the world https://t.co/3Rc7DEHFFt https://t.co/LulCqDi8DS;1;1.0;1.0;1.0;['HASHTAG', 'surge', 'record', 'level', 'world', 'url', 'url']
741038054446600192;"“At a point now where I understand plant temperaments — how vulnerable they are, but also how strong they can become"" #Precision #AgTech";0;0.0;0.0;0.0;['point', 'understand', 'plant', 'temperament', 'vulnerable', 'strong', 'HASHTAG', 'HASHTAG']
741149681686880256;Rotiboy Bakeryshop @One_Belpark, lower ground #rotiboy #bakery #bakeshop #promo #onebelpark @… https://t.co/rmJN2PWE2P;0;0.0;0.0;0.0;['rotiboy', 'bakeryshop', 'USER', 'low', 'ground', 'HASHTAG', 'HASHTAG', 'HASHTAG', 'HASHTAG', 'HASHTAG', 'url']
742004388256976898;Use code NOGUNS at https://t.co/Ll52kqGsFX & 15% of #tea sale goes to prevent gun violence & promote #guncontrolnow! https://t.co/1hv0u0HRm0;0;0.0;0.0;0.0;['use', 'code', 'nogun', 'url', 'HASHTAG', 'sale', 'prevent', 'gun', 'violence', 'promote', 'HASHTAG', 'url']
742368248600002560;The War On Science: What It Is And How To Win It [Greg Laden's Blog]: Thinker, writer, and ind... https://t.co/n0R0dmssXQ #Science #nTLD;1;0.0;0.0;1.0;['war', 'science', 'win', 'greg', 'laden', 'blog', 'thinker', 'writer', 'ind', 'url', 'HASHTAG', 'HASHTAG']
742740803462660096;#Junior DevOps Engineer #jobs #jobsearch #New York: #NY-New York, If you are interested in joining a late sta... https://t.co/hg1geRvkxM;0;0.0;0.0;0.0;['HASHTAG', 'engineer', 'HASHTAG', 'HASHTAG', 'HASHTAG', 'york', 'HASHTAGnew', 'york', 'interested', 'join', 'late', 'sta', 'url']
742969669309595648;Halo wars 2 will have mouse support for Xbox one s https://t.co/xxzYocvg5k;0;0.0;0.0;0.0;['halo', 'war', 'mouse', 'support', 'xbox', 'url']
742975214720552961;Topical application of antiretroviral drug combination prevents transmission of (S)HIV https://t.co/n5ii2xLwTB https://t.co/CBGbo4RyvV;1;1.0;1.0;1.0;['topical', 'application', 'antiretroviral', 'drug', 'combination', 'prevent', 'transmission', 'shiv', 'url', 'url']
744204317175996416;✔TWEETSHEET ➡PETITIONS-PART 2 ✔ SUPPORT THE FIGHT AGAINST DOG&CAT SLAUGHTER IN #SouthKorea https://t.co/9P2TGMpdNj https://t.co/z1M34emaHK;0;0.0;0.0;0.0;['petitionspart', 'support', 'fight', 'dogcat', 'slaughter', 'HASHTAG', 'url', 'url']
745593603934785536;Every sale supports artists - PLEASE read why 'JUST A CARD' campaign matters so much to everyone - @craftyfoxmarket https://t.co/LPE5akB31i;0;0.0;0.0;0.0;['sale', 'support', 'artist', 'read', 'card', 'campaign', 'matter', 'USER', 'url']
745717782042443776;Somalia Army Reports Killing 8 Al-Shabab Militants https://t.co/KYnmpL5SHL;0;0.0;0.0;0.0;['somalia', 'army', 'report', 'kill', 'alshabab', 'militant', 'url']
746095998754136064;How one state is becoming a leader in managing revenue volatility: https://t.co/rJ9qbNo6HB https://t.co/hgbaqkMQOO;1;0.0;1.0;1.0;['state', 'leader', 'manage', 'revenue', 'volatility', 'url', 'url']
747220048134053888;ROUGE THE BAT •THE SECOND REASON FURRIES ARE A THING NEXT TO LOLA BUNNY •THE ANIMAL VERSION OF MORRIGAN AENSLAND https://t.co/FiB98MBg7B;0;0.0;0.0;0.0;['rouge', 'bat', 'second', 'reason', 'furrie', 'thing', 'lola', 'bunny', 'animal', 'version', 'morrigan', 'aensland', 'url']
747277094246195201;#Mets are unlikely to trade shortstop prospect Amed Rosario at this year’s deadline, reports Marc Carig of Newsday;0;0.0;0.0;0.0;['HASHTAG', 'unlikely', 'trade', 'shortstop', 'prospect', 'ame', 'rosario', 'year', 'deadline', 'report', 'carig', 'newsday']
747635543656259585;Edmonton city councillors support basement suites for duplex infill homes https://t.co/j1im1CZ7N3;0;0.0;0.0;0.0;['edmonton', 'city', 'councillor', 'support', 'basement', 'suite', 'duplex', 'infill', 'home', 'url']
749586697478819840;This is how Islam (ISIS, Muslim, Obamas Brotherhood) treat woman. @HillaryClinton took $$$ from these countries. https://t.co/rgmwEn9LKJ;0;0.0;0.0;0.0;['islam', 'isis', 'muslim', 'obamas', 'brotherhood', 'treat', 'woman', 'USER', 'take', 'country', 'url']
750166814521323520;@russbengtson We need an oral history on how the Lakers let him get away.;0;0.0;0.0;0.0;['USER', 'need', 'oral', 'history', 'laker', 'let']
752561148617162752;Asymmetrical matter https://t.co/d60QDEph8k #science https://t.co/Kerl7vCj1j;0;0.0;0.0;0.0;['asymmetrical', 'matter', 'url', 'HASHTAG', 'url']
752633397554581504;Bizarre #May becomes PM on the say of #Tory MPs but not members #Corbyn 'un-electable' as PM despite widespread support of members;0;0.0;0.0;0.0;['bizarre', 'HASHTAG', 'HASHTAG', 'member', 'HASHTAG', 'unelectable', 'widespread', 'support', 'member']
754105913858985984;Ran out of Propane Halfway Through Grilling: A Horror Story;0;0.0;0.0;0.0;['run', 'propane', 'grill', 'horror', 'story']
755106794465361920;https://t.co/F9zm7SleKF Concrete Ark house 'floats' to facilitate natural rainwater runoff #GreenClean;0;0.0;0.0;0.0;['url', 'concrete', 'ark', 'house', 'float', 'facilitate', 'natural', 'rainwater', 'runoff', 'HASHTAG']
755347804311072768;Q: Is there a connection between shellfish allergies and iodine? - Wilderness Medical Associates International https://t.co/4TM0FP7GQb;1;1.0;0.0;0.0;['connection', 'shellfish', 'allergy', 'iodine', 'wilderness', 'medical', 'associates', 'international', 'url']
755407398551097345;Montgomery, commander of allied ground forces on D Day,would probably like to know why NATO supports Ukraine's Nazis https://t.co/mNuiiurMIw;0;0.0;0.0;0.0;['montgomery', 'commander', 'allied', 'ground', 'force', 'like', 'know', 'nato', 'support', 'ukraine', 'nazi', 'url']
755462710511435778;"""In art the hand can never execute anything higher than the heart can inspire."" ~Ralph Waldo Emerson";0;0.0;0.0;0.0;['art', 'hand', 'execute', 'high', 'heart', 'inspire', 'ralph', 'waldo', 'emerson']
755910384423436289;#promocave Book News Update: Amy Schumer will stop in Naperville on book tour https://t.co/Y7X6Fn5B8G #books;0;0.0;0.0;0.0;['HASHTAG', 'book', 'news', 'update', 'schumer', 'stop', 'naperville', 'book', 'tour', 'url', 'HASHTAG']
757492444846026753;Chaotic tour ends in cancellation to cap nightmare tour for United. @MarkOgden_ reports https://t.co/Cp4vwQZFtW https://t.co/lnQBtRbDEE;0;0.0;0.0;0.0;['chaotic', 'tour', 'end', 'cancellation', 'cap', 'nightmare', 'tour', 'united', 'USER', 'report', 'url', 'url']
759596994008641536;Adverse #Effects #Of #Marijuana #Cannabis #Seeds #Sale #How #To #Grow #Cannabis #Indoors https://t.co/F2rvT9UTS0;1;1.0;0.0;0.0;['adverse', 'HASHTAG', 'HASHTAG', 'HASHTAG', 'HASHTAG', 'HASHTAG', 'HASHTAG', 'HASHTAG', 'HASHTAG', 'HASHTAG', 'HASHTAG', 'HASHTAG', 'url']
763136159472087040;The Incredible Brain Of Simone Biles https://t.co/wfjMKUB7pE https://t.co/H2Z4YEPmEL https://t.co/cFzPASgtDU;1;0.0;1.0;1.0;['incredible', 'brain', 'simone', 'bile', 'url', 'url', 'url']
764815992199475200;How SARS in China helped ramp up the US medical intelligence program https://t.co/Oc5dst8xYq;1;1.0;0.0;1.0;['sar', 'china', 'help', 'ramp', 'medical', 'intelligence', 'program', 'url']
764934703048691712;Tennis wouldn't support that theory though. Murray carries the nation here! https://t.co/ljUMtlWo0R;0;0.0;0.0;0.0;['tennis', 'support', 'theory', 'murray', 'carry', 'nation', 'url']
764986742118113281;Reading facebook comments for 20 minutes is scientifically proven to drop your IQ by more than 52%.;1;1.0;0.0;0.0;['read', 'facebook', 'comment', 'minute', 'prove', 'drop']
769465842278866944;Change is essential for growth, but if we’re not under leadership of Holy Spirit, what will we become? https://t.co/9YvxyLUKXV;1;1.0;0.0;0.0;['change', 'essential', 'growth', 'leadership', 'holy', 'spirit', 'url']
769950776055717889;Arianne Phosphate reports corporate and financial results for second quarter 2016 - https://t.co/yxoaaeEAsq #InvestorsBuz RT;0;0.0;0.0;0.0;['arianne', 'phosphate', 'report', 'corporate', 'financial', 'result', 'second', 'quarter', 'url', 'HASHTAG']
770908918667157504;this is hilarious except the article it's based on is scary https://t.co/U0KkQcrMTy;0;0.0;0.0;0.0;['hilarious', 'article', 'base', 'scary', 'url']
771040787572387841;This technology will stop snoring forever! https://t.co/5UMpF8n4bH;1;1.0;0.0;0.0;['technology', 'stop', 'snore', 'url']
771078414702895108;If only people would stop interfering in other people's business 😜😜😜😜😜😜😜😜;0;0.0;0.0;0.0;['people', 'stop', 'interfere', 'people', 'business']
771516752169619456;"""Submit to google classroom"" ""Save in drive"" ""The hw is on edmodo"" ""Notes on google classroom"" ""Go to google docs"" https://t.co/79lb5L0XEs";0;0.0;0.0;0.0;['submit', 'google', 'classroom', 'save', 'drive', 'edmodo', 'note', 'google', 'classroom', 'google', 'docs', 'url']
773715010128257024;Suggestion: nobody order a cake from anyone for any reason for the next 5 years or so. Learn to celebrate with pie. https://t.co/1EhYayNezI;0;0.0;0.0;0.0;['suggestion', 'order', 'cake', 'reason', 'year', 'learn', 'celebrate', 'pie', 'url']
773851222902206465;Danish data and fantastic Australian collaborators to look at traumatic versus non-traumatic neck pain https://t.co/fwPcSyUdPC;1;0.0;1.0;1.0;['danish', 'datum', 'fantastic', 'australian', 'collaborator', 'look', 'traumatic', 'nontraumatic', 'neck', 'pain', 'url']
774892588214083584;When the ROLLER COASTER Stops ~ Bethany's cancer journey #Relationships https://t.co/gkg2Dm8EVt #eNovAaw #kindleUnl https://t.co/ujc06CosU8;0;0.0;0.0;0.0;['roller', 'coaster', 'stop', 'bethany', 'cancer', 'journey', 'HASHTAG', 'url', 'HASHTAG', 'HASHTAG', 'url']
774940559324700672;PS4 firmware update will bring HDR support to all PS4s. https://t.co/56mgoQ2Wee https://t.co/DxqOLSkd96;0;0.0;0.0;0.0;['ps4', 'firmware', 'update', 'bring', 'support', 'ps4s', 'url', 'url']
776169926461710336;@07904567432a @ClarkeMicah @PeterboroughJoe smoking from adolescence, or for multiple decades, seems to be the problem.;0;0.0;0.0;0.0;['user', 'USER', 'USER', 'smoke', 'adolescence', 'multiple', 'decade', 'problem']
777363682497966080;so Hence proved that reviews can't stop a good movie #IruMugan #Inkokkadu #Chiyaan;0;0.0;0.0;0.0;['prove', 'review', 'stop', 'good', 'movie', 'HASHTAG', 'HASHTAG', 'HASHTAG']
777950279291506688;@lncestPrincess @lilsummer14 your denial is higher than your blood sugar, please jan get help;0;0.0;0.0;0.0;['user', 'USER', 'denial', 'high', 'blood', 'sugar', 'jan', 'help']
780128007243431936;@SDO4540 D has to get a score or TO after a stop or two;0;0.0;0.0;0.0;['USER', 'score', 'stop']
780579563315224576;NBC, what's the matter with your people? Like damn already Lester needs to get up in this Debate and stop being a wallflower.;0;0.0;0.0;0.0;['nbc', 'matter', 'people', 'lester', 'need', 'debate', 'stop', 'wallflower']
780736441378828288;Breaking news: Snake stops a bullet train https://t.co/Mxeznj2KAE;0;0.0;0.0;0.0;['break', 'news', 'snake', 'stop', 'bullet', 'train', 'url']
781240324068823041;#UmpquaCares campaign promotes acts of kindness a year after shooting - KATU https://t.co/2RcFmF2bBQ #Kindness;0;0.0;0.0;0.0;['HASHTAG', 'campaign', 'promote', 'act', 'kindness', 'year', 'shoot', 'katu', 'url', 'HASHTAG']
783019110418481152;"Today in ""are women spending enough time and money fretting pointlessly over random body parts?"": brow health https://t.co/LKZhWFjkDx";0;0.0;0.0;0.0;['today', 'woman', 'spend', 'time', 'money', 'fret', 'random', 'body', 'part', 'brow', 'health', 'url']
783315619806576640;#BREAKING: Gas leak leads to explosion in northern New Jersey https://t.co/rHoe12K0iz https://t.co/iBIfZN7GdV;0;0.0;0.0;0.0;['HASHTAG', 'gas', 'leak', 'lead', 'explosion', 'northern', 'new', 'jersey', 'url', 'url']
783365191459147776;Amazon ECS now supports automated task & image cleanup! https://t.co/STzDhSEyNa https://t.co/4eKIWswyzF;0;0.0;0.0;0.0;['amazon', 'ecs', 'support', 'automate', 'task', 'image', 'cleanup', 'url', 'url']
783684869314400256;Cooling Therapy Might Not Help All Cardiac Arrest Patients https://t.co/4oNE2klZne;1;1.0;0.0;0.0;['cool', 'therapy', 'help', 'cardiac', 'arrest', 'patient', 'url']
783825596581228544;Company's move from Scottsdale will affect 375 employees https://t.co/w4d1anYTZp https://t.co/83Oq2wsUKx;0;0.0;0.0;0.0;['company', 'scottsdale', 'affect', 'employee', 'url', 'url']
784080325077073920;@Subroto90024726 Trading for beginners with expert support by the LINK! @verunyaaspidov4;0;0.0;0.0;0.0;['USER', 'trading', 'beginner', 'expert', 'support', 'link', 'USER']
785285499598544896;Empowering peace: service provision and state legitimacy in #Nepal’s peace-building process https://t.co/V9D27wEMTD https://t.co/N1M2WNSIhh;1;0.0;1.0;1.0;['empower', 'peace', 'service', 'provision', 'state', 'legitimacy', 'HASHTAG', 'peacebuilding', 'process', 'url', 'url']
786587956828073984;Lead Ios Engineer Jobs in Santa Monica, CA #SantaMonica #CA #jobs #jobsearch https://t.co/rzR7V54cp7;0;0.0;0.0;0.0;['lead', 'ios', 'engineer', 'job', 'santa', 'monica', 'HASHTAG', 'HASHTAG', 'HASHTAG', 'HASHTAG', 'url']
786661009012424705;@miraclejeansday is October 19, 2016! Wear jeans and support the pediatric patients @umchealthsystem! If interested, call 806-775-8250 https://t.co/jT25wtCzuI;0;0.0;0.0;0.0;['USER', 'october', 'wear', 'jean', 'support', 'pediatric', 'patient', 'USER', 'interested', 'url']
786984485212389376;Instead of BLABBERING would Arnab ask Modi to ban imports from China that supports Pak or just be an AntiNational? #WhyTalkToPak;0;0.0;0.0;0.0;['blabbering', 'ask', 'modi', 'ban', 'import', 'china', 'support', 'pak', 'antinational', 'HASHTAG']
787339568483803137;#HillaryBecause racist cops shouldn't be using force to stop violent thugs from raping and murdering.;0;0.0;0.0;0.0;['HASHTAG', 'racist', 'cop', 'force', 'stop', 'violent', 'thug', 'rap', 'murder']
787484307275194368;"#Inkigayo starts in about 30 mins! PLEASE play ""THREE WORDS"" M/V to increase counts until last minute! #SECHSKIES https://t.co/HQg3HRTIdD";0;0.0;0.0;0.0;['HASHTAG', 'start', 'min', 'play', 'word', 'increase', 'count', 'minute', 'HASHTAG', 'url']
788425946995064832;Can't find a sunscreen strong enough to prevent busting into flames when outside. #EverydayVampireProblems;0;0.0;0.0;0.0;['find', 'sunscreen', 'strong', 'prevent', 'bust', 'flame', 'HASHTAG']
788745486517829632;.@IABTechLab releases Dynamic Content Ad Standard aimed to increase the relevancy of ads delivered to consumers https://t.co/RZBOeuDNVT;0;0.0;0.0;0.0;['USER', 'release', 'dynamic', 'content', 'standard', 'aim', 'increase', 'relevancy', 'deliver', 'consumer', 'url']
788762451789680641;A Creative Way to Increase the Success Rate of Cold Calling. yoram https://t.co/76dUjlx1eo;0;0.0;0.0;0.0;['creative', 'way', 'increase', 'success', 'rate', 'cold', 'call', 'yoram', 'url']
789032439154937856;ProLabs are recruiting for optical networking roles in the UK https://t.co/CsyF8OY5NI and the US https://t.co/dTNBKIPIpu #optical careers https://t.co/KeOqwyrtYO;0;0.0;0.0;0.0;['prolab', 'recruit', 'optical', 'networking', 'role', 'url', 'url', 'HASHTAG', 'career', 'url']
789744902741561345;Matt Ridley: Climate policy is doing more harm than good https://t.co/L1MNlzi56d;1;1.0;0.0;0.0;['matt', 'ridley', 'climate', 'policy', 'harm', 'good', 'url']
789823044453740544;T2 sometimes praying for the patient goes a long way. Adds feeling of support #healthxph https://t.co/ZUum6yROuL;0;0.0;0.0;0.0;['pray', 'patient', 'long', 'way', 'add', 'feeling', 'support', 'HASHTAG', 'url']
791001750153093120;"Muslims insulted by being called ""ignorant"" of the pain they inflict. https://t.co/nVveHJhC3r If not ignorant, they do it knowingly?";0;0.0;0.0;0.0;['muslims', 'insult', 'call', 'ignorant', 'pain', 'inflict', 'url', 'ignorant']
792539909097598980;#Devils Tweets: Cory makes a huge stop with 3:11 remaining in regulation! #TBLvsNJD https://t.co/mdM6oUJJi9 #NHL https://t.co/nRoHRj5d9j;0;0.0;0.0;0.0;['HASHTAG', 'tweets', 'cory', 'make', 'huge', 'stop', 'remain', 'regulation', 'HASHTAG', 'url', 'HASHTAG', 'url']
795078113868783616;The number of lies told by men would decrease significantly if women stopped asking questions;1;1.0;0.0;0.0;['number', 'lie', 'tell', 'man', 'decrease', 'woman', 'stop', 'ask', 'question']
795710160933126144;#Sepsis is a complication of infection that can be deadly. @ElanaGlow reports more here: https://t.co/f7NQDpBd0S via @medicaldaily;1;1.0;1.0;1.0;['HASHTAG', 'complication', 'infection', 'deadly', 'USER', 'report', 'url', 'USER']
795711462819983360;Collaborative Care & Support Planning a key approach to respond to people with multimorbidity @rcgp https://t.co/taHBZZVYcl;1;1.0;1.0;1.0;['collaborative', 'care', 'support', 'plan', 'key', 'approach', 'respond', 'people', 'multimorbidity', 'USER', 'url']
798547230353489920;RT BBCScienceNews: Database helps plant 'right tree for the right place' https://t.co/NTNueGclGg;1;1.0;1.0;1.0;['bbcsciencenews', 'database', 'help', 'plant', 'right', 'tree', 'right', 'place', 'url']
798897332288913410;"#Canada ""deeply saddened"" by steps taken to withdraw from the Court. Encouraged by African voices speaking out in support of #ICC. #ASP15";0;0.0;0.0;0.0;['HASHTAG', 'sadden', 'step', 'take', 'withdraw', 'court', 'encourage', 'african', 'voice', 'speak', 'support', 'HASHTAG', 'HASHTAG']
799009849254121472;So @Another_Europe launches a stinging attack on John McDonnell for saying Labour must accept Brexit. Why do trade unions support this crew?;0;0.0;0.0;0.0;['USER', 'launch', 'stinging', 'attack', 'john', 'mcdonnell', 'say', 'labour', 'accept', 'brexit', 'trade', 'union', 'support', 'crew']
799300082747129856;Opened Graffiti request via iphone at Intersection of Franklin St & Market St https://t.co/f3HdRlzMwR. https://t.co/y1T2POjthe;0;0.0;0.0;0.0;['open', 'graffiti', 'request', 'iphone', 'intersection', 'franklin', 'market', 'url', 'url']
801944872450146304;Dude, defense running prevent again. Play the sideline, keep em from getting outta bounds and stopping the clock;0;0.0;0.0;0.0;['dude', 'defense', 'running', 'prevent', 'play', 'sideline', 'get', 'outta', 'bound', 'stop', 'clock']
802111021410320384;24.12.16 - my only day off during the week, and I wasn't braving the cold. Stayed in all day and relaxed, had some ice cream for a treat :3;0;0.0;0.0;0.0;['day', 'week', 'brave', 'cold', 'stay', 'day', 'relaxed', 'ice', 'cream', 'treat']
803346646570594304;5 techniques every agent should be using to get real estate leads https://t.co/R6piXeRemj Total luxury dream homes are a reality via #didi…;0;0.0;0.0;0.0;['technique', 'agent', 'real', 'estate', 'lead', 'url', 'total', 'luxury', 'dream', 'home', 'reality', 'HASHTAG']
804233493811261440;Lets's join minds and stop the spread of HIV around the world. #WorldAIDSDay2016 #WorldAIDS #Tikambe;0;0.0;0.0;0.0;['letss', 'join', 'mind', 'stop', 'spread', 'hiv', 'world', 'HASHTAG', 'HASHTAG', 'HASHTAG']
804268948875345920;Indian real estate to see an increase of 4.2 mn units across 8 cities in the next 5 years » https://t.co/wFX4fWcUyk;1;1.0;0.0;0.0;['indian', 'real', 'estate', 'increase', 'unit', 'city', 'year', 'url']
804695983544221696;Five ways subscription box services can increase customer retention https://t.co/dkcJywo5yL;1;1.0;0.0;0.0;['way', 'subscription', 'box', 'service', 'increase', 'customer', 'retention', 'url']
805588979416371200;So what was Israels reason for attacks, murder and destruction of the Palestinian people before 1982? SIMPLY HATE AND ETHNIC CLEANSING https://t.co/hLlBuxWvcU;1;1.0;0.0;0.0;['israel', 'reason', 'attack', 'murder', 'destruction', 'palestinian', 'people', 'hate', 'ethnic', 'cleansing', 'url']
806585328740036609;Up and https://t.co/N2QjTJQ8tU;1;0.0;1.0;1.0;['url']
808672080690483200;What satellites can tell us about how animals will fare in a changing climate - @NASA https://t.co/HJdka2hiSu #ClimateChange #biodiversity https://t.co/obxUKQ3U91;1;0.0;1.0;1.0;['satellite', 'tell', 'animal', 'fare', 'change', 'climate', 'USER', 'url', 'HASHTAG', 'HASHTAG', 'url']
808784310056714242;U.S. Department of Transportation Proposes Mandatory 'Talking Car' Technology to Prevent C... https://t.co/VgKaUDcZ8F https://t.co/7Bck9E1sfA;0;0.0;0.0;0.0;['department', 'transportation', 'propose', 'mandatory', 'talk', 'car', 'technology', 'prevent', 'url', 'url']
809402458514419713;#ThursdayThoughts-Liberals need to stop being cry babies and spoiled brats! This is comedy ! Grow up ! https://t.co/5nGLrGQU6r;0;0.0;0.0;0.0;['hashtagliberal', 'need', 'stop', 'cry', 'baby', 'spoiled', 'brat', 'comedy', 'grow', 'url']
811684851619241984;Engineering rice to waste less fertilizer https://t.co/DfON6CoJ2e https://t.co/2wljBDXpFH;1;0.0;1.0;1.0;['engineering', 'rice', 'waste', 'fertilizer', 'url', 'url']
814338973665476609;RT HealingMB: Stressed? Stretching reduces stress, increasing circulation, reducing pain etc #Healing #Yoga... https://t.co/XTyqkcaSBt;1;1.0;0.0;0.0;['healingmb', 'stress', 'stretching', 'reduce', 'stress', 'increase', 'circulation', 'reduce', 'pain', 'HASHTAG', 'HASHTAG', 'url']
816954428360003584;Forex - Dollar broadly lower after Fed meeting minutes https://t.co/gf9CyzNfrt #forex;0;0.0;0.0;0.0;['forex', 'dollar', 'low', 'fed', 'meeting', 'minutes', 'url', 'HASHTAG']
817079729740189696;Volunteers coming to punjab through @ChaloPunjab Movement to support AAP. Hats off to his love for Punjab. https://t.co/dUYMGtnzfX;0;0.0;0.0;0.0;['volunteer', 'come', 'punjab', 'USER', 'movement', 'support', 'aap', 'hat', 'love', 'punjab', 'url']
818219492887199745;Pain changes people.;1;1.0;0.0;0.0;['pain', 'change', 'people']
819736054689366018;. @ARizzo44's world tour makes a pit stop in Chicago, @laurencomitor writes: https://t.co/UoexxudXrb;0;0.0;0.0;0.0;['USERs', 'world', 'tour', 'make', 'pit', 'stop', 'chicago', 'USER', 'write', 'url']
820156074930081792;The happier you are, the less sleep you require to function in everyday life. Sadness increases the urge to sleep more.;1;1.0;0.0;0.0;['happy', 'sleep', 'require', 'function', 'everyday', 'life', 'sadness', 'increase', 'urge', 'sleep']
821435427571658753;Harvard research estimates #ACA repeal will cause 27,000 people to die every year who otherwise would have lived. https://t.co/CNDC574pYd;1;1.0;1.0;1.0;['harvard', 'research', 'estimate', 'HASHTAG', 'repeal', 'cause', 'people', 'die', 'year', 'live', 'url']
823658050833805313;Do conservatives know that legally taking away abortion isn't going to actually stop people from getting abortions?;1;1.0;0.0;0.0;['conservative', 'know', 'take', 'abortion', 'stop', 'people', 'get', 'abortion']
823860023390535680;International students @UWS - come and meet the International Student Support team on Thursday - quizzes, Scottish food, meet new people! https://t.co/2QMAxyxG6O;0;0.0;0.0;0.0;['international', 'student', 'USER', 'come', 'meet', 'international', 'student', 'support', 'team', 'thursday', 'quiz', 'scottish', 'food', 'meet', 'new', 'people', 'url']
825716354585997312;China: The Struggle at the Top | by Andrew J. Nathan | The New York Review of Books https://t.co/DWY8QNvvxg;1;0.0;1.0;1.0;['china', 'struggle', 'andrew', 'nathan', 'new', 'york', 'review', 'book', 'url']
826562278627618817;Apple Reports Record First Quarter Results https://t.co/IGKhTD2tg9;0;0.0;0.0;0.0;['apple', 'report', 'record', 'quarter', 'result', 'url']
826607463831003136;Cownose Rays are Beaten With Bats and Suffocated by Fishermen - Stop the Slaughter https://t.co/YJvN5sol65 via @ForceChange;0;0.0;0.0;0.0;['cownose', 'ray', 'beat', 'bat', 'suffocate', 'fisherman', 'stop', 'slaughter', 'url', 'USER']
827372324533915648;@thehill @NormDeguere good for them then we will be spared a pile of irrelevant research.;0;0.0;0.0;0.0;['user', 'USER', 'good', 'spar', 'pile', 'irrelevant', 'research']
829033187225509888;#FedEx STOP TRANSPORTING DOLPHINS Without air carriers the dolphin trade would die! #OpSeaWorld https://t.co/XOXNH6kPFT;0;0.0;0.0;0.0;['HASHTAG', 'stop', 'transport', 'dolphin', 'air', 'carrier', 'dolphin', 'trade', 'die', 'HASHTAG', 'url']
831569149302231040;"""How Japan's New Regulations Affect Bitcoin Exchanges"" – Japan has recently overtaken the US and China as… https://t.co/t7WH5PJAvk #bitcoin";0;0.0;0.0;0.0;['japans', 'new', 'regulation', 'affect', 'bitcoin', 'exchange', 'japan', 'overtake', 'china', 'url', 'HASHTAG']
832017314908405760;#prnewswire Additional results from pivotal RA-BEAM study published in New England https://t.co/C2iSu6FTEi;1;0.0;1.0;1.0;['HASHTAG', 'additional', 'result', 'pivotal', 'rabeam', 'study', 'publish', 'new', 'england', 'url']
833408997524910080;@nmucklow @ctvqp Obviously. But #M103 asks for recommendations that can lead to a future bill = legilslation. Nothing to do with Trump.#Sigh;0;0.0;0.0;0.0;['user', 'USER', 'HASHTAG', 'ask', 'recommendation', 'lead', 'future', 'bill', 'legilslation', 'trumphashtag']
834208335406641152;Poll: Support for #marijuana growing like a weed in #Texas #WarOnDrugs https://t.co/0uCYwdUVoa;0;0.0;0.0;0.0;['poll', 'support', 'HASHTAG', 'grow', 'weed', 'HASHTAG', 'HASHTAG', 'url']
835178704435359745;The Latest: Times reports calls between Trump team, Russia https://t.co/mb95MQ65r9;0;0.0;0.0;0.0;['late', 'time', 'report', 'call', 'trump', 'team', 'russia', 'url']
835545584400498688;Innovation - Infection Control - Mathematics supports a new way to classify viruses based on structure: https://t.co/LnptAW3iii;1;1.0;1.0;1.0;['innovation', 'infection', 'control', 'mathematic', 'support', 'new', 'way', 'classify', 'virus', 'base', 'structure', 'url']
836660703025070080;@TheDirtyPurple Those carpets are amazing and great support for British industry.;0;0.0;0.0;0.0;['USER', 'carpet', 'amazing', 'great', 'support', 'british', 'industry']
836678952458600452;@delaneykingrox stop with the false name calling and debate rationally instead of playing 'cards';0;0.0;0.0;0.0;['USER', 'stop', 'false', 'call', 'debate', 'play', 'card']
837670504236531716;Please give a #FF to @CompleteKidzCiC working with children, young people & families to promote healthy lifestyles https://t.co/clZmxHQwbY;0;0.0;0.0;0.0;['hashtag', 'USER', 'work', 'child', 'young', 'people', 'family', 'promote', 'healthy', 'lifestyle', 'url']
837671647721177088;Future medical perspectives: Gut bacteria will revolutionise #medicine https://t.co/nAmZqZ4UY6 @Metabolcenter @NEJM @ScienceNordic https://t.co/O8W8BgyUAb;1;1.0;1.0;1.0;['future', 'medical', 'perspective', 'gut', 'bacteria', 'revolutionise', 'HASHTAG', 'url', 'USER', 'USER', 'USER', 'url']
838373677758562306;why do trains always stop on the tracks in the mornings like people don't have places to be🤦🏽‍♀️;0;0.0;0.0;0.0;['train', 'stop', 'track', 'morning', 'people', 'place']
839139914176479232;#10: RapidKetosis Premium Exogenous Ketone Supplement - Weight Loss Was Never Easier… https://t.co/OoRJlk58BA #Prepared #Foods;1;1.0;0.0;0.0;['HASHTAG', 'rapidketosis', 'exogenous', 'ketone', 'supplement', 'weight', 'loss', 'easy', 'url', 'HASHTAG', 'HASHTAG']
839180678629486592;Trump promised one of the largest military buildups ever. 3% increase from Obama's budget is barely a buildup, let alone a large one.;0;0.0;0.0;0.0;['trump', 'promise', 'large', 'military', 'buildup', 'increase', 'obamas', 'budget', 'buildup', 'let', 'large']
839281326121443329;(3) Fear of illness because of poverty is a national disgrace. It also causes huge numbers to live in a perpetual state of stress.;1;1.0;0.0;0.0;['fear', 'illness', 'poverty', 'national', 'disgrace', 'cause', 'huge', 'number', 'live', 'perpetual', 'state', 'stress']
841315482867245056;@jafarsbutt ugh. I'm really over the mezzo drama. the root cause is always the same. they really haven't grown at all... YEAH PYTHAG ARC PLS;0;0.0;0.0;0.0;['USER', 'mezzo', 'drama', 'root', 'cause', 'grow', 'yeah', 'pythag', 'arc', 'pls']
843119176210300929;Papehal, congrats to all spm candidates. Tak kisah la dapat result macam mana pun, keep on moving towards success and don't stop here.;0;0.0;0.0;0.0;['papehal', 'congrat', 'spm', 'candidate', 'tak', 'kisah', 'dapat', 'result', 'macam', 'mana', 'pun', 'move', 'success', 'stop']
843126626212855810;Hundreds of people out today to support @KGHAandE! Proud to represent this borough! https://t.co/Hr2EOsbMH2;0;0.0;0.0;0.0;['hundred', 'people', 'today', 'support', 'USER', 'proud', 'represent', 'borough', 'url']
844220064211632128;DOJ will announce it has filed federal corruption charges against Philadelphia's DA this afternoon, Inquirer reports https://t.co/r1M6Q8Lbm0;0;0.0;0.0;0.0;['doj', 'announce', 'file', 'federal', 'corruption', 'charge', 'philadelphia', 'afternoon', 'inquirer', 'report', 'url']
844594656872714245;Did you know we offer a residentially based Masters program? You can learn more about it here! https://t.co/yZZpLl9s2G https://t.co/BL15Jvhqs8;0;0.0;0.0;0.0;['know', 'offer', 'base', 'master', 'program', 'learn', 'url', 'url']
845994048796180482;Methane Hydrate: Killer cause of Earth's greatest mass extinction https://t.co/oqnlFrU51i warning: #Elsevier (malicious company);1;1.0;1.0;1.0;['methane', 'hydrate', 'killer', 'cause', 'earth', 'great', 'mass', 'extinction', 'url', 'warn', 'HASHTAG', 'malicious', 'company']
847011162164285440;Police band together to show support for officer charged in Abdi death https://t.co/4lBeUo4hIS #ottnews #ottawa https://t.co/5UKIkeGzGz;0;0.0;0.0;0.0;['police', 'band', 'support', 'officer', 'charge', 'abdi', 'death', 'url', 'HASHTAG', 'HASHTAG', 'url']
848697042692169728;The power of science!!!! This is amazing. https://t.co/vXH2gnRTrP;1;0.0;1.0;1.0;['power', 'science', 'amazing', 'url']
850025269234741253;Is feminism getting closer to #neoliberalism & #capitalism today than the 70s? Nanette Funk challenges Nancy Fraser https://t.co/l0eTgsE53a;1;1.0;1.0;1.0;['feminism', 'get', 'close', 'HASHTAG', 'HASHTAG', 'today', 'nanette', 'funk', 'challenge', 'nancy', 'fraser', 'url']
850770221182976001;California took another step towards protecting the Stanislaus, Tuolumne, Merced & lower San Joaquin Rivers. https://t.co/pI9xtTrdH0;0;0.0;0.0;0.0;['california', 'take', 'step', 'protect', 'stanislaus', 'tuolumne', 'merce', 'low', 'san', 'joaquin', 'river', 'url']
851425636992339969;.@united The @courierjournal reports that the passenger was removed from the flight to be replaced by United airlines staff https://t.co/Nkeqk6eqkm https://t.co/z3jNnUiDJX;0;0.0;0.0;0.0;['USER', 'USER', 'report', 'passenger', 'remove', 'flight', 'replace', 'united', 'airlines', 'staff', 'url', 'url']
853358642472550400;@helldogs6615 @SenSanders Correction: stupid people in VT support Trump. Clinton got 56.68% #Trump got an utterly embarrassing 30.27% of vote. Most VTers are smart.;0;0.0;0.0;0.0;['USER', 'USER', 'correction', 'stupid', 'people', 'support', 'trump', 'clinton', 'get', 'HASHTAG', 'get', 'embarrassing', 'vote', 'vter', 'smart']
854729466861559808;Myth: Warm Up can Increase Vertical Jump! True or False? #nba See at : https://t.co/ZjGHyzRNGd https://t.co/jHDDRcxYnb;1;1.0;0.0;0.0;['myth', 'warm', 'increase', 'vertical', 'jump', 'true', 'false', 'HASHTAG', 'url', 'url']
854759368062943232;"GOPers signing on w/ Dems or getting Dem support is just smart politics for the minority party to get things done. Not more ""bipartisan"" https://t.co/0HItNSx0C4";0;0.0;0.0;0.0;['goper', 'sign', 'dem', 'get', 'dem', 'support', 'smart', 'politic', 'minority', 'party', 'thing', 'bipartisan', 'url']
855333006227103744;Seeking perfection in trading leads to massive losses https://t.co/VacaxTq2zE;1;1.0;0.0;0.0;['seek', 'perfection', 'trading', 'lead', 'massive', 'loss', 'url']
857656545974398976;student athletes are a different species https://t.co/vDa7gpwZgk;1;1.0;0.0;0.0;['student', 'athlete', 'different', 'specie', 'url']
859309059609997312;im gonna be an economist;0;0.0;0.0;0.0;['economist']
860184097980784641;Remember when libs attacked @POTUS for his concealed carry stance? RIGHT AGAIN: Man stops killer. MSM won't blast this. #ThursdayThoughts https://t.co/r1rf9hpm1G;0;0.0;0.0;0.0;['remember', 'lib', 'attack', 'USER', 'conceal', 'carry', 'stance', 'man', 'stop', 'killer', 'msm', 'blast', 'HASHTAG', 'url']
860957536140308480;13 frameworks for mastering #machinelearning https://t.co/WDy8JZwPPl via @infoworld;0;0.0;0.0;0.0;['framework', 'master', 'HASHTAG', 'url', 'USER']
861250238052433920;First ice cream, a sweet treat @McDonalds #boxerdog #boxers #dogsoftwitter #dogslife #icecream #boxerworld #boxersofinstagram #puppy https://t.co/kvs5S0id9o;0;0.0;0.0;0.0;['ice', 'cream', 'sweet', 'treat', 'USER', 'HASHTAG', 'HASHTAG', 'HASHTAG', 'HASHTAG', 'HASHTAG', 'HASHTAG', 'HASHTAG', 'HASHTAG', 'url']
861800417470054400;Climate activists shut down Chase banks in Seattle. @AlisonMorrowK5 reports https://t.co/qgyBXEyTGj;0;0.0;0.0;0.0;['climate', 'activist', 'shut', 'chase', 'bank', 'seattle', 'USER', 'report', 'url']
862030957385310208;Lack of free will and unwillingness to exercise it are functionally equivalent.;1;1.0;0.0;0.0;['lack', 'free', 'unwillingness', 'exercise', 'equivalent']
862982829214507010;This story will tear you apart: The Last Person You’d Expect to Die in Childbirth https://t.co/2gGPOVUiv9;1;0.0;1.0;1.0;['story', 'tear', 'person', 'expect', 'die', 'childbirth', 'url']
863005248062976000;Norwegian government strongly opposes Norw Labour Union's decision: #boycott of #Israel. We need more cooperation and dialogue, not boycott. https://t.co/vB5K4cjUaO;0;0.0;0.0;0.0;['norwegian', 'government', 'oppose', 'norw', 'labour', 'union', 'decision', 'HASHTAG', 'HASHTAG', 'need', 'cooperation', 'dialogue', 'boycott', 'url']
863330963123732480;#sports #fitness Buy Now: $33.97 Ueasy Knee pad Breathable Support Crashproof Antis... https://t.co/0Vd093Q0v1 https://t.co/MWaDuyQkbG;0;0.0;0.0;0.0;['HASHTAG', 'HASHTAG', 'buy', 'knee', 'pad', 'breathable', 'support', 'crashproof', 'antis', 'url', 'url']
864377347507671041;A good start but more than information is needed to support customers to buy more healthy and less unhealthy food in supermarkets https://t.co/p3K7tlHTT9;0;0.0;0.0;0.0;['good', 'start', 'information', 'need', 'support', 'customer', 'buy', 'healthy', 'unhealthy', 'food', 'supermarket', 'url']
864571933886730242;What does deficiency means to native americans?;0;0.0;0.0;0.0;['deficiency', 'mean', 'native', 'americans']
864895567956029440;Want to fight homelessness? Prevent displacement. Research on San Mateo County out today: https://t.co/VerZkDs2jI via @UCBDisplacement;1;1.0;1.0;1.0;['want', 'fight', 'homelessness', 'prevent', 'displacement', 'research', 'san', 'mateo', 'county', 'today', 'url', 'USER']
865345159738929153;Trying times doesn't mean to stop trying;0;0.0;0.0;0.0;['try', 'time', 'mean', 'stop', 'try']
866052305094946817;@Bleah_Bleah @rickkenig @Chameleon_X_ @REV_20_10 @JeffHar18906046 @sdx904x08 @DrJomaih @LogansWarning1 @lovestheworld3 @QuantaraJohn @unlimited_abu @Yadava1nonly @Truth_Tellerzz @Mitchforjesus @GodlessHussar2 @Immortal__Saint @Libtard_Police @moshakeel_h @AdamSmithFan @HamzaCule @MuslimIQ @TrueIslamUSA Moreso the first one. The issues with failing to research was more issues that encompassed our Afghanistan/Iraq situation from 2001 onward.;0;0.0;0.0;0.0;['user', 'USER', 'USER', 'USER', 'USER', 'USER', 'USER', 'USER', 'USER', 'USER', 'USER', 'USER', 'USER', 'USER', 'USER', 'USER', 'USER', 'USER', 'USER', 'USER', 'USER', 'USER', 'moreso', 'issue', 'fail', 'research', 'issue', 'encompass', 'afghanistaniraq', 'situation']
867767699908075520;Cycling is SAFE, it's the infrastructure & cars that are dangerous. #BicycleEquity Let's control the narrative! https://t.co/qEuuTxitj7;1;1.0;1.0;1.0;['cycling', 'safe', 'infrastructure', 'car', 'dangerous', 'HASHTAG', 'control', 'narrative', 'url']
868167534532595713;@FerrickAnima @Ichikyo57 -exclusively for PS4 get backported to Vita/PS3 (RESOGUN) and that shit was not pretty. Inferior graphics, lower framerate, game was NOT--;0;0.0;0.0;0.0;['user', 'USER', 'ps4', 'backporte', 'vitaps3', 'resogun', 'shit', 'inferior', 'graphic', 'low', 'framerate', 'game']
869525137917399040;New this morning: Trump’s communication director Mike Dubke is leaving after submitting resignation letter, @kwelkernbc reports https://t.co/l88PZVZm3E;0;0.0;0.0;0.0;['new', 'morning', 'trump', 'communication', 'director', 'mike', 'dubke', 'leave', 'submit', 'resignation', 'letter', 'USER', 'report', 'url']
872998114449346560;Accidental Drowning Ruled as Cause for Missing Woman's Death https://t.co/UzQoAGFxAE https://t.co/xIk1jSzrPe;0;0.0;0.0;0.0;['accidental', 'drowning', 'rule', 'cause', 'miss', 'womans', 'death', 'url', 'url']
873937360127275008;@ColinKahl There has been a sharp increase in reported abuse of travellers - particularly non-whites - by CBP & ICE personnel. https://t.co/sVIYIvMNTk;1;1.0;0.0;0.0;['USER', 'sharp', 'increase', 'report', 'abuse', 'traveller', 'nonwhite', 'cbp', 'ice', 'personnel', 'url']
876112200162615298;Craving something sweet? Here is the perfect baked summer treat https://t.co/MvOTfji0ON #baking #recipes https://t.co/anvZ7kaL7y;0;0.0;0.0;0.0;['crave', 'sweet', 'perfect', 'baked', 'summer', 'treat', 'url', 'HASHTAG', 'HASHTAG', 'url']
877575894629572608;$ORRV more and more support at 8 looking good 🔥🤟💸👀 $DOLV $OWCP $CHRO $MMEX $DEWM $SFOR $USRM $SVTE $FRZT $LGBS $FLPC $ICNB $CBIS $SIRI;0;0.0;0.0;0.0;['orrv', 'support', 'look', 'good', 'dolv', 'owcp', 'chro', 'mmex', 'dewm', 'usrm', 'svte', 'frzt', 'lgbs', 'flpc', 'icnb', 'cbis', 'siri']
877868250515652612;Making great time so a quite stop for refreshments and real bathrooms 😊 @EPSPhoenix @GreatEssexETFO https://t.co/ETuZYNNyzb;0;0.0;0.0;0.0;['make', 'great', 'time', 'stop', 'refreshment', 'real', 'bathroom', 'USER', 'USER', 'url']
878021959518363648;European markets are a better investment than US markets, analyst says https://t.co/APHnvJROtc #Stock #Market https://t.co/ykYySyP5vH;1;1.0;0.0;0.0;['european', 'market', 'well', 'investment', 'markets', 'analyst', 'say', 'url', 'HASHTAG', 'HASHTAG', 'url']
878086451639894016;.@SRE_mx statement regarding #US President recent tweet about violence in #Mexico https://t.co/55b5KDs9iT;0;0.0;0.0;0.0;['USER', 'statement', 'HASHTAG', 'president', 'recent', 'tweet', 'violence', 'HASHTAG', 'url']
879156426467295233;@ananavarro He was African American. To some Republicans that is enough reason for a killing not to be murder.;0;0.0;0.0;0.0;['USER', 'african', 'american', 'republicans', 'reason', 'killing', 'murder']
879439969785348096;"@nabsta192 @KTHopkins @GeoffArsenal Nabil these sickos full stop preying on ""white"" girls. I've never heard of a Christian grooming gang preying on Muslim girls in #uk come on!";0;0.0;0.0;0.0;['user', 'USER', 'USER', 'nabil', 'sickos', 'stop', 'prey', 'white', 'girl', 'hear', 'christian', 'groom', 'gang', 'preying', 'muslim', 'girl', 'HASHTAG', 'come']
879660771197767680;@martine95000 @C4CAnimals @argentomaris1 @RoughGuides Souless demons 😈 STOP THIS TORTURE #China #StopYuLinForever 💔;0;0.0;0.0;0.0;['user', 'USER', 'USER', 'USER', 'souless', 'demon', 'stop', 'torture', 'HASHTAG', 'HASHTAG']
879799195368136704;leaving a toxic relationship and surrounding urself with people who treat u right & want the best for u is BEAUTIFUL 10/10 RECOMMEND !!!;0;0.0;0.0;0.0;['leave', 'toxic', 'relationship', 'surround', 'urself', 'people', 'treat', 'want', 'good', 'beautiful', 'recommend']
880400448645156865;The Rise of bilingual #sciencejournalism #ECSJ2017 @jarimakinen @nuriajar @swaforini @fedkukso https://t.co/3P7gdyQUyb;1;0.0;0.0;1.0;['rise', 'bilingual', 'HASHTAG', 'HASHTAG', 'USER', 'USER', 'USER', 'USER', 'url']
882983426822995968;Will u help💙us w/ a RT? A project to promote peace & tolerance. https://t.co/Pj6xs5J03V #donorschoose #charity #kidsdeserveit #Mindfulness;0;0.0;0.0;0.0;['helpus', 'project', 'promote', 'peace', 'tolerance', 'url', 'HASHTAG', 'HASHTAG', 'HASHTAG', 'HASHTAG']
884812734830981122;@larsiusprime IDK. There are many ways to promote a game (or a game idea). Just putting it on Steam is probably the worst :);0;0.0;0.0;0.0;['USER', 'idk', 'way', 'promote', 'game', 'game', 'idea', 'put', 'steam', 'bad']
886227172784050179;@DrMartyFox @seanhannity Maybe Mueller had to hire only HRC donors cause Repub donors refused to be part of one-sided investigation? Still no look at BO+HRC scandals;0;0.0;0.0;0.0;['user', 'USER', 'mueller', 'hire', 'hrc', 'donor', 'cause', 'repub', 'donor', 'refuse', 'onesided', 'investigation', 'look', 'bohrc', 'scandal']
886673109964685312;Does Stress Worsen Chemical Harms in Pregnancy? https://t.co/Rq4HC2fMXU;1;1.0;1.0;1.0;['stress', 'worsen', 'chemical', 'harm', 'pregnancy', 'url']
887050236530765825;Keep checking in on latest @ealcs1 articles. Soon roundtable on @G_A_Musila's landmark book!#MyTwitterAnniversary https://t.co/T3MqpEjemP https://t.co/AWzGFaGcOE;1;0.0;0.0;1.0;['check', 'late', 'USER', 'article', 'roundtable', 'USERs', 'landmark', 'bookHASHTAG', 'url', 'url']
887340687343067136;Study finds increasing patient engagement can lower adverse events in an ICU setting: https://t.co/3InryC0kuv #ptsafety #patientengagement;1;1.0;1.0;1.0;['study', 'find', 'increase', 'patient', 'engagement', 'lower', 'adverse', 'event', 'icu', 'set', 'url', 'HASHTAG', 'HASHTAG']
887370991801913344;@gskh1237 @bjorkianrice @IndivisibleNV @IndivisibleLV @TWWNevada @SenDeanHeller STOP CRUELTY WHY UNDECIDED WHAT R U RESIGN;0;0.0;0.0;0.0;['user', 'USER', 'USER', 'USER', 'USER', 'USER', 'stop', 'cruelty', 'undecided', 'resign']
887707010103480320;Wonderful Wednesday!. Lakeland Village is open Wednesday 7.19.17 from 5-7. Stop by 86 4th Ave (use the number 4... https://t.co/grj10LoIsu;0;0.0;0.0;0.0;['wonderful', 'wednesday', 'lakeland', 'village', 'open', 'wednesday', 'stop', '4th', 'ave', 'use', 'number', 'url']
888135615929364481;Court Stops Illinois Law Forcing Christian Doctors and Pregnancy Centers to Promote Abortion @LifeNewsHQ https://t.co/PpdZXQ5T7e;0;0.0;0.0;0.0;['court', 'stop', 'illinois', 'law', 'force', 'christian', 'doctor', 'pregnancy', 'center', 'promote', 'abortion', 'USER', 'url']
888600954689523713;.@thedaily @WDFW #SaveSmackoutPack Incomplete investigation does not support extermination. #SaveSmackoutPack https://t.co/kYvd9ISHg6;0;0.0;0.0;0.0;['user', 'USER', 'HASHTAG', 'incomplete', 'investigation', 'support', 'extermination', 'HASHTAG', 'url']
889171082237935617;So comic book cover versions of movie posters are a trend this comic con. I'm not complaining. https://t.co/xswQ6sGzRE;0;0.0;0.0;0.0;['comic', 'book', 'cover', 'version', 'movie', 'poster', 'trend', 'comic', 'con', 'complain', 'url']
890144022366498816;➙MASAKI YODA 2016/11 -don't stop it(sample)(1920kHz/24bit Quality)- https://t.co/vzRlZdySy1 #音樂 #Japan #information;0;0.0;0.0;0.0;['masaki', 'yoda', 'stop', 'quality', 'url', 'HASHTAG', 'HASHTAG']
890968094054637568;@KJApplegate @ribg Hey Kevin! Just to clarify, this Ring video recording is accessible by the homeowner, and he shared it with local police immediately.;0;0.0;0.0;0.0;['user', 'USER', 'kevin', 'clarify', 'ring', 'video', 'recording', 'accessible', 'homeowner', 'share', 'local', 'police']
891813728651329536;no matter how educated, talented, rich or cool u believe u are, how u treat people ultimately tells all;0;0.0;0.0;0.0;['educate', 'talented', 'rich', 'cool', 'believe', 'treat', 'people', 'tell']
895644705232265216;CAR12 REPORTS ON BOX A CODE 111, COMPANIES IN SERVICE AND COMMAND TERMINATED;0;0.0;0.0;0.0;['car12', 'report', 'box', 'code', 'company', 'service', 'command', 'terminate']
896277923522633728;Is it wrong that being able to eat as many gummy worms as I want seems to me on par with curing cancer at the moment? https://t.co/C9dpsIFy0B;0;0.0;0.0;0.0;['wrong', 'able', 'eat', 'gummy', 'worm', 'want', 'par', 'cure', 'cancer', 'moment', 'url']
896848697950175234;Results Equal Retention: Stop Selling the Wrong Thing. Discover more at Club Industry Show #CIShow https://t.co/WRwSWRiX2l via @YouTube;0;0.0;0.0;0.0;['result', 'equal', 'retention', 'stop', 'sell', 'wrong', 'thing', 'discover', 'club', 'industry', 'HASHTAG', 'url', 'USER']
897389401822638080;Exclusive: Costa made three requests to leave #CFC over the course of last season, reports @MattHughesTimes https://t.co/2PtekGcB8d https://t.co/wWtwBExmGN;0;0.0;0.0;0.0;['exclusive', 'costa', 'request', 'leave', 'HASHTAG', 'course', 'season', 'report', 'USER', 'url', 'url']
897959625504559104;Why the definition of polycystic ovary syndrome harms women https://t.co/ohHp3Llt8y #sciencepolicy;1;1.0;1.0;1.0;['definition', 'polycystic', 'ovary', 'syndrome', 'harm', 'woman', 'url', 'HASHTAG']
898900483389009921;@KookahLoves Now days many mature people who treat idol issues as serious as a world war;0;0.0;0.0;0.0;['USER', 'day', 'mature', 'people', 'treat', 'idol', 'issue', 'world', 'war']
899177194223656960;"@AnnCoulter @trumps_feed North Korea warned that upcoming US-South Korea military exercises are ""reckless behavior"" https://t.co/VbAW4wUswW";0;0.0;0.0;0.0;['user', 'USER', 'north', 'korea', 'warn', 'upcoming', 'ussouth', 'korea', 'military', 'exercise', 'reckless', 'behavior', 'url']
899206910846664706;@blynntopsfield wow lots of cancer research supports trump - no surprise;1;0.0;0.0;1.0;['USER', 'lot', 'cancer', 'research', 'support', 'trump', 'surprise']
899488800287727617;gratitude is a killer antidepressant;1;1.0;0.0;0.0;['gratitude', 'killer', 'antidepressant']
900885408174571521;#VIP2 Box office Hit With Youths, Kids & Family Audience Full Support #VIP2BlockBuster3RdWeek #VIP2BB3rdWeek https://t.co/6VWYClcAtt;0;0.0;0.0;0.0;['HASHTAG', 'box', 'office', 'hit', 'youth', 'kid', 'family', 'audience', 'support', 'HASHTAG', 'HASHTAG', 'url']
900929486543347712;Is Your Debt too Expensive? @SettleiTsoft helps debtors stop #collection calls for #FREE! #FinTech #StartUp #Miami https://t.co/sj8RNwieBr;0;0.0;0.0;0.0;['debt', 'expensive', 'USER', 'help', 'debtor', 'stop', 'HASHTAG', 'call', 'HASHTAG', 'HASHTAG', 'HASHTAG', 'HASHTAG', 'url']
901199915619151873;How removing statues will fix society: https://t.co/aB3IM4nDEH;0;0.0;0.0;0.0;['remove', 'statue', 'fix', 'society', 'url']
902298014232006661;The @USCG alone has rescued over 1,500 people, but emergency systems are overwhelmed. Mark Strassmann reports now https://t.co/ikGYhcJU6k;0;0.0;0.0;0.0;['USER', 'rescue', 'people', 'emergency', 'system', 'overwhelmed', 'mark', 'strassmann', 'report', 'url']
903534472078995456;Maintenance Engineer - Deeside - Total Staff #defence # jobs https://t.co/TauK0kCjVE;0;0.0;0.0;0.0;['maintenance', 'engineer', 'deeside', 'total', 'staff', 'HASHTAG', 'job', 'url']
906632598943944705;@AntoRigel That's life, stop being el gilipollas que se amarga.;0;0.0;0.0;0.0;['USER', 'life', 'stop', 'gilipollas', 'que', 'amarga']
906920210757758976;@ChrisLewisLLS A UL recommended publication...👍🇨🇦 straightforward and based on a successful career of SOLID Leadership and charisma.;0;0.0;0.0;0.0;['USER', 'recommend', 'publication', 'straightforward', 'base', 'successful', 'career', 'solid', 'leadership', 'charisma']
907675420350447616;@CryptoBully Good job those tight stops were in that don't look good now;0;0.0;0.0;0.0;['USER', 'good', 'job', 'tight', 'stop', 'look', 'good']
909231305820299264;SOMEONE OPTION JENNA'S ROUND THE TWIST ORAL HISTORY FOR A BOOK *IMMEDIATELY* https://t.co/e6eVDSVFVe;0;0.0;0.0;0.0;['option', 'jenna', 'round', 'twist', 'oral', 'history', 'book', 'url']
909531164981022723;This post will show you why it’s a real mistake to count on a cellphone when you go hiking. https://t.co/uGwCWHoipp;1;0.0;1.0;1.0;['post', 'real', 'mistake', 'count', 'cellphone', 'hike', 'url']
910036033378627585;'Disaster looms' Scheming Remainers plot to join forces with rivals to STOP BREXIT https://t.co/Z3FaiVodbn;0;0.0;0.0;0.0;['disaster', 'loom', 'scheme', 'remainer', 'plot', 'join', 'force', 'rival', 'stop', 'brexit', 'url']
911030122773385216;"Stocks, USDJPY Stumble After North Korean ""H-Bomb Test"" Threat Reports https://t.co/4WlIsvxL7v";0;0.0;0.0;0.0;['stock', 'stumble', 'north', 'korean', 'hbomb', 'test', 'threat', 'report', 'url']
912204811503902720;US isolation on the bell curve of international opinion - Asia Times https://t.co/YdbeW9a60d;0;0.0;0.0;0.0;['isolation', 'bell', 'curve', 'international', 'opinion', 'asia', 'times', 'url']
912801505777995780;@michaelkruse @maggieNYT @karaswisher Haberman enables trump in her tweets and her writings. Fahrenthold reports with accuracy and facts.;0;0.0;0.0;0.0;['user', 'USER', 'USER', 'haberman', 'enable', 'trump', 'tweet', 'writing', 'fahrenthold', 'report', 'accuracy', 'fact']
913722549770637312;Science, Meaning and the Imagination: How can we bring the human being back into our science? https://t.co/8tBo3aLRJK https://t.co/1Xezcj7Cci;1;0.0;0.0;1.0;['science', 'meaning', 'imagination', 'bring', 'human', 'science', 'url', 'url']
914779556288110593;https://t.co/i9PZjYWVL5 Flood of support for suspended WA reverend - The Australian https://t.co/Hgl3nAYLvn;0;0.0;0.0;0.0;['url', 'flood', 'support', 'suspend', 'reverend', 'australian', 'url']
914961463269191680;Tom Petty, 66, dies of cardiac arrest: Reports https://t.co/yuhMOLM4VO;0;0.0;0.0;0.0;['tom', 'petty', 'cardiac', 'arrest', 'report', 'url']
915199959787438080;@PodioSupport guys this has to stop at some point, podio is getting way too unstable. It’s affecting our business;0;0.0;0.0;0.0;['user', 'guy', 'stop', 'point', 'podio', 'get', 'unstable', 'affect', 'business']
917749287114739713;Disabled car cleared to the right shoulder in #ChulaVista on I-805 NB before H St, stop and go traffic back to Telegraph Cyn #SDtraffic;0;0.0;0.0;0.0;['disabled', 'car', 'clear', 'right', 'shoulder', 'HASHTAG', 'i805', 'stop', 'traffic', 'telegraph', 'cyn', 'HASHTAG']
918079232818995200;Avaya helps companies to deliver digital #customerexperiences through integrated support for all #mediachannels https://t.co/d5Q4rHJ9lB https://t.co/QdSQ2kgtNe;0;0.0;0.0;0.0;['avaya', 'help', 'company', 'deliver', 'digital', 'HASHTAG', 'integrated', 'support', 'HASHTAG', 'url', 'url']
918080783948140544;#Dundee office support #TheBraeRidingForTheDisabled charity ball, raising thousands. See full film about charity at https://t.co/QuxudLST7i;0;0.0;0.0;0.0;['HASHTAG', 'office', 'support', 'HASHTAG', 'charity', 'ball', 'raise', 'thousand', 'film', 'charity', 'url']
918119178590138374;@BilalAbbas04 hy plz release that dance video of wedding....u are a great superb dancer man.....and ur acting is tooo good....a reply plxx??;0;0.0;0.0;0.0;['USER', 'release', 'dance', 'video', 'weddingu', 'great', 'superb', 'dancer', 'manand', 'act', 'tooo', 'gooda', 'reply', 'plxx']
918300443805126656;Combination treatment targeting glucose in advanced brain cancer shows promising results in… https://t.co/hLvMiI9nWb https://t.co/G4Qtt83sJl;1;1.0;1.0;1.0;['combination', 'treatment', 'target', 'glucose', 'advanced', 'brain', 'cancer', 'show', 'promise', 'result', 'url', 'url']
919340097409028096;82% of Americans support a pathway to citizenship! We have to remove the fear & #ProtectDREAMErs now. #AxeFiles;1;1.0;0.0;0.0;['americans', 'support', 'pathway', 'citizenship', 'remove', 'fear', 'HASHTAG', 'HASHTAG']
919682487667785728;Breaking: @Rudawkurdish reports Iraqi govt forces and Shia millitias are moving toward #Kirkuk.;0;0.0;0.0;0.0;['break', 'USER', 'report', 'iraqi', 'govt', 'force', 'shia', 'millitia', 'move', 'HASHTAG']
920181140371238912;odd eye circle trick or treat repack who knows;0;0.0;0.0;0.0;['odd', 'eye', 'circle', 'trick', 'treat', 'repack', 'know']
920635099686809600;@koebimoonlight Take note US companies/ corps/business - this is how it's done. Hey .@Amazon good time to stop advertising on hate sites. #AlligatorBrewing;0;0.0;0.0;0.0;['USER', 'note', 'company', 'corpsbusiness', 'USER', 'good', 'time', 'stop', 'advertise', 'hate', 'site', 'HASHTAG']
921643610315005953;@hopeegabee Hopefully the typhoon won’t prevent that 😂;0;0.0;0.0;0.0;['USER', 'typhoon', 'prevent']
921978919720325121;Will export control of exploits by Waassenaar signatories prevent catastrophic cyberwar? #ruxpanel;1;1.0;0.0;0.0;['export', 'control', 'exploit', 'waassenaar', 'signatory', 'prevent', 'catastrophic', 'cyberwar', 'HASHTAG']
922772065949749248;I’ll send Theresa May my lectures if she releases all of the Brexit impact studies her government is sitting on. Transparency, eh? #HigherEd https://t.co/ETFvE2Icb4;0;0.0;0.0;0.0;['ill', 'send', 'theresa', 'lecture', 'release', 'brexit', 'impact', 'study', 'government', 'sit', 'transparency', 'HASHTAG', 'url']
922800768448475138;Scientists unlock mysteries of how Ebola uses people's immune defenses to cause infection #Scientist #ebola #defense https://t.co/PggtmAR6zN;1;1.0;1.0;1.0;['scientist', 'unlock', 'mystery', 'ebola', 'use', 'people', 'immune', 'defense', 'cause', 'infection', 'HASHTAG', 'HASHTAG', 'HASHTAG', 'url']
923363392361869312;yes if people will vote and support talent not only looks :) :) :) https://t.co/Fmx0MeYS1K;0;0.0;0.0;0.0;['people', 'vote', 'support', 'talent', 'look', 'url']
923830419270897664;In developing countries, education is strongly tied to one's parents’ education, more so than in the developed world https://t.co/v7ymac4IFh https://t.co/rISn9v59Eb;1;1.0;1.0;1.0;['develop', 'country', 'education', 'tie', 'one', 'parent', 'education', 'develop', 'world', 'url', 'url']
925059627653435392;"@AP Mmmmmhmmmm....yeah ok sure. Well i wouldn't expect them to say, ""yes we colluded."" The trail leads to 45! Mueller comin";0;0.0;0.0;0.0;['USER', 'expect', 'collude', 'trail', 'lead', 'mueller', 'comin']
925553001250676736;Have some bloody fun this Halloween, courtesy of chemistry https://t.co/tJ3QFkOdYX;0;0.0;0.0;0.0;['bloody', 'fun', 'halloween', 'courtesy', 'chemistry', 'url']
926199455652687874;Scientists Link Pancreatic Cancer Survival to Four Genes https://t.co/AeSy21OlP6;1;1.0;1.0;1.0;['scientist', 'link', 'pancreatic', 'cancer', 'survival', 'gene', 'url']
926396884981297153;$IMGN ImmunoGen Reports Recent Progress and Third Quarter 2017 Operating Results From our Stock News Alerts App;0;0.0;0.0;0.0;['imgn', 'immunogen', 'report', 'recent', 'progress', 'quarter', 'operating', 'result', 'stock', 'news', 'alert', 'app']
927620355103055878;Top booster Pickens tweets support to Gundy https://t.co/MjesjQndYY;0;0.0;0.0;0.0;['booster', 'picken', 'tweet', 'support', 'gundy', 'url']
927672334470844417;how u treat others will reflect on how u feel;1;1.0;0.0;0.0;['treat', 'reflect', 'feel']
928389925980033024;https://t.co/LqI9wCxuha Corey Feldman reports child abuse claims to police: He has long alleged… https://t.co/bKSx6PIXQ5;0;0.0;0.0;0.0;['url', 'corey', 'feldman', 'report', 'child', 'abuse', 'claim', 'police', 'allege', 'url']
930058717906833408;Inclusion health: addressing the causes of the causes #SDOH @MichaelMarmot https://t.co/5FuQRe35rT;1;0.0;1.0;1.0;['inclusion', 'health', 'address', 'cause', 'cause', 'HASHTAG', 'USER', 'url']
930940704355954688;Trump on Trade: ‘Fairness’ and ‘Reciprocity’ Are a Stern Warning to Cheaters https://t.co/M5jSgD6YhC via @LifeZette;0;0.0;0.0;0.0;['trump', 'trade', 'fairness', 'reciprocity', 'stern', 'warning', 'cheater', 'url', 'USER']
931215318197907457;Florence & Herbert Irving have given $700 million to @Columbia & @nyphospital to dramatically advance #cancer research & treatment, building on 3 decades of support for @ColumbiaMed & @columbiacancer https://t.co/Ql7o8H7Q5J;1;0.0;0.0;1.0;['florence', 'herbert', 'irving', 'give', 'USER', 'USER', 'advance', 'HASHTAG', 'research', 'treatment', 'building', 'decade', 'support', 'USER', 'USER', 'url']
931419459193065472;Optical Sensors Can Shed Light on Particle Dynamics in the Ocean by Sarah Lou Carolin Giering https://t.co/x4ilGl9NCq #marinebiology #oceanography #opticalsensors #ocean #climatechange;1;1.0;1.0;1.0;['optical', 'sensor', 'shed', 'light', 'particle', 'dynamic', 'ocean', 'sarah', 'lou', 'carolin', 'giering', 'url', 'HASHTAG', 'HASHTAG', 'HASHTAG', 'HASHTAG', 'HASHTAG']
931946740743327749;#Parkinsons People | The biotech company Acorda Therapeutics Inc. yesterday announced that it was halting new recruitment for the phase III program of its drug Tozadenant (an oral adenosine A2a receptor antagonist). In… https://t.co/dRBbNw8aWA https://t.co/lVxWFjBC3e;1;0.0;1.0;1.0;['HASHTAG', 'people', 'biotech', 'company', 'acorda', 'therapeutics', 'inc', 'yesterday', 'announce', 'halt', 'new', 'recruitment', 'phase', 'iii', 'program', 'drug', 'tozadenant', 'oral', 'adenosine', 'a2a', 'receptor', 'antagonist', 'url', 'url']
932007697712480256;@cemarrie Omar seems like an idiot. Ignoran dudes are a major turn-off.;0;0.0;0.0;0.0;['USER', 'omar', 'idiot', 'ignoran', 'dude', 'major', 'turnoff']
932421444864053248;Have you saw it before? The production process of general Diodes / fast recover rectifier. etc. https://t.co/HSTj1yzvAR;0;0.0;0.0;0.0;['see', 'production', 'process', 'general', 'diode', 'fast', 'recover', 'rectifier', 'url']
932791181125316608;5 Ways to Get Rid of Muscle Knots in the Lower Back https://t.co/rQsrsbzD25 #muscleknot #backpain https://t.co/CGvAid0nVz;0;0.0;0.0;0.0;['way', 'rid', 'muscle', 'knot', 'low', 'url', 'HASHTAG', 'HASHTAG', 'url']
933934389024538624;Editorial Overview: Hollow and Porous Materials for Lithium-Ion Battery Anode by Manab Kundu* in Juniper Online Journal Material Science https://t.co/PVxa5hHyB4;1;0.0;1.0;1.0;['editorial', 'overview', 'hollow', 'porous', 'material', 'lithiumion', 'battery', 'anode', 'manab', 'kundu', 'juniper', 'online', 'journal', 'material', 'science', 'url']
934472788907212801;Is @ONgov going to pay for the increased #ONhealth care required to care for a 4-fold rise expected in teenage marijuana-intoxication after pot-legalization comes into effect? Colorado’s experience raises alarms that #ONpoli can’t afford to ignore. https://t.co/msm2ODcdG5;1;1.0;0.0;0.0;['USER', 'pay', 'increase', 'HASHTAG', 'care', 'require', 'care', 'rise', 'expect', 'teenage', 'marijuanaintoxication', 'potlegalization', 'come', 'effect', 'colorado', 'experience', 'raise', 'alarm', 'HASHTAG', 'afford', 'ignore', 'url']
934847287695757314;A Tired Brooklyn Transit Hub Is Finally Getting Attention New York City officials aim to transform Broadway Junction from a pass-through to a destination stop with offices, stores, restaurants and other amenities. https://t.co/UVRohKwJEI;0;0.0;0.0;0.0;['tired', 'brooklyn', 'transit', 'hub', 'get', 'attention', 'new', 'york', 'city', 'official', 'aim', 'transform', 'broadway', 'junction', 'passthrough', 'destination', 'stop', 'office', 'store', 'restaurant', 'amenity', 'url']
935885180786573312;#Facebook reports progress in removing extremist content https://t.co/VIttGTAObZ https://t.co/15UfyRXXxq;0;0.0;0.0;0.0;['HASHTAG', 'report', 'progress', 'remove', 'extremist', 'content', 'url', 'url']
935891140875837440;Delaying hip fracture surgery for 1 day tied to slightly higher mortality risk https://t.co/YrMEfiUZJy @JAMA_current https://t.co/KvM67kV1pu;1;1.0;1.0;1.0;['delay', 'hip', 'fracture', 'surgery', 'day', 'tie', 'high', 'mortality', 'risk', 'url', 'USER', 'url']
936432667498831873;Period stops nothing but a sentence.;0;0.0;0.0;0.0;['period', 'stop', 'sentence']
936688146749763585;Trump to recognize #Jerusalem as Israel’s capital next week – reports https://t.co/r8X3W8t0co https://t.co/6drcNjxmOH — RT (RT_com) December 1, 2017;0;0.0;0.0;0.0;['trump', 'recognize', 'HASHTAG', 'israel', 'capital', 'week', 'report', 'url', 'url', 'rt_com', 'december']
938564334418120705;suicide is now the third leading cause of death among African Americans between the ages of 15 to 24;1;1.0;0.0;0.0;['suicide', 'lead', 'cause', 'death', 'african', 'americans', 'age']
940311983437570049;.@USAGSessions #Opioids, #Erectile dysfunction, #Hypertension, #Depression, Common denominator? See: Nitrogen Narcosis, https://t.co/m69noncKYd , Erectile dysfunction. https://t.co/emkCW2IAoa , https://t.co/2o1cAllwGN , one-new-drug-multiple-med-uses https://t.co/rlt5VnUXfm https://t.co/i0ODEbpFPj;1;1.0;1.0;1.0;['USER', 'HASHTAG', 'HASHTAG', 'dysfunction', 'HASHTAG', 'HASHTAG', 'common', 'denominator', 'nitrogen', 'narcosis', 'url', 'erectile', 'dysfunction', 'url', 'url', 'onenewdrugmultiplemeduse', 'url', 'url']
940635650746978305;The Arctic is getting warmer twice as fast as the rest of the planet. And that could cause more drought in California https://t.co/32Rwk7k2el https://t.co/vGawmL0vSS;1;1.0;1.0;1.0;['arctic', 'get', 'warm', 'rest', 'planet', 'cause', 'drought', 'california', 'url', 'url']
940684900109307904;"October 19, 2017: ""Stem Cell Studies Build Momentum toward Therapy for Age-Associated Frailty"" | Miller School of Medicine | University of Miami https://t.co/4PlKngvGj4 via @UMiamiMedicine #longevity #antiaging #stemcells";1;1.0;1.0;1.0;['october', 'stem', 'cell', 'study', 'build', 'momentum', 'therapy', 'ageassociated', 'frailty', 'miller', 'school', 'medicine', 'university', 'miami', 'url', 'USER', 'HASHTAG', 'HASHTAG', 'HASHTAG']
941861778178363394;The forbidden words are “vulnerable,” “entitlement,” “diversity,” “transgender,” “fetus,” “evidence-based” and “science-based.” https://t.co/6Olvpyz5JR;1;0.0;0.0;1.0;['forbidden', 'word', 'vulnerable', 'entitlement', 'diversity', 'transgender', 'fetus', 'evidencebase', 'sciencebase', 'url']
942165802911875072;@nypost The liberty interest of the family encompasses an interest in retaining custody of one’s children and, thus, a state may not interfere with a parent’s custodial rights absent due process protections. Langton v. Maloney, 527 F Supp 538, D.C. Conn. (1981). https://t.co/RLQcYhB0gX https://t.co/TXlY7igBDP;0;0.0;0.0;0.0;['USER', 'liberty', 'interest', 'family', 'encompass', 'interest', 'retain', 'custody', 'one', 'child', 'state', 'interfere', 'parent', 'custodial', 'right', 'absent', 'process', 'protection', 'langton', 'maloney', 'supp', 'conn', 'url', 'url']
943208079038001153;Smoke-free laws might actually be curbing the number of lung cancer cases! https://t.co/sHYKOfnkLf;1;1.0;1.0;1.0;['smokefree', 'law', 'curb', 'number', 'lung', 'cancer', 'case', 'url']
944259861877067776;Democratic Caucus holds presser to show support for Mayor and City Council's work to remove confederate statues. https://t.co/mb8BVfbpMC;0;0.0;0.0;0.0;['democratic', 'caucus', 'hold', 'presser', 'support', 'mayor', 'city', 'council', 'work', 'remove', 'confederate', 'statue', 'url']
945702498295209984;The history of 'imperfect children': special issue of @SSHMedicine with free article on ADHD around the world by @mpcsmith https://t.co/kjsmhlE2Xj;1;0.0;1.0;1.0;['history', 'imperfect', 'child', 'special', 'issue', 'USER', 'free', 'article', 'adhd', 'world', 'USER', 'url']
946160822916734976;@SpockResists @TheSWPrincess @finnick_Resists @exoticgamora @Guinan2017 @chappie_cat @gbmnyc @DeadpoolResists @AgentScullyGR @NatCookResists @AlexMunday_2017 Follow, retweet and support Democrat candidates. Several special elections are coming up. #FlipItBlue #BlueWave2018 🌊;0;0.0;0.0;0.0;['user', 'USER', 'USER', 'USER', 'USER', 'USER', 'USER', 'USER', 'USER', 'USER', 'USER', 'follow', 'retweet', 'support', 'democrat', 'candidate', 'special', 'election', 'come', 'HASHTAG', 'HASHTAG']
949254176651046912;Former salesman accused of lying to FBI, IRS agents.Robert DeGoria is accused of trying to mislead investigators looking into an ongoing Lower Southampton corruption probe. https://t.co/ot3GJQp5wi;0;0.0;0.0;0.0;['salesman', 'accuse', 'lie', 'fbi', 'irs', 'agentsrobert', 'degoria', 'accuse', 'try', 'mislead', 'investigator', 'look', 'ongoing', 'low', 'southampton', 'corruption', 'probe', 'url']
949598276751261697;Congratulations @RenegadesBBL won!! Tommrw I'm working on @ThunderBBL vs @StrikersBBL game. PREMIUM FOR MATCH #2000₹ . Interested WhatsApp +919100544879. 100+ RETWEET ♻ FOR OPEN REPORT HERE.;0;0.0;0.0;0.0;['congratulation', 'USER', 'win', 'tommrw', 'work', 'USER', 'USER', 'game', 'premium', 'match', 'HASHTAG', 'interested', 'whatsapp', 'retweet', 'open', 'report']
949740135503089664;a concept: stop being mean to people for no reason;0;0.0;0.0;0.0;['concept', 'stop', 'mean', 'people', 'reason']
950130882664370176;@Ann4_BBC Proper training. All pleasure should be associated with yours.;0;0.0;0.0;0.0;['USER', 'proper', 'training', 'pleasure', 'associate']
951053751187488769;Green Manuring to a Better Soil Physical Condition by Akingbola OO* and Dayo-Olagbende GO* in Agricultural Research & Technology: Open Access Journal (ARTOAJ) https://t.co/rzxxCsZAjq https://t.co/OLNOSLWpFU;1;1.0;1.0;1.0;['green', 'manure', 'well', 'soil', 'physical', 'condition', 'akingbola', 'dayoolagbende', 'agricultural', 'research', 'technology', 'open', 'access', 'journal', 'artoaj', 'url', 'url']
951187936975949825;Radar Update: Rain will increase today/tonight. Expect a rainy and breezy day Thursday. Dry by the weekend. #wawx https://t.co/8dtEzXaplq;0;0.0;0.0;0.0;['radar', 'update', 'rain', 'increase', 'todaytonight', 'expect', 'rainy', 'breezy', 'day', 'thursday', 'dry', 'weekend', 'HASHTAG', 'url']
952377117001461761;Cities must be designed to enable a healthier lifestyle for all. Learn more at WUF9 from 7-13 Feb'18 at KLCC #wuf9 #wuf9kl #forumbandarsedunia9 @DMM064 @mynohomar @mptenggara @ariffkarim Online registrations end on 15 January 2018 – https://t.co/qqLLwoKcj6 https://t.co/zAWfdXlWMG;0;0.0;0.0;0.0;['city', 'design', 'enable', 'healthy', 'lifestyle', 'learn', 'wuf9', 'feb18', 'klcc', 'HASHTAG', 'HASHTAG', 'HASHTAG', 'USER', 'USER', 'USER', 'USER', 'online', 'registration', 'end', 'january', 'url', 'url']
952995336385171457;YES...YES...YES !!!👊👊👊 Promote Araneta FIRST.... One concert at a time! Breathe, Pause, Breathe... #JaDineRevolution #JaDineLoveRules https://t.co/KhDLxw8jzS;0;0.0;0.0;0.0;['yesyesyes', 'araneta', 'concert', 'time', 'breathe', 'pause', 'breathe', 'HASHTAG', 'HASHTAG', 'url']
953043423531012097;file under: cause of death https://t.co/xkSMgg8u3b;0;0.0;0.0;0.0;['file', 'cause', 'death', 'url']
954696390352842753;11 Scientifically Proven Ways To Lose Weight In A Few Weeks https://t.co/R8KciYFSbj;0;0.0;0.0;0.0;['prove', 'way', 'lose', 'weight', 'week', 'url']
958008792637112321;Ottawa Charter still important to guide>>>https://t.co/zfldC2IghL https://t.co/RxTeqaq4sh;1;0.0;1.0;1.0;['ottawa', 'charter', 'important', 'guideurl', 'url']
958293075029385216;Gender Discrimination in Science Is Especially Common https://t.co/o8rITBjcSs A new @pewresearch report shows women face more workplace hurdles in STEM jobs than in non-STEM jobs. Via @500womensci https://t.co/IKjDV9hsNz;1;1.0;1.0;1.0;['gender', 'discrimination', 'science', 'common', 'url', 'new', 'USER', 'report', 'show', 'woman', 'face', 'workplace', 'hurdle', 'stem', 'job', 'nonstem', 'job', 'USER', 'url']
958513597537181696;"""It gives coal a very good chance of continuing ... extending its existing life"" — @JoshFrydenberg Watch this 👇 if you have any doubt about the intention behind the Turnbull govt's dirty energy guarantee... #NEG #DirtyEnergyGuarantee https://t.co/4HkP5aYBIm";0;0.0;0.0;0.0;['give', 'coal', 'good', 'chance', 'continue', 'extend', 'exist', 'life', 'USER', 'watch', 'doubt', 'intention', 'turnbull', 'govts', 'dirty', 'energy', 'guarantee', 'HASHTAG', 'HASHTAG', 'url']
959173269403336704;FBI agents issue statement of support for FBI director - https://t.co/ZMGaADmoEI Top 100 Stories On The Web https://t.co/17W7QGUMFa;0;0.0;0.0;0.0;['fbi', 'agent', 'issue', 'statement', 'support', 'fbi', 'director', 'url', 'story', 'web', 'url']
959243135317454848;YouTube TV now supports select Roku devices - https://t.co/tgvBDzqroS;0;0.0;0.0;0.0;['youtube', 'support', 'select', 'roku', 'device', 'url']
960560806697062400;Quite ironic that 'interference in judicial process' was the supposed reason for the Maldives regime's ousting of Nasheed in the 2012 coup #MaldivesInCrisis;0;0.0;0.0;0.0;['ironic', 'interference', 'judicial', 'process', 'suppose', 'reason', 'maldive', 'regime', 'ousting', 'nasheed', 'coup', 'HASHTAG']
961425512311738368;Perhaps most maddening is that there are actually people who know that ecigarettes are not as harmful as cigarettes who nonetheless consider this a success. https://t.co/MxpzBED1W7;1;1.0;1.0;1.0;['madden', 'people', 'know', 'ecigarette', 'harmful', 'cigarette', 'consider', 'success', 'url']
961674045811929088;The EPSO Honor Guard will be conducting a flag ceremony to raise and lower the flag that will be used during Detective Flick’s services. The flag will be flown for 15 minutes and taken down. The ceremony will begin at 12:30 PM today. https://t.co/Sklgl00CNJ;0;0.0;0.0;0.0;['epso', 'honor', 'guard', 'conduct', 'flag', 'ceremony', 'raise', 'lower', 'flag', 'detective', 'flick', 'service', 'flag', 'fly', 'minute', 'take', 'ceremony', 'begin', 'today', 'url']
963878582450876417;happy vday to all the lovers out there! the world runs on and needs more love so keep on lovin!;0;0.0;0.0;0.0;['happy', 'vday', 'lover', 'world', 'run', 'need', 'love', 'lovin']
965199704177938432;This conference on mental health nursing takes place in September in Manchester #MHRN2018 - open for submissions - deadline 27 April https://t.co/juOH84CdEo;1;0.0;0.0;1.0;['conference', 'mental', 'health', 'nursing', 'take', 'place', 'september', 'manchester', 'HASHTAG', 'open', 'submission', 'deadline', 'april', 'url']
970083854806593536;".@BrownUniversity is offering a course for high school students this summer that attributes @realDonaldTrump 's election to a ""whitelash"" motivated by ""staunch white resistance to, and even revenge against, racial equity."" https://t.co/iUxbOWkhYy #news";0;0.0;0.0;0.0;['USER', 'offer', 'course', 'high', 'school', 'student', 'summer', 'attribute', 'USER', 'election', 'whitelash', 'motivate', 'staunch', 'white', 'resistance', 'revenge', 'racial', 'equity', 'url', 'HASHTAG']
971041555875352576;From March 5 - 9 @FieldsInstitute's workshop on human-environment systems brings together researchers presenting advances on how to protect biodiversity, control species invasions, create resilient ecosystems, and much more. https://t.co/azsmfF9Zda https://t.co/kTUFZCOng0;1;0.0;0.0;1.0;['march', 'user', 'workshop', 'humanenvironment', 'system', 'bring', 'researcher', 'present', 'advance', 'protect', 'biodiversity', 'control', 'specie', 'invasion', 'create', 'resilient', 'ecosystem', 'url', 'url']
971709689368076288;Fantastic entry to our schools plate tectonics competition by Invergordon Academy S2 Geography class! 🌍Teachers you still have time to enter to receive your free poster! https://t.co/4qZ8mI3Y78 #platetecotnics #teaching #geography #geology #Earth @InvergordonA https://t.co/CZITv3qVBT;0;0.0;0.0;0.0;['fantastic', 'entry', 'school', 'plate', 'tectonic', 'competition', 'invergordon', 'academy', 'geography', 'class', 'teacher', 'time', 'enter', 'receive', 'free', 'poster', 'url', 'HASHTAG', 'HASHTAG', 'HASHTAG', 'HASHTAG', 'HASHTAG', 'USER', 'url']
972086227003412480;New post from the RBML @columbialib: Madeline L'Engel in our Oral History Collection: https://t.co/rqhaVTJ6yN #WrinkleInTime;0;0.0;0.0;0.0;['new', 'post', 'rbml', 'USER', 'madeline', 'lengel', 'oral', 'history', 'collection', 'url', 'HASHTAG']
974022288365547520;Using a “Cookie” Mentality to Increase Patient Satisfaction and Collect More Payments #techblogs #startups https://t.co/MKoYE4Rlum;1;1.0;0.0;0.0;['cookie', 'mentality', 'increase', 'patient', 'satisfaction', 'collect', 'payment', 'HASHTAG', 'HASHTAG', 'url']
974366513732894721;Study: Marijuana Decriminalization Leads To Decreased Arrests, No Increase In Youth Use https://t.co/wzajo7UDKr;1;1.0;1.0;1.0;['study', 'marijuana', 'decriminalization', 'lead', 'decrease', 'arrest', 'increase', 'youth', 'use', 'url']
974712259774767105;@RepAdrianSmith @WaysandMeansGOP Take a moment to watch this & vow to stop being part of the party over country problem. https://t.co/RsVH0dbMlb;0;0.0;0.0;0.0;['user', 'USER', 'moment', 'watch', 'vow', 'stop', 'party', 'country', 'problem', 'url']
975637615478177792;In 2018, Turkey is aiming to welcome 700,000 people to Troy in a bid to significantly increase the number of people disappointed by the historical site. https://t.co/HmvA8sOxzh;0;0.0;0.0;0.0;['turkey', 'aim', 'welcome', 'people', 'troy', 'bid', 'increase', 'number', 'people', 'disappoint', 'historical', 'site', 'url']
978573361117843461;Enter the Regulatory Excellence Awards and everyone wins. Your great work is highlighted, the public and business benefit from best practice, and our awful Easter puns stop. Open to r'egg'ulators and 'bunni'sinesses. Details & entry form: https://t.co/0ouP8eAYxH @businessgov https://t.co/Rcw5hgcFYj;0;0.0;0.0;0.0;['enter', 'regulatory', 'excellence', 'award', 'win', 'great', 'work', 'highlight', 'public', 'business', 'benefit', 'good', 'practice', 'awful', 'easter', 'pun', 'stop', 'open', 'reggulator', 'bunnisinesse', 'detail', 'entry', 'form', 'url', 'USER', 'url']
978594058766569472;handsonreinvest: #International #RealEstate #Investors Increase Demand! https://t.co/neSAOxWhyf #realestate #RodMrRealEstate #Tampa #Florida #realestate #Investor;0;0.0;0.0;0.0;['handsonreinvest', 'HASHTAG', 'HASHTAG', 'HASHTAG', 'increase', 'demand', 'url', 'HASHTAG', 'HASHTAG', 'HASHTAG', 'HASHTAG', 'HASHTAG', 'HASHTAG']
978692611358806016;And the winners of the 2018 Five College DataFest are: https://t.co/mQI0Yg6qIC #asadatafest;1;0.0;0.0;1.0;['winner', 'college', 'datafest', 'url', 'HASHTAG']
979125089475186688;Teenager from #AbbotsLangley arrested with support from @HertsPolice as part of NCA investigation into the emails containing threats to students received by large number of UK schools and colleges. Read more: https://t.co/kW7MwW1BYl https://t.co/F5ZHZVLzQC;0;0.0;0.0;0.0;['teenager', 'HASHTAG', 'arrest', 'support', 'USER', 'nca', 'investigation', 'email', 'contain', 'threat', 'student', 'receive', 'large', 'number', 'school', 'college', 'read', 'url', 'url']
981517493813510144;Former State Department official @MatthewPHoh has signed the open letter to #ReconnectJulian https://t.co/utqoXZ2hxV Support WikiLeaks here: https://t.co/JWzH6DHTEV;0;0.0;0.0;0.0;['state', 'department', 'official', 'USER', 'sign', 'open', 'letter', 'HASHTAG', 'url', 'support', 'wikileak', 'url']
982350473238798338;Government should stop subsidising e-sports, it’s not real sport - https://t.co/GcZjIb5ycz;0;0.0;0.0;0.0;['government', 'stop', 'subsidise', 'esport', 'real', 'sport', 'url']
982392279456473088;How to gain twice as much as your opponent in a repeated Prisoner's Dilemma https://t.co/KM1OHHvBhe @chilbe3 https://t.co/aMM3OVcO1D;1;0.0;1.0;1.0;['gain', 'opponent', 'repeat', 'prisoner', 'dilemma', 'url', 'USER', 'url']
982982603727888384;ya know 5sos what we need?????? leSS EXPENSIVE MERCH, MORE TOUR DATES AND FOR U TO FINALLY STOP SLEEPING ON THE GOOD SONGS https://t.co/cYUgJyp7Xa;0;0.0;0.0;0.0;['know', 'need', 'expensive', 'merch', 'tour', 'date', 'stop', 'sleep', 'good', 'song', 'url']
983345042721931269;Just touched down in Japan to visit Fukushima. One of the most surprising things I've learned is about non-radiation related harms, often due to misunderstandings *of* radiation. Social determinants of health are ignored, to everyone's peril. So complex. https://t.co/ehy4uJvkjx https://t.co/fOAojXm1UJ;1;0.0;1.0;1.0;['touch', 'japan', 'visit', 'fukushima', 'surprising', 'thing', 'learn', 'nonradiation', 'relate', 'harm', 'misunderstanding', 'radiation', 'social', 'determinant', 'health', 'ignore', 'everyone', 'peril', 'complex', 'url', 'url']
984081688987758593;Unpaid internships are a mark of privilege-wow. Pam Eddinger rocks. #PhilaUnite;0;0.0;0.0;0.0;['unpaid', 'internship', 'mark', 'privilegewow', 'pam', 'eddinger', 'rocks', 'HASHTAG']
984129692788822016;@DrKristieLeong To help establish the proper wrist action in the #golfswing, I switched to kickboxing gloves as a self-coaching technique 4 power/control. #Kickboxing gloves are easier to work with/can provides a greater feel in the golf swing sequence: https://t.co/GnPbJqTrzE https://t.co/1suqf9Wk78;0;0.0;0.0;0.0;['USER', 'help', 'establish', 'proper', 'wrist', 'action', 'HASHTAG', 'switch', 'kickboxe', 'glove', 'selfcoaching', 'technique', 'powercontrol', 'HASHTAG', 'glove', 'easy', 'work', 'withcan', 'provide', 'great', 'feel', 'golf', 'swing', 'sequence', 'url', 'url']
984451886647529472;It's not your fitness tracker -- it's you https://t.co/HXZUORH9Yc https://t.co/C2gFbkiGR2;1;0.0;1.0;1.0;['fitness', 'tracker', 'url', 'url']
985407453939601408;Liverpool initiate talks with £87million Portuguese midfield ace – reports https://t.co/YlA5iXmXaT #lfc;0;0.0;0.0;0.0;['liverpool', 'initiate', 'talk', 'portuguese', 'midfield', 'ace', 'report', 'url', 'HASHTAG']
985580208924307456;Thank you Drs. @dgarmstrong and @bijan_najafi for your guidance! A true honor. | Health Sensors, Smart Home Devices, and the Internet of Medical Things: An Opportunity for Dramatic Improvement in Care for the Lower Extremity Complications of Diabetes. https://t.co/3bCgUBhIRz https://t.co/EKMBlXdl3b;1;1.0;1.0;1.0;['thank', 'drs', 'USER', 'USER', 'guidance', 'true', 'honor', 'health', 'sensor', 'smart', 'home', 'device', 'internet', 'medical', 'thing', 'opportunity', 'dramatic', 'improvement', 'care', 'low', 'extremity', 'complication', 'diabetes', 'url', 'url']
987775293745258496;Wenger is genius to sell Sanchez to United to stop Spurs reaching the final. Genius.;0;0.0;0.0;0.0;['wenger', 'genius', 'sell', 'sanchez', 'unite', 'stop', 'spur', 'reach', 'final', 'genius']
988759021606916096;Look how cool this moulting crab is we found on the #MBioRoscoff field trip #PlyMBIO https://t.co/gm00FUku63;0;0.0;0.0;0.0;['look', 'cool', 'moulting', 'crab', 'find', 'HASHTAG', 'field', 'trip', 'HASHTAG', 'url']
989948844988235776;Uchiyama studies math.;0;0.0;0.0;0.0;['uchiyama', 'study', 'math']
990071970401144833;The EXO-L food support rn outside Jollibee. 💕💕 Thank you from PHIXOs! #ElyxionInManila https://t.co/pCm5U6SkDX;0;0.0;0.0;0.0;['exol', 'food', 'support', 'jollibee', 'thank', 'phixos', 'HASHTAG', 'url']
993911987011706880;Hey everyone, here's a great thing from @arielitalic @eric_shorey @TheLadyBearica talking about drag and gender. And wrestlers. https://t.co/8mcmduTnkz Support the Nobodies!!!;0;0.0;0.0;0.0;['here', 'great', 'thing', 'USER', 'USER', 'USER', 'talk', 'drag', 'gender', 'wrestler', 'url', 'support', 'nobody']
994427644048535552;The essence of his philosophy was to find something that you can do well, and put your heart and soul into it. If not physics, then another passion — bongos, perhaps. #Feynman100 https://t.co/LBCRCkfuHr;1;0.0;1.0;1.0;['essence', 'philosophy', 'find', 'heart', 'soul', 'physic', 'passion', 'bongo', 'HASHTAG', 'url']
994593066769178629;#BeAware of <#Myth2> about #MentalHealth. #SpreadAwareness and support those in need. #YourSupportMatters #MentalHealthAwarenessMonth #keeptalkingmh #iamstigmafree https://t.co/62VI8UHMRd;0;0.0;0.0;0.0;['HASHTAG', 'HASHTAG', 'HASHTAG', 'HASHTAG', 'support', 'need', 'HASHTAG', 'HASHTAG', 'HASHTAG', 'HASHTAG', 'url']
996019697379348480;@YousefMunayyer Then tell those morons to stop rioting at the borders. Israel is just protecting itself.;0;0.0;0.0;0.0;['USER', 'tell', 'moron', 'stop', 'riot', 'border', 'israel', 'protect']
997522201913057281;"""Talking about #suicide increases the chances someone will go for help. Reaching out for help is the main message,"" said our @drthomasungar, while discussing mainstream media portrayals of #mentalhealth issues. WATCH THE VIDEO » https://t.co/zMhJyJ4a35 https://t.co/P0GPxQ6daQ";1;1.0;0.0;0.0;['talk', 'HASHTAG', 'increase', 'chance', 'help', 'reach', 'help', 'main', 'message', 'say', 'USER', 'discuss', 'mainstream', 'medium', 'portrayal', 'HASHTAG', 'issue', 'watch', 'video', 'url', 'url']
997681761646759936;.@SenatorWicker The president’s budget targets federal workers and retirees and jeopardizes my retirement security. This is no way to treat middle-class households. #RejectAllCuts;0;0.0;0.0;0.0;['USER', 'president', 'budget', 'target', 'federal', 'worker', 'retiree', 'jeopardize', 'retirement', 'security', 'way', 'treat', 'middleclass', 'household', 'HASHTAG']
998036087229571078;#Shame is a powerful emotion and may be experienced when recovering from an #eatingdisorder. When shame seems to be winning, counter with #selfcompassion. https://t.co/fzBo6RuF3j https://t.co/iy12blHfD4;1;1.0;0.0;0.0;['HASHTAG', 'powerful', 'emotion', 'experience', 'recover', 'HASHTAG', 'shame', 'win', 'counter', 'HASHTAG', 'url', 'url']
999580941520658432;"Chairman @RonnieOsumba; In the process of migrating the Fund's data to the new Enterprise Resource Planning (ERP), that includes beneficiary loan details; management noted some discrepancy in the loans https://t.co/koYziU3M3F";0;0.0;0.0;0.0;['chairman', 'USER', 'process', 'migrate', 'fund', 'datum', 'new', 'enterprise', 'resource', 'planning', 'include', 'beneficiary', 'loan', 'detail', 'management', 'note', 'discrepancy', 'loan', 'url']
1000441528823762944;BREAKING: Astronaut Alan Bean, fourth man to walk on moon, dies at 86 https://t.co/LPWIb4BN3U;1;0.0;0.0;1.0;['break', 'astronaut', 'alan', 'bean', 'fourth', 'man', 'walk', 'moon', 'die', 'url']
1000531199800950784;Oh, piss off Cotchin, stop hogging the limelight! It's all about the mighty Bombers today! 😄;0;0.0;0.0;0.0;['piss', 'cotchin', 'stop', 'hog', 'limelight', 'mighty', 'bomber', 'today']
1004798074559123456;Latest NSPKU film by the legendary film maker @FunkyGuy on the NSPKU You Tube. Filmed at the NSPKU conference. Snow and more snow did not stop Tom or the conference being a huge sucess https://t.co/dZzSsLmZCr;0;0.0;0.0;0.0;['late', 'nspku', 'film', 'legendary', 'film', 'maker', 'USER', 'nspku', 'tube', 'film', 'nspku', 'conference', 'snow', 'snow', 'stop', 'tom', 'conference', 'huge', 'sucess', 'url']
1006015139047280641;@hugseavey - i hope that u meet the boys really soon, u deserve it so much. u are so sweet and a beautiful person. i hope everything is well and ur really happy and having fun in life. don’t take things too serious, enjoy being u cause u are so beautiful.;0;0.0;0.0;0.0;['USER', 'hope', 'meet', 'boy', 'deserve', 'sweet', 'beautiful', 'person', 'hope', 'happy', 'have', 'fun', 'life', 'thing', 'enjoy', 'beautiful']
1007547561568325633;@CBSNews Cohen, the president, and Americans know better not to believe what the press is saying. Fake news with intent to cause havoc.;0;0.0;0.0;0.0;['USER', 'cohen', 'president', 'americans', 'know', 'believe', 'press', 'say', 'fake', 'news', 'intent', 'cause', 'havoc']
1008726559447027713;New study suggests ovarian hormone may make drug withdrawal symptoms worse for women https://t.co/OY2Ilc2BFF;1;1.0;1.0;1.0;['new', 'study', 'suggest', 'ovarian', 'hormone', 'drug', 'withdrawal', 'symptom', 'bad', 'woman', 'url']
1008891315898191872;Why female alcoholism is a time bomb https://t.co/QmPtMXrSJS via @BBC_Future;1;1.0;1.0;1.0;['female', 'alcoholism', 'time', 'bomb', 'url', 'USER']
1009228722472271873;Yan-Hong Bao, Yi-Zheng Fan, Yi Wang, Ming Zhu : A Combinatorial Method for Computing Characteristic Polynomials of Starlike Hypergraphs https://t.co/39liwIpQoT;1;0.0;1.0;1.0;['yanhong', 'bao', 'yizheng', 'fan', 'wang', 'ming', 'zhu', 'combinatorial', 'method', 'compute', 'characteristic', 'polynomial', 'starlike', 'hypergraphs', 'url']
1009906327362199552;Beyond glycemic control, does #lifestyle modification impact development of cardiovascular disease in patients w/ #diabetes? https://t.co/RehlG5CbQM #JACC https://t.co/Ao4KE3opN3;1;1.0;1.0;1.0;['glycemic', 'control', 'HASHTAG', 'modification', 'impact', 'development', 'cardiovascular', 'disease', 'patient', 'HASHTAG', 'url', 'HASHTAG', 'url']
1010973100203180032;Incredible scenes. Congratulations to Rob from @Arch2Arctic who just swam the English Channel!! All in aid of raising funds for Scouts. Poldy is still swimming but going strong... Follow the rest of their incredible challenge and show your support here: https://t.co/NTkdmwF344 https://t.co/drUhj6N4lI;0;0.0;0.0;0.0;['incredible', 'scene', 'congratulation', 'rob', 'USER', 'swam', 'english', 'channel', 'aid', 'raise', 'fund', 'scout', 'poldy', 'swim', 'strong', 'follow', 'rest', 'incredible', 'challenge', 'support', 'url', 'url']
1014170652784451584;Can we please stop talking like Mexicans are the only ones who sell drugs, commit crimes, participate in sex trafficking, and join gangs. https://t.co/dL92iXdn9W;0;0.0;0.0;0.0;['stop', 'talk', 'mexican', 'one', 'sell', 'drug', 'commit', 'crime', 'participate', 'sex', 'trafficking', 'join', 'gang', 'url']
1015195983976812549;Holocaust Survivors Organize to Stop Sharia-Supporting Women's March Hero from Giving College Commencement - Tea... https://t.co/pKOO3ki2oT;0;0.0;0.0;0.0;['holocaust', 'survivor', 'organize', 'stop', 'shariasupporte', 'women', 'march', 'hero', 'give', 'college', 'commencement', 'tea', 'url']
1015668581353304069;"@fox_of_floof Because Trump and his administration have made Hate the norm. Now suddenly the people saying, ""just stop being c**ts to people"" are the bad guys. Same has happened here in Enlgand with Brexit.";0;0.0;0.0;0.0;['USER', 'trump', 'administration', 'hate', 'norm', 'people', 'say', 'stop', 'cts', 'people', 'bad', 'guy', 'happen', 'enlgand', 'brexit']
1015705524799791106;@Efiotu_ No tbh, Inadequate rest may affect Croatia;0;0.0;0.0;0.0;['USER', 'tbh', 'inadequate', 'rest', 'affect', 'croatia']
1016209604626219009;Latest news from HTFP: Regional publisher increases cover price at 17 weeklies https://t.co/YdxT2kvWZQ https://t.co/aWBy3pLhD0;0;0.0;0.0;0.0;['late', 'news', 'htfp', 'regional', 'publisher', 'increase', 'cover', 'price', 'weekly', 'url', 'url']
1017077909432004608;Global mobile group supports disaster response program https://t.co/mNpuMjaDkP;0;0.0;0.0;0.0;['global', 'mobile', 'group', 'support', 'disaster', 'response', 'program', 'url']
1017778718918545408;#FlashbackFriday My NaNa Ovas Wedding. Weddings are a beautiful time. Post a picture of your wedding for #FlashbackFriday via https://t.co/rNiWYlpRpw https://t.co/8b7wAaKlmI;0;0.0;0.0;0.0;['HASHTAG', 'nana', 'ovas', 'wedding', 'wedding', 'beautiful', 'time', 'post', 'picture', 'wedding', 'HASHTAG', 'url', 'url']
1018187231541059586;Good advice for the too many White people who can’t seem to understand that calling the police on Black people can cause death. https://t.co/Dyqy19wN5t;1;1.0;0.0;0.0;['good', 'advice', 'white', 'people', 'understand', 'call', 'police', 'black', 'people', 'cause', 'death', 'url']
1018901117651087363;A US official directly involved with Helsinki summit sums it up like this: “This was not the plan.” -- reports @jeffzeleny @cnni;0;0.0;0.0;0.0;['official', 'involve', 'helsinki', 'summit', 'sum', 'plan', 'report', 'USER', 'USER']
1018978482812944384;Also reports of severe flooding on Weber Street between Franklin and Fairway. https://t.co/dIgo0WRE1k;0;0.0;0.0;0.0;['report', 'severe', 'flooding', 'weber', 'street', 'franklin', 'fairway', 'url']
1020234634918072321;Disney is a clearing House for pedophiles. Stop giving them your money. #WhereAreTheChildren;0;0.0;0.0;0.0;['disney', 'clearing', 'house', 'pedophile', 'stop', 'give', 'money', 'HASHTAG']
1021282992814215168;LADIES FIRST PRESEASON GAME v Boldon Sports: Sunday 29th kick-off 12:30. Support Edgware Town Ladies. Coop Ground Footscray Road SE9 2EL Eltham Town Accadamy. https://t.co/YJMQV70yzY;0;0.0;0.0;0.0;['lady', 'preseason', 'game', 'boldon', 'sport', 'sunday', '29th', 'kickoff', 'support', 'edgware', 'town', 'lady', 'coop', 'ground', 'footscray', 'road', 'se9', '2el', 'eltham', 'town', 'accadamy', 'url']
1021764496392708096;New Study: Climate Change Will Cause Suicides to Spike - The Atlantic https://t.co/88vd9R8Zqm;1;1.0;1.0;1.0;['new', 'study', 'climate', 'change', 'cause', 'suicide', 'spike', 'atlantic', 'url']
1022709462996537344;Donating blood not only helps others, but reduces the rate of cancer and heart disease in the donor. And can help you lose weight.;1;1.0;0.0;0.0;['donate', 'blood', 'help', 'reduce', 'rate', 'cancer', 'heart', 'disease', 'donor', 'help', 'lose', 'weight']
1023318438188646401;#Trump Hoodwinked? Developing Report: US-Israel-Turkey “Deal” Over Brunson Release Leads To Questions https://t.co/NXwXiEmZx5;0;0.0;0.0;0.0;['HASHTAG', 'hoodwink', 'develop', 'report', 'usisraelturkey', 'deal', 'brunson', 'release', 'lead', 'question', 'url']
1023530322154139648;The rain didn’t put us off! (Much) Delivery of 2018 annual constituency reports to Renfrewshire North & West in #Erskine @theSNP https://t.co/PcCZTeT61s;0;0.0;0.0;0.0;['rain', 'delivery', 'annual', 'constituency', 'report', 'renfrewshire', 'north', 'west', 'HASHTAG', 'USER', 'url']
1024640058354163712;With our current lifestyle, most of us are sleep deprived, which creates problems like mood disorders, weakened immunity, weight gain and diabetes. A review of 16 studies found that sleeping for less than 6 to 8 hours a night increases the risk of early death by as much as 12%. https://t.co/C7IO1zBm1t;1;1.0;1.0;1.0;['current', 'lifestyle', 'sleep', 'deprive', 'create', 'problem', 'mood', 'disorder', 'weaken', 'immunity', 'weight', 'gain', 'diabete', 'review', 'study', 'find', 'sleep', 'hour', 'night', 'increase', 'risk', 'early', 'death', 'url']
1024833718597373952;Harvard admissions suit gets support from Asian American groups https://t.co/X6O5HPcQRO via @business;0;0.0;0.0;0.0;['harvard', 'admission', 'suit', 'get', 'support', 'asian', 'american', 'group', 'url', 'USER']
1025507467176931328;DEAR BLACK COMMUNITY: Stop giving @PastorDScott and other evangelicals a hard time for meeting with @realDonaldTrump! We should be thanking them. This dialogue, something @BarackObama didn’t offer, is important. @POTUS cares about us and wants to help, no matter the cost.;0;0.0;0.0;0.0;['dear', 'black', 'community', 'stop', 'give', 'USER', 'evangelical', 'hard', 'time', 'meet', 'USER', 'thank', 'dialogue', 'USER', 'offer', 'important', 'USER', 'care', 'want', 'help', 'cost']
1026889103709630466;@anshulkundaje @NipsConference Would love to see MLCB as a full conference, with workshops in genomics, immunology, &c.;1;0.0;0.0;1.0;['user', 'USER', 'love', 'mlcb', 'conference', 'workshop', 'genomics', 'immunology']
1027546622408896513;A #BookLoversDay reminder: #IRS has more than 100 eBooks to help you understand your taxes – no library card required. https://t.co/5Siuj39WVO https://t.co/zPn47QuJl0;0;0.0;0.0;0.0;['HASHTAG', 'reminder', 'HASHTAG', 'ebook', 'help', 'understand', 'taxis', 'library', 'card', 'require', 'url', 'url']
1028495065256275968;Windsor needs more people like Al Quesnel!! This is wonderful! Philanthropist pledges $5M matching challenge to repair Assumption Church #YQG #philanthropy https://t.co/v2Plhx1h2Z;0;0.0;0.0;0.0;['windsor', 'need', 'people', 'quesnel', 'wonderful', 'philanthropist', 'pledge', 'match', 'challenge', 'repair', 'assumption', 'church', 'HASHTAG', 'HASHTAG', 'url']
1029515309877682178;Steam survey shows PC gamers are still mostly playing in 1080p and lower https://t.co/Pd009uM6Qc;0;0.0;0.0;0.0;['steam', 'survey', 'show', 'gamer', 'play', 'low', 'url']
1031107340207116288;Babies cannot speak so parents never know the severity of their illnesses. When a baby shows minor signs of struggling to breathe, it should be treated as an emergency. https://t.co/9leiAbvi34;1;1.0;0.0;0.0;['baby', 'speak', 'parent', 'know', 'severity', 'illness', 'baby', 'show', 'minor', 'sign', 'struggle', 'breathe', 'treat', 'emergency', 'url']
1031772905171050497;♥️ RETWEET SHARE SUPPORT! @feltenp44 33 year drought @ViralExpNotify #Gofundme #CrowdFundingExposure #Viral__Funding PLEASE SUPPORT ~> https://t.co/aJcqjrZat0 https://t.co/2dIIos5l3U;0;0.0;0.0;0.0;['retweet', 'share', 'support', 'USER', 'year', 'drought', 'USER', 'HASHTAG', 'HASHTAG', 'HASHTAG', 'support', 'url', 'url']
1032006490138136576;@STELLAAAAWinter Cause Twitter is the end all be all of reality right? Cause me putting the question out there wasn't sweet or anything right?;0;0.0;0.0;0.0;['USER', 'cause', 'twitter', 'end', 'reality', 'right', 'cause', 'put', 'question', 'sweet', 'right']
1033282481322172416;@sricketts1 @AndrewLainton Important story about CAMKCOX shambles [tho' Andrew must fix the typos]. Reminds him of ThamesGateway precursor from which nothing learned. My 2008: https://t.co/3DGlrZsamj;0;0.0;0.0;0.0;['USER', 'USER', 'important', 'story', 'camkcox', 'shambles', 'tho', 'andrew', 'fix', 'typo', 'remind', 'thamesgateway', 'precursor', 'learn', 'url']
1035198354962227203;How the Brain and Personality Provide Protection Against Emotional Distress https://t.co/VYN9RBD7rV Personality traits can protect an individual's brain against symptoms of emotional distress, namely depression and anxiety. #psychology #personality #neuroscience #science;1;1.0;1.0;1.0;['brain', 'personality', 'provide', 'protection', 'emotional', 'distress', 'url', 'personality', 'trait', 'protect', 'individual', 'brain', 'symptom', 'emotional', 'distress', 'depression', 'anxiety', 'HASHTAG', 'HASHTAG', 'HASHTAG', 'HASHTAG']
1035900087732514821;@JustSeanTaylor @OllyJacksonXXX @boynapped thx for support also trans community - and the preview is hot AF;0;0.0;0.0;0.0;['user', 'USER', 'USER', 'support', 'tran', 'community', 'preview', 'hot']
1036034401921105926;@mike_Zollo @Johnpdca To use the death of Sen. John McCain to bash the president is a disgrace. People were there to honor McCain. Seems there is no shame. I could go on but it is pointless. These people are a disgrace and an embarrassment;0;0.0;0.0;0.0;['user', 'USER', 'use', 'death', 'sen', 'john', 'mccain', 'bash', 'president', 'disgrace', 'people', 'honor', 'mccain', 'shame', 'pointless', 'people', 'disgrace', 'embarrassment']
1036531492527263744;Due to huge amount of interest we have just released more dates for Marvel Avengers S.T.A.T.I.O.N. We are sorry for the website errors whilst this was being added. https://t.co/1y0PdHcrie (Please try the password in upper and lower case);0;0.0;0.0;0.0;['huge', 'interest', 'release', 'date', 'marvel', 'avenger', 'station', 'sorry', 'website', 'error', 'add', 'url', 'try', 'password', 'upper', 'low', 'case']
1037040611252166656;Models Stop Traffic: The 16 Hidden Elements of the Cover’s Story https://t.co/TNmcIP6NS7 https://t.co/ESPBtkwtRh;0;0.0;0.0;0.0;['model', 'stop', 'traffic', 'hide', 'element', 'cover', 'story', 'url', 'url']
1037514366269177856;"The unnamed source @nytimes probably doesn't exist. This is plan to make the @POTUS snap so Globalist Libs can take him down claiming he us ""unstable"" Why else would the person remain anonymous? #fakenews stokes again. The left will stop at nothing";0;0.0;0.0;0.0;['unnamed', 'source', 'USER', 'exist', 'plan', 'USER', 'snap', 'globalist', 'lib', 'claim', 'unstable', 'person', 'remain', 'anonymous', 'HASHTAG', 'stoke', 'left', 'stop']
1041883572762759168;Spiritually will never triumph logic & science!;0;0.0;0.0;0.0;['triumph', 'logic', 'science']
1042361063214219264;Latex dresses are a must 👧💗💕 https://t.co/h6DeuaPlvX;0;0.0;0.0;0.0;['latex', 'dress', 'url']
1042581032828981249;"@YvanDutil @PolAnimalAus @suckmysav @Dinkeldash @dvibrationz @CrispyCX @CJlegalBeagle @miked194765 @thefutureBigly @FredFoxyGuy @FriendsOScience @peden_c @blaubok @GillesnFio @RushhourP @HansConser @mspence6 @EthonRaptor @RegimeChangeBC @JPolov @NikolovScience @Pork_Kebab @CentralFLBoy @LifeIsThermal @prof_SJGreene @bjjuhl58 @alan_poirier @ned2au @Calimer0c0mplex @NDPnomore @SimonMaxfield8 @The_ClimateGuy @DarrenBurchill @SteveSGoddard @tigerzntl @brandondaly2018 @L_Wallace12 @StuartBirdman2 @WeiZhangAtmos @Jimmyha33 @SnakeBi14457783 @CriticalStress_ @HaddockAdhoc @Dan55645 @JohnPisulaMBA @Billybobtn @TammyJParadis @MdulaOblngotcha @drwaheeduddin @ViscountRedmund Another Nobel Laureate, Dr Kary Mullis, on the BS of AGW. ""Climatology is a joke"" https://t.co/do01dxQIC0";1;1.0;0.0;1.0;['user', 'USER', 'USER', 'USER', 'USER', 'USER', 'USER', 'USER', 'USER', 'USER', 'USER', 'USER', 'USER', 'USER', 'USER', 'USER', 'USER', 'USER', 'USER', 'USER', 'USER', 'USER', 'USER', 'USER', 'USER', 'USER', 'USER', 'USER', 'USER', 'USER', 'USER', 'USER', 'USER', 'USER', 'USER', 'USER', 'USER', 'USER', 'USER', 'USER', 'USER', 'USER', 'USER', 'USER', 'USER', 'USER', 'USER', 'USER', 'USER', 'USER', 'nobel', 'laureate', 'kary', 'mullis', 'agw', 'climatology', 'joke', 'url']
1042670734546554880;Trump surveys Carolina storm damage, gives out meals to Florence victims see more --> https://t.co/QDjwS3T2OS <-- click here #Usa #News #TopNews #EEUU #NY;0;0.0;0.0;0.0;['trump', 'survey', 'carolina', 'storm', 'damage', 'give', 'meal', 'florence', 'victim', 'url', 'click', 'HASHTAG', 'HASHTAG', 'HASHTAG', 'HASHTAG', 'HASHTAG']
1043572719629955072;@MuneebAleem @ImranKhanPTI @narendramodi Indian want peace bt a small favour to stop d terrorism. Modi accepted d talks bt ur army sopnsered terrorist kill our 3 men.;0;0.0;0.0;0.0;['user', 'USER', 'USER', 'indian', 'want', 'peace', 'small', 'favour', 'stop', 'terrorism', 'accept', 'talk', 'army', 'sopnsere', 'terrorist', 'kill', 'man']
1044015982065471490;What happens when you let employees pick how much they want to be paid? This company decided to find out. - science, science and technology, science news, science world, tech, tech world, technology, technology news, technology world https://t.co/s2ckvBdlBz;0;0.0;0.0;0.0;['happen', 'let', 'employee', 'pick', 'want', 'pay', 'company', 'decide', 'find', 'science', 'science', 'technology', 'science', 'news', 'science', 'world', 'tech', 'tech', 'world', 'technology', 'technology', 'news', 'technology', 'world', 'url']
1044677181941530624;Do you remember when the news reports on TV were scarier than the pharmaceutical commercials in between? #GoldenAge;0;0.0;0.0;0.0;['remember', 'news', 'report', 'scary', 'pharmaceutical', 'commercial', 'HASHTAG']
1045846801876766721;States herself trauma causes norepinephrine to imprint memories on the hippocampus. Yet, can't remember anything. #ConfirmKavanaughNow https://t.co/pm2XhJOOeb;1;1.0;0.0;0.0;['state', 'trauma', 'cause', 'norepinephrine', 'imprint', 'memory', 'hippocampus', 'remember', 'HASHTAG', 'url']
1046403575386124288;It’s phony Christian Sunday. People who support a hateful administration & then attend church are phonies...PERIOD;0;0.0;0.0;0.0;['phony', 'christian', 'sunday', 'people', 'support', 'hateful', 'administration', 'attend', 'church', 'phoniesperiod']
1046430215076040704;$29 a month for brand new fitness equipment is a deal you can't miss out on! For the month of September we are offering $29/mo for 60 months for qualified buyers. Call or stop in store today to get set up with this amazing offer! https://t.co/DzVuGnRdJW https://t.co/KV5kafJqcZ;0;0.0;0.0;0.0;['month', 'brand', 'new', 'fitness', 'equipment', 'deal', 'miss', 'month', 'september', 'offer', '29mo', 'month', 'qualified', 'buyer', 'stop', 'store', 'today', 'set', 'amazing', 'offer', 'url', 'url']
1046439010522955776;crows can memorize people’s individual gaits and faces https://t.co/0QixZGARFm https://t.co/wTcsH59VAW;1;1.0;1.0;1.0;['crow', 'memorize', 'people', 'individual', 'gait', 'face', 'url', 'url']
1046627062025474049;Evidence Doesn't Support Claim Against Kavanaugh, Prosecutor Says. #KavanaughConfirmation https://t.co/9szrpxzJ8a;0;0.0;0.0;0.0;['evidence', 'support', 'claim', 'kavanaugh', 'prosecutor', 'say', 'HASHTAG', 'url']
1046719722694299648;Chiropractic treatment and vision loss - In rare occurrences, forceful manipulation of the neck is linked to a damaging side effect: vision problems and bleeding inside the eye, finds the first published case report of chiropractic care leading to multip… https://t.co/dKWpmCcGRd https://t.co/pok3nsCnKu;1;1.0;1.0;1.0;['chiropractic', 'treatment', 'vision', 'loss', 'rare', 'occurrence', 'forceful', 'manipulation', 'neck', 'link', 'damaging', 'effect', 'vision', 'problem', 'bleed', 'eye', 'find', 'publish', 'case', 'report', 'chiropractic', 'care', 'lead', 'multip', 'url', 'url']
1047437158401761280;Letters to the Editor, Sept. 30 https://t.co/HCkw166sDK https://t.co/c0JCorQCMv;0;0.0;0.0;0.0;['letter', 'editor', 'sept', 'url', 'url']
1048362979693973504;Friday night lights at the park. Come celebrate senior night and support Rio Elementary PTO at the concession stand. #rioschools @ Rio Middle/High School https://t.co/wDaxrvh1Ht;0;0.0;0.0;0.0;['friday', 'night', 'light', 'park', 'come', 'celebrate', 'senior', 'night', 'support', 'rio', 'elementary', 'pto', 'concession', 'stand', 'HASHTAG', 'rio', 'middlehigh', 'school', 'url']
1050268738337959937;Teenage Fever is a mood;0;0.0;0.0;0.0;['teenage', 'fever', 'mood']
1050446156298416129;(The Huffington Post) #Dramatic #Increase In Women Of Color As 2018 Candidates: Report : There was a 75 percent increase in women of color among nominees for Congress since 2012, a study shows. .. https://t.co/gvHI9Elazr https://t.co/31U7W3RO7s;1;1.0;0.0;0.0;['huffington', 'post', 'HASHTAG', 'HASHTAG', 'woman', 'color', 'candidate', 'report', 'percent', 'increase', 'woman', 'color', 'nominee', 'congress', 'study', 'show', 'url', 'url']
1050544366115282944;Coffee Drinking Associated With Lower Risk of Stroke ➡ https://t.co/UziyhDa6WE https://t.co/8qHVzTjAHV;1;1.0;0.0;0.0;['coffee', 'drinking', 'associate', 'low', 'risk', 'stroke', 'url', 'url']
1050571507271897088;@UFT The raise is 2%. Inflation is currently higher than that, and expected to increase. So much so that Social Security is getting a 2.8% COLA for 2019. So, why are you asking us to take 2%? Looks like I’m leaning to #VoteNo on this #UFTContract;0;0.0;0.0;0.0;['USER', 'raise', 'inflation', 'high', 'expect', 'increase', 'social', 'security', 'get', 'cola', 'ask', 'look', 'lean', 'HASHTAG', 'HASHTAG']
1051240138024529920;@omnity_io enables research and development professionals to efficiently and systematically answer a wide range of questions as #Omnity allows real-time insight into complex document sets. #OMToken $OM;0;0.0;0.0;0.0;['USER', 'enable', 'research', 'development', 'professional', 'answer', 'wide', 'range', 'question', 'HASHTAG', 'allow', 'realtime', 'insight', 'complex', 'document', 'set', 'HASHTAG']
1052016495306391553;I don’t like how much this is being promoted https://t.co/wc0FuvuJfT;1;0.0;1.0;1.0;['like', 'promote', 'url']
1052056630609829888;Wave Life Sciences $WVE Stock Rating Lowered by BidaskClub https://t.co/6jxKSG9VRN;0;0.0;0.0;0.0;['wave', 'life', 'science', 'wve', 'stock', 'rating', 'lower', 'bidaskclub', 'url']
1053658867538821120;Fasting or fasting-mimicking diets (FMDs) lead to wide alterations in growth factors and in metabolite levels, generating environments that can reduce the capability of cancer cells to adapt and survive and thus improving the effects of cancer therapies. https://t.co/th6jln5Zyb;1;1.0;1.0;1.0;['fast', 'fastingmimicking', 'diet', 'fmds', 'lead', 'wide', 'alteration', 'growth', 'factor', 'metabolite', 'level', 'generate', 'environment', 'reduce', 'capability', 'cancer', 'cell', 'adapt', 'survive', 'improve', 'effect', 'cancer', 'therapy', 'url']
1054671640737525761;@StagecoachNE Hello! I will just appreciate to pass the feedback to the driver in order to avoid this to happen again as this is frustrating. Thanks for the support :);0;0.0;0.0;0.0;['USER', 'appreciate', 'pass', 'feedback', 'driver', 'order', 'avoid', 'happen', 'frustrating', 'thank', 'support']
1054678418745376768;This week's Charity of the Week is The Hypatia Trust, which supports and promotes women's achievements 💪 Find out more at https://t.co/5NybswwH6L @hypatia_trust #CharityTuesday #HypatiaTrust https://t.co/qlsKS5ZHPk;0;0.0;0.0;0.0;['week', 'charity', 'week', 'hypatia', 'trust', 'support', 'promote', 'women', 'achievement', 'find', 'url', 'USER', 'HASHTAG', 'HASHTAG', 'url']
1055135863682740224;Major new funding and a race and oral histories project for UCSD's new Institute of Arts & Humanities, a spooky events guide, tonight's (!) Vi Khi Nao reading at SDSU, and more for my first @voiceofsandiego Culture Report https://t.co/WESXjIUreb;1;0.0;0.0;1.0;['major', 'new', 'funding', 'race', 'oral', 'history', 'project', 'ucsds', 'new', 'institute', 'arts', 'humanity', 'spooky', 'event', 'guide', 'tonight', 'khi', 'nao', 'reading', 'sdsu', 'USER', 'culture', 'report', 'url']
1055160445382938624;"Check out my full interview with @NSF to learn about my ""secret"" to science education https://t.co/Q0zH8uCIV9";0;0.0;0.0;0.0;['check', 'interview', 'USER', 'learn', 'secret', 'science', 'education', 'url']
1055514182290890752;Tomorrow, outside CBI offices nationwide, the Congress party will protest the PM’s disgraceful attempt to prevent an investigation into the Rafale scam, by removing the CBI Chief. All Karnataka Congress Sevadal volunteers are requested to congregate at CBI office RT Nagar https://t.co/Ksdu8sK6Vk;0;0.0;0.0;0.0;['tomorrow', 'cbi', 'office', 'congress', 'party', 'protest', 'pms', 'disgraceful', 'attempt', 'prevent', 'investigation', 'rafale', 'scam', 'remove', 'cbi', 'chief', 'karnataka', 'congress', 'sevadal', 'volunteer', 'request', 'congregate', 'cbi', 'office', 'nagar', 'url']
1056359156049825793;Dearest @reginevalcasid please remember d MILLIONS of people around d world whose love & support are unconditional. If other people try to revile u pls count ur blessings & see d greatness & goodness of our Lord. Have a wonderful Sunday my Asia's Song 🐦. Lots of love! https://t.co/lkBPBkVdy2;0;0.0;0.0;0.0;['dear', 'USER', 'remember', 'million', 'people', 'world', 'love', 'support', 'unconditional', 'people', 'try', 'revile', 'count', 'blessing', 'greatness', 'goodness', 'lord', 'wonderful', 'sunday', 'asias', 'song', 'lot', 'love', 'url']
1057366262974562304;TORONTO POLICE CHIEF INVITATIONAL COMMITTEE PRESENTS VICTIM SERVICES TORONTO WITH A DONATION OF $60,000 The Chamber is proud to support @vstoronto through co-organization of the Toronto… https://t.co/NuZJs6ULon;0;0.0;0.0;0.0;['toronto', 'police', 'chief', 'invitational', 'committee', 'present', 'victim', 'services', 'toronto', 'donation', 'chamber', 'proud', 'support', 'USER', 'coorganization', 'toronto', 'url']
1057468580437090304;Great raffle going on to support Regina softball!! Get in touch with a player, stop by and see Carolyn, or contact Coach Jake to enter. Spread the word #yeahregals https://t.co/69DSEult4Z;0;0.0;0.0;0.0;['great', 'raffle', 'support', 'regina', 'softball', 'touch', 'player', 'stop', 'carolyn', 'contact', 'coach', 'jake', 'enter', 'spread', 'word', 'HASHTAG', 'url']
1057494120443326466;Firstborn women may be more likely to be overweight or obese than their later-born sisters, according to a study.;1;1.0;0.0;1.0;['firstborn', 'woman', 'likely', 'overweight', 'obese', 'laterborn', 'sister', 'accord', 'study']
1057927990280118272;Native American tribe sues to stop North Dakota voter ID law before election https://t.co/Pr7ZcH1cY8 https://t.co/FFeNPa2KOZ;0;0.0;0.0;0.0;['native', 'american', 'tribe', 'sue', 'stop', 'north', 'dakota', 'voter', 'law', 'election', 'url', 'url']
1058450038848978945;Read WORLD Digital's #Muse, a weekly roundup on popular and fine arts. In this week's edition @lmlangdon reports on @MPAA ratings, @bigmouth, @megynkelly, and more … https://t.co/sIs8peYOGd;0;0.0;0.0;0.0;['read', 'world', 'digital', 'HASHTAG', 'weekly', 'roundup', 'popular', 'fine', 'art', 'week', 'edition', 'USER', 'report', 'USER', 'rating', 'USER', 'USER', 'url']
1060902346450853889;Gasdermin D Promotes AIM2 Inflammasome Activation and Is Required for Host Protection against Francisella novicida. https://t.co/nFoDPPKEts https://t.co/m4facjZVOS;1;1.0;1.0;1.0;['gasdermin', 'promote', 'aim2', 'inflammasome', 'activation', 'require', 'host', 'protection', 'francisella', 'novicida', 'url', 'url']
1061935193819361280;SPC Tornado Watch 426 Status Reports https://t.co/XHTcfUTVx1;0;0.0;0.0;0.0;['spc', 'tornado', 'watch', 'status', 'report', 'url']
1063890981001547779;One week from today! It's #SmallBusinessSaturday! Make a plan to shop local and help support small businesses in #Southie! https://t.co/qiExFvxuW7;0;0.0;0.0;0.0;['week', 'today', 'HASHTAG', 'plan', 'shop', 'local', 'help', 'support', 'small', 'business', 'HASHTAG', 'url']
1067638360938700800;@SassyKadiK Too funny...couldnt stop laughing. Every so often, we have to pause for a good laugh🤣 Thanks;0;0.0;0.0;0.0;['USER', 'funnycouldnt', 'stop', 'laugh', 'pause', 'good', 'laugh', 'thank']
1071138514270601217;Yo @dog_rates you made the coyote proof dog (and yourself) famous in the news: https://t.co/0jLkMsEyhP Great job 👍;0;0.0;0.0;0.0;['USER', 'coyote', 'proof', 'dog', 'famous', 'news', 'url', 'great', 'job']
1071664460744425472;@BarishChamCham @ramakirao Don't know dog meat or something else to support #SwatchhBharat;0;0.0;0.0;0.0;['user', 'USER', 'know', 'dog', 'meat', 'support', 'HASHTAG']
1074020231293456384;Nobody wants you till they think you’re in a relationship. Ain’t that some reverse psychology shit for you 😂;1;1.0;0.0;0.0;['want', 'think', 'relationship', 'reverse', 'psychology', 'shit']
1075423907715399681;Intermodal volume sees annual gains in November, reports IANA | Logistics Management https://t.co/onxa4XBQYM;0;0.0;0.0;0.0;['intermodal', 'volume', 'see', 'annual', 'gain', 'november', 'report', 'iana', 'logistics', 'management', 'url']
1078630125963436032;Worth noting that none of this is down to alliance managers. Jim Carouso is great, everyone likes Randy Schriver. This is about Trump, the Syria withdrawal, and the dismissal of Mattis. (The remaining principals don’t promote confidence, either).;0;0.0;0.0;0.0;['worth', 'note', 'alliance', 'manager', 'jim', 'carouso', 'great', 'like', 'randy', 'schriver', 'trump', 'syria', 'withdrawal', 'dismissal', 'mattis', 'remain', 'principal', 'promote', 'confidence']
1078744324119048192;"In early August 2016, an envelope containing ""eyes only"" information was sent by courier from the Central Intelligence Agency to the White House, where the contents were shown to four people: President Obama, Denis McDonough, Susan Rice and Avril Haines. https://t.co/a8McN66C52 https://t.co/ZTZHQp6Mcz";0;0.0;0.0;0.0;['early', 'august', 'envelope', 'contain', 'eye', 'information', 'send', 'courier', 'central', 'intelligence', 'agency', 'white', 'house', 'content', 'show', 'people', 'president', 'obama', 'denis', 'mcdonough', 'susan', 'rice', 'avril', 'haine', 'url', 'url']
1078774871386177537;#OVER #HORIZON #RADAR could help to produce fast growing #contaminated and #mutated #FOOD and get rid of drinking #WATER https://t.co/ihhYTsKcVA USAID AGRO HORIZON PROJECT, f.e. or some experiments of NASA https://t.co/ztgZwQ0wBD;1;1.0;1.0;1.0;['HASHTAG', 'HASHTAG', 'HASHTAG', 'help', 'produce', 'fast', 'grow', 'HASHTAG', 'HASHTAG', 'HASHTAG', 'rid', 'drink', 'HASHTAG', 'url', 'usaid', 'agro', 'horizon', 'project', 'experiment', 'nasa', 'url']
1080904877348290560;@GrittySZN @sawsinn @AcunaBombs @TheProcess10 Machado is a Yankee. Harper would rather go elsewhere. Phillies are a 4th place team. That’s what I think.;0;0.0;0.0;0.0;['user', 'USER', 'USER', 'USER', 'machado', 'yankee', 'harper', 'phillie', '4th', 'place', 'team', 'think']
1083029105052930048;"Trump demands that reports on waste and fraud in Afghanistan should be ""locked up"" https://t.co/2DJSGpQB5E via @MotherJones";0;0.0;0.0;0.0;['trump', 'demand', 'report', 'waste', 'fraud', 'afghanistan', 'lock', 'url', 'USER']
1084098262267621377;Evolution doesn't apply to individuals, but to species. There's a benefit to having a certain percentage of the population remain outside of the breeding pool to devote their energies to supporting the clan by other means, such as myself, a well-to-do but dotty aunt. #atheism https://t.co/gxI0VYB5s9;1;1.0;0.0;0.0;['evolution', 'apply', 'individual', 'specie', 'benefit', 'have', 'certain', 'percentage', 'population', 'remain', 'breeding', 'pool', 'devote', 'energy', 'support', 'clan', 'mean', 'welltodo', 'dotty', 'aunt', 'HASHTAG', 'url']
1084993614915227649;@realDonaldTrump But no travel ban for Saudi Arabia! They committed 9/11 and killed the journalist. Trump support terrorists! https://t.co/qxktkje0EJ;0;0.0;0.0;0.0;['USER', 'travel', 'ban', 'saudi', 'arabia', 'commit', 'kill', 'journalist', 'trump', 'support', 'terrorist', 'url']
1085738081133649920;Peter: ᴼᴼᴴ ᴵ ᴸᴼᵛᴱ ᵀᴴᴵˢ ᶜᴴᴬᴿᴬᶜᵀᴱᴿ Show: *kills character* Peter: ᴶᴼᴷᴱˢ ᴼᴺ ᵞᴼᵁ ᴵ ᴸᴵᴱᴰ Show: *resurrects character* Peter: ᴵ ᴸᴵᴱᴰ ᴬᴳᴬᴵᴺ? Show: *kills character again* Peter: STOP DOING THE OPPOSITE OF WHAT THE VIEWERS WANT;0;0.0;0.0;0.0;['peter', 'OOH', 'LOvE', 'character', 'kill', 'character', 'peter', 'JOKEs', 'lie', 'resurrect', 'character', 'peter', 'lie', 'kill', 'character', 'peter', 'stop', 'opposite', 'viewer', 'want']
1086432579979485184;TSA will not go on strike, because that would be pointless. You don't need to organize a work stoppage that will happen organically anyway. Jobs entail pay, and invariably people will stop showing up to jobs that don't exist.;0;0.0;0.0;0.0;['tsa', 'strike', 'pointless', 'need', 'organize', 'work', 'stoppage', 'happen', 'job', 'entail', 'pay', 'people', 'stop', 'show', 'job', 'exist']
1086822696371904512;Kids wear sunglasses to support classmate battling eye cancer https://t.co/Mtposh0IaB;0;0.0;0.0;0.0;['kid', 'wear', 'sunglass', 'support', 'classmate', 'battle', 'eye', 'cancer', 'url']
1087410320094707712;imagine being black n publicly announcing u love n support jeffrat stone https://t.co/I0Ev1Iowip;0;0.0;0.0;0.0;['imagine', 'black', 'announce', 'love', 'support', 'jeffrat', 'stone', 'url']
1090405470936936448;This is a GREAT article about the process of archival research https://t.co/EFNiq32uEN;1;0.0;1.0;1.0;['great', 'article', 'process', 'archival', 'research', 'url']
1090675424626040832;@DrPeterNieman Have you read about the cardiac MRI studies on marathon runners? Any concerns? I am thinking possible thinner bones better than progressive myocardial scar tissue deposits. Both concerns support the case for varied exercise and cross training?;1;1.0;0.0;1.0;['USER', 'read', 'cardiac', 'mri', 'study', 'marathon', 'runner', 'concern', 'think', 'possible', 'thin', 'bone', 'progressive', 'myocardial', 'scar', 'tissue', 'deposit', 'concern', 'support', 'case', 'varied', 'exercise', 'cross', 'training']
1091141235639705600;A difficult path does not stop a properly bestowed blessing.;0;0.0;0.0;0.0;['difficult', 'path', 'stop', 'bestow', 'blessing']
1091820005589684224;Study: Deactivating your Facebook account is good for your mental health https://t.co/RFFThtbaju;1;1.0;1.0;1.0;['study', 'deactivate', 'facebook', 'account', 'good', 'mental', 'health', 'url']
1092806445668712454;Houston fans really mad cause Kobe telling the truth;0;0.0;0.0;0.0;['houston', 'fan', 'mad', 'cause', 'kobe', 'tell', 'truth']
1093495316702212096;A computer inside your contact lens allows you to record videos, surf the web, facial and object recognition, and take photos https://t.co/dkAW8vzHDJ via @ValaAfshar;0;0.0;0.0;0.0;['computer', 'contact', 'lens', 'allow', 'record', 'video', 'surf', 'web', 'facial', 'object', 'recognition', 'photo', 'url', 'USER']
1095741834138185729;Place stigma is a really important determinant and sustainer of health and wellbeing inequalities. I emphasised this recently in evidence to House of a Lords select committee on regenerating seaside towns @PlaceWellbeing @prosocialplace https://t.co/u8g90FIfDd via @ConversationUK;1;1.0;1.0;1.0;['place', 'stigma', 'important', 'determinant', 'sustainer', 'health', 'wellbeing', 'inequality', 'emphasise', 'evidence', 'house', 'lord', 'select', 'committee', 'regenerate', 'seaside', 'town', 'USER', 'USER', 'url', 'USER']
1095750532466180096;@Whygena_Draws Either cause u were secretly hoping to draw someone other then reggie or u just wants to see how many ppl wanted u for Valentine's day;0;0.0;0.0;0.0;['USER', 'cause', 'hop', 'draw', 'reggie', 'want', 'ppl', 'want', 'valentine', 'day']
1096554547005345792;@NewberrySports NC played hard and hung tough in the 1st half. Queens is a great talented team and pulled away in the 2nd Half. Our guys kept playing hard. This team is in the PROCESS of Building to be Champions.;0;0.0;0.0;0.0;['USER', 'play', 'hang', '1st', 'half', 'queen', 'great', 'talented', 'team', 'pull', '2nd', 'half', 'guy', 'keep', 'play', 'team', 'process', 'build', 'champion']
1096821501859373056;gonna go live and chill with some marbles on stream in 15, make sure to stop by and watch ur marble winnnn;0;0.0;0.0;0.0;['chill', 'marble', 'stream', 'sure', 'stop', 'watch', 'marble', 'winnnn']
1098255359859281920;Trump's loyalty obsession could lead to obstruction case https://t.co/ug5T6sWTNc;0;0.0;0.0;0.0;['trump', 'loyalty', 'obsession', 'lead', 'obstruction', 'case', 'url']
1099042453485768704;NEW: Senior US Justice Dept. official: Reports that the US attorney general will receive the report from Special Counsel Mueller by the end of next week are incorrect.;0;0.0;0.0;0.0;['new', 'senior', 'justice', 'dept', 'official', 'report', 'attorney', 'general', 'receive', 'report', 'special', 'counsel', 'mueller', 'end', 'week', 'incorrect']
1099360559365947392;I would have applauded U if U would have gone to #NIT Srinagar where Hindu students from all over d country wr beaten because they unfurled the #Nationalflag. Ur priority was to go to JNU and support those who wanted to break India. @narendramodi doesn’t need your applauds. https://t.co/jcRlnaXzis;0;0.0;0.0;0.0;['applaud', 'HASHTAG', 'srinagar', 'hindu', 'student', 'country', 'beat', 'unfurl', 'HASHTAG', 'priority', 'jnu', 'support', 'want', 'break', 'india', 'USER', 'need', 'applaud', 'url']
1099688449819492352;Excellent point @FredDoucetteNH , the hypocrisy is astounding. Yet there are people in this country that still support this thinking. 🙄🙄 https://t.co/0IwaxGDpww;0;0.0;0.0;0.0;['excellent', 'point', 'USER', 'hypocrisy', 'astounding', 'people', 'country', 'support', 'thinking', 'url']
1100693775620268032;Please send caffeine, because I’m off to London Town today! Double show day and lots of foodie treats and catch ups on the cards... https://t.co/MY0stVCRYP https://t.co/D44rLxh3xc;0;0.0;0.0;0.0;['send', 'caffeine', 'london', 'town', 'today', 'double', 'day', 'lot', 'foodie', 'treat', 'catch', 'card', 'url', 'url']
1100726830896685056;Modelling Demand-side Energy Policies for Climate Change Mitigation in the UK https://t.co/kobGrDvxeH;1;0.0;1.0;1.0;['model', 'demandside', 'energy', 'policy', 'climate', 'change', 'mitigation', 'url']
1100871404365451265;Ive done 2 cover ups of ex boyfriends names today. People need to smarten the fuck up and stop getting boyfriend and girlfriends names.;0;0.0;0.0;0.0;['cover', 'boyfriend', 'name', 'today', 'people', 'need', 'smarten', 'fuck', 'stop', 'get', 'boyfriend', 'girlfriend', 'name']
1100908185286782976;Network Support Technical Operations Centre Engineer, Reading, £25k - 38k/year + basic + shift allowance 20% + benefits #job #jobs #hiring #RailJobs https://t.co/actXUIoiHq;0;0.0;0.0;0.0;['network', 'support', 'technical', 'operation', 'centre', 'engineer', 'reading', '38kyear', 'basic', 'shift', 'allowance', 'benefit', 'HASHTAG', 'HASHTAG', 'HASHTAG', 'HASHTAG', 'url']
1102674464377049089;⛟ #NowHiring: #Shuttle Driver, need more income? Deliver with Uber Eats Uber #Lyft #Postmates #SouthDartmouth #Uber #trucker ☑ Apply Now ☞ https://t.co/aixbxWVCUR https://t.co/MeIRdrM8SL;0;0.0;0.0;0.0;['HASHTAG', 'HASHTAG', 'driver', 'need', 'income', 'deliver', 'uber', 'eat', 'uber', 'HASHTAG', 'HASHTAG', 'HASHTAG', 'HASHTAG', 'HASHTAG', 'apply', 'url', 'url']
1102716650045009921;Direct to consumer #wine sales increased by 9% to 6.3 million cases in 2018. One of the biggest growers (12.2%) was Sangiovese. Why not send a bottle to your friends, or order for yourself from Wedding Oak Winery. Shop their online store: https://t.co/tKOe1FXJvh https://t.co/VLBUkGsDxn;0;0.0;0.0;0.0;['direct', 'consumer', 'HASHTAG', 'sale', 'increase', 'case', 'big', 'grower', 'sangiovese', 'send', 'bottle', 'friend', 'order', 'wedding', 'oak', 'winery', 'shop', 'online', 'store', 'url', 'url']
1102899669145972736;Today you may be tested. Take a moment, think about potential outcomes before responding then use process of elimination & make a selection. You got this! #SheSPEAKS;0;0.0;0.0;0.0;['today', 'test', 'moment', 'think', 'potential', 'outcome', 'respond', 'use', 'process', 'elimination', 'selection', 'get', 'HASHTAG']
1103439929030397952;Please Watch & share this powerful TEDx talk by Apollo Sevant that talks about how social & emotional learning & anti bullying workshops can lead to a reduction in school bullying & violence Video Here: https://t.co/6ckcpJGaUM;1;1.0;0.0;0.0;['watch', 'share', 'powerful', 'tedx', 'talk', 'apollo', 'sevant', 'talk', 'social', 'emotional', 'learning', 'anti', 'bullying', 'workshop', 'lead', 'reduction', 'school', 'bully', 'violence', 'video', 'url']
1105136902481592321;RTs are a helluva drug;1;1.0;0.0;0.0;['helluva', 'drug']
1106858483935109120;Currently in Queensland and there seems to be a fair bit of support for the terrorist and Anning. One bloke said there should be more of it. What the fuck is wrong with this place?;0;0.0;0.0;0.0;['queensland', 'fair', 'bit', 'support', 'terrorist', 'anne', 'bloke', 'say', 'fuck', 'wrong', 'place']
1108153258189733888;@thebaqo @chiblkmn1 @shart_objects Facts! and with his scientist sister ooh. and the superpowers... idk man tho. Batman is a better strategist and fighter technique-wise. it's tough.;0;0.0;0.0;0.0;['user', 'USER', 'USER', 'fact', 'scientist', 'sister', 'superpower', 'idk', 'man', 'tho', 'batman', 'well', 'strategist', 'fighter', 'techniquewise', 'tough']
1109012239950897152;❌This account won’t stop so please REPORT, suspend, block . RT and ask all ARMYs https://t.co/MYeRWeLYTv;0;0.0;0.0;0.0;['account', 'stop', 'report', 'suspend', 'block', 'ask', 'army', 'url']
1109164098065965056;How the CAQ anti-hijab bill would affect all Quebecers. My weekend column for @mtlgazette. https://t.co/Oqlkm26Eu6 #qcpoli #polqc #assnat;0;0.0;0.0;0.0;['caq', 'antihijab', 'bill', 'affect', 'quebecer', 'weekend', 'column', 'USER', 'url', 'HASHTAG', 'HASHTAG', 'HASHTAG']
1109183443152392193;Epic branded content efforts to promote @TheGAcademy from @wetheunicorns @global @BenedictTown https://t.co/VuJa1Oa0x2 #ad 🎥 📲 👏 👀;0;0.0;0.0;0.0;['epic', 'brand', 'content', 'effort', 'promote', 'USER', 'USER', 'USER', 'USER', 'url', 'HASHTAG']
1109583595293868032;#Colombia’s poorer, grid-isolated communities will receive support for the roll-out of domestic #solarPV under new rules unveiled by the Energy ministry. 🇨🇴🌞🇨🇴🌞 #SolarIsNow #GlobalDev #ColombiaHumana https://t.co/5Aysidw5ul;0;0.0;0.0;0.0;['HASHTAG', 'gridisolated', 'community', 'receive', 'support', 'rollout', 'domestic', 'HASHTAG', 'new', 'rule', 'unveil', 'energy', 'ministry', 'HASHTAG', 'HASHTAG', 'HASHTAG', 'url']
1110781653889089536;Tourists watch as 18 green turtles are released into the wild on Indonesia's Bali island. The turtles - listed as endangered - were rescued from wildlife smugglers. An estimated 50,000 turtles are killed in Southeast Asia (particularly in Bali) a year, WWF reports https://t.co/RuEdd6CDb4;1;1.0;1.0;1.0;['tourist', 'watch', 'green', 'turtle', 'release', 'wild', 'indonesias', 'bali', 'island', 'turtle', 'list', 'endanger', 'rescue', 'wildlife', 'smuggler', 'estimate', 'turtle', 'kill', 'southeast', 'asia', 'bali', 'year', 'wwf', 'report', 'url']
1111096294435520512;Corruption of Science Contributes to Collapse of Modern Civilization - Publication Prejudice, Fraud, Deceptive Favoritism. Decade + Scientific prejudice, bias, outright deceit endemic to peer-reviewed scientific literature, especially medical, psychiatry https://t.co/QOQZjgmgVt;1;1.0;1.0;1.0;['corruption', 'science', 'contribute', 'collapse', 'modern', 'civilization', 'publication', 'prejudice', 'fraud', 'deceptive', 'favoritism', 'decade', 'scientific', 'prejudice', 'bias', 'outright', 'deceit', 'endemic', 'peerreviewe', 'scientific', 'literature', 'medical', 'psychiatry', 'url']
1112196692051320833;"RT @thakurfdn: @thakurfdn announces investigative grants for reporting in #publichealth INR 500,000 for six month reporting assignment; freedom to publish in media-house of your choice. Apply on-line starting April 20, 2019 at https://t.co/4ZBUnqrtaJ https://t.co/8ZLlaqJhM6";1;0.0;0.0;1.0;['USER', 'USER', 'announce', 'investigative', 'grant', 'report', 'HASHTAG', 'inr', 'month', 'reporting', 'assignment', 'freedom', 'publish', 'mediahouse', 'choice', 'apply', 'start', 'april', 'url', 'url']
1112786198295203845;Aww, two moons also went to support Jongdae, that's cute ❤️ https://t.co/Hkf0ADtruo;0;0.0;0.0;0.0;['aww', 'moon', 'support', 'jongdae', 'cute', 'url']
1113384502615781376;Join us this summer for the Digital Classicist London seminar series: https://t.co/1EznCegdYS. If you can’t attend in person, check out our Youtube Channel: https://t.co/MwhEMMznpC. #DigiClass #digitalhumanities;0;0.0;0.0;0.0;['join', 'summer', 'digital', 'classicist', 'london', 'seminar', 'series', 'url', 'attend', 'person', 'check', 'youtube', 'channel', 'url', 'HASHTAG', 'HASHTAG']
1113481529005608960;@DrOlufunmilayo Smoking cannabis helps with controlling the nausea that comes with chemotherapy drugs.;1;1.0;0.0;0.0;['USER', 'smoking', 'cannabis', 'help', 'control', 'nausea', 'come', 'chemotherapy', 'drug']
1113819787048751105;@du_soleilx Lol nuh bus stop that mean;0;0.0;0.0;0.0;['USER', 'lol', 'nuh', 'bus', 'stop', 'mean']
1115564965652574208;BioTechnology – Efficient Stem Cells Can Grow in Animals https://t.co/W5yE3owX8R https://t.co/K24KwiCfXF;1;1.0;0.0;1.0;['biotechnology', 'efficient', 'stem', 'cell', 'grow', 'animal', 'url', 'url']
1117953601173893121;https://t.co/Slo87kWk9Z People who use marijuana need more anesthesia during medical procedures like endoscopies or colonoscopies. A new study found that they needed 14 percent more fentanyl, 19.6 percent more midazolam, and 220.5 percent more propofol. #sciencenews https://t.co/cKZUq4glyq;1;1.0;1.0;1.0;['url', 'people', 'use', 'marijuana', 'need', 'anesthesia', 'medical', 'procedure', 'endoscopy', 'colonoscopy', 'new', 'study', 'find', 'need', 'percent', 'fentanyl', 'percent', 'midazolam', 'percent', 'propofol', 'HASHTAG', 'url']
1118968215512727552;.@biorxivpreprint : Primary infection with dengue or #Zika virus does not affect the severity of heterologous secondary infection in macaques. https://t.co/XxWOinyCSd https://t.co/s41FqyHpNp;1;1.0;1.0;1.0;['USER', 'primary', 'infection', 'dengue', 'HASHTAG', 'virus', 'affect', 'severity', 'heterologous', 'secondary', 'infection', 'macaque', 'url', 'url']
1119503928788340737;baby boy ur literally 18 stop doing these concepts;0;0.0;0.0;0.0;['baby', 'boy', 'stop', 'concept']
1119616798863839234;A very warm #welcome to all players, family, friends, fans, @HockeyCanada & support staff arriving in @GreaterSudbury for the #ESSOCup #National Female Midget #Hockey #Championship running April 21-27 >>> https://t.co/QFBlyOlq0g #DiscoverSudbury #ThingstoDoinSudbury https://t.co/mwSfX8grYd;0;0.0;0.0;0.0;['warm', 'HASHTAG', 'player', 'family', 'friend', 'fan', 'USER', 'support', 'staff', 'arrive', 'USER', 'HASHTAG', 'HASHTAG', 'female', 'midget', 'HASHTAG', 'HASHTAG', 'run', 'april', 'url', 'HASHTAG', 'HASHTAG', 'url']
1119677483723309057;"a fan asked jinsung how kim bin really is behind the camera and jinsung replied ""he sings well, studies hard and is handsome"" and bin replied on his story with ""jung jinsung... thats somewhat pretentious"" https://t.co/TyZt35KcgX";0;0.0;0.0;0.0;['fan', 'ask', 'jinsung', 'kim', 'bin', 'camera', 'jinsung', 'reply', 'sing', 'study', 'handsome', 'bin', 'reply', 'story', 'jung', 'jinsung', 'pretentious', 'url']
1119868506428731392;Gotta turn the porn off if the guy busts from head cause that shits a lie;0;0.0;0.0;0.0;['get', 'turn', 'porn', 'guy', 'bust', 'head', 'cause', 'shit', 'lie']
1121022173420740608;Facebook and Twitter suspend the accounts of the dissident Irish republican party Saoradh – which has the support of the paramilitary New IRA. https://t.co/TiW2l9UIn5;0;0.0;0.0;0.0;['facebook', 'twitter', 'suspend', 'account', 'dissident', 'irish', 'republican', 'party', 'saoradh', 'support', 'paramilitary', 'new', 'ira', 'url']
1122012294563729408;@shiner_sam It's terrible here in liverpool, theres reports that a plant pot has fell over in west derby.;0;0.0;0.0;0.0;['USER', 'terrible', 'liverpool', 'report', 'plant', 'pot', 'fall', 'west', 'derby']
1123623968462856192;@katythakkar1 @NeilWoodward20 PALM by @AndersonWinkler —> https://t.co/fSN9cntWvB. We used it successfully for this purpose via non-parametric route. Highly recommended piece of remarkably powerful statistical inference software.;1;0.0;0.0;1.0;['USER', 'USER', 'palm', 'USER', 'url', 'purpose', 'nonparametric', 'route', 'recommend', 'piece', 'powerful', 'statistical', 'inference', 'software']
1125122793698463745;@RepAdamSchiff The Dems need to get tough and fight dirty, just like the Republicans have always done!! We are in CRISIS MODE. Drop the gloves and stop being so polite!!!;0;0.0;0.0;0.0;['USER', 'dem', 'need', 'tough', 'fight', 'dirty', 'republicans', 'crisis', 'mode', 'drop', 'glove', 'stop', 'polite']
1126495297171902465;UnitedHealthcare Helps Support Moms' and Babies' Health Before and After Delivery with New Bundled Payment Program for Maternity Care: Bundled payment program has launched with care providers in New Jersey and Texas with plans to expand to as many as 20… https://t.co/3qdKwECZRW;0;0.0;0.0;0.0;['unitedhealthcare', 'help', 'support', 'mom', 'baby', 'health', 'delivery', 'new', 'bundle', 'payment', 'program', 'maternity', 'care', 'bundle', 'payment', 'program', 'launch', 'care', 'provider', 'new', 'jersey', 'texas', 'plan', 'expand', 'url']
1126843813996171264;@eternaIoath Stop listening to sad shit;0;0.0;0.0;0.0;['USER', 'stop', 'listen', 'sad', 'shit']
1127710139123949569;"Join us for the Franklin First UMC BioBlitz on Saturday, May 18 at the Franklin First UMC Main Campus. Here scientists, families, students, teachers, and the community work together to get a snapshot of the ""wild"" spaces of our 107-acre campus. Register: https://t.co/wM5M139iqG https://t.co/1A3Eh6gVHO";1;0.0;0.0;1.0;['join', 'franklin', 'umc', 'bioblitz', 'saturday', 'franklin', 'umc', 'main', 'campus', 'scientist', 'family', 'student', 'teacher', 'community', 'work', 'snapshot', 'wild', 'space', '107acre', 'campus', 'register', 'url', 'url']
1128477362457329665;A newly discovered species of scansoriopterygid dinosaur with bat-like wings is described in Nature. This specimen provides further evidence that dinosaurs closely related to birds experimented with different wing structures near the origins of flight. https://t.co/hQTV6amDuF https://t.co/MtWeqofNEb;1;1.0;1.0;1.0;['discover', 'specie', 'scansoriopterygid', 'dinosaur', 'batlike', 'wing', 'describe', 'nature', 'speciman', 'provide', 'evidence', 'dinosaur', 'related', 'bird', 'experiment', 'different', 'wing', 'structure', 'origin', 'flight', 'url', 'url']
1131198181046411264;@carissa_messina @itsNICKSNIDER That’s sad and all but there was no reason to share this stop looking for brownie points.;0;0.0;0.0;0.0;['USER', 'USER', 'sad', 'reason', 'share', 'stop', 'look', 'brownie', 'point']
1132873918740684804;@TimesNow @narendramodi @myogiadityanath @AditiAnarayanan Truth @BankofAmerica @BofAML #ScheduledCaste atrocity.Conspiracy partner @BofAPrivateBank @HDFC_Bank @AxisBank fraud 2.95Lakh Rs @BJP4India support for no F.I.R. https://t.co/cwPrsDh4JC @sheribronstein @AnneFinucane @CathyBessant @KatyAKnox @Indians #WorstPlaceToWork #SCSTAct;0;0.0;0.0;0.0;['user', 'USER', 'USER', 'USER', 'truth', 'USER', 'USER', 'HASHTAG', 'atrocityconspiracy', 'partner', 'USER', 'USER', 'USER', 'fraud', '295lakh', 'USER', 'support', 'fir', 'url', 'USER', 'USER', 'USER', 'USER', 'USER', 'HASHTAG', 'HASHTAG']
1136362028656988161;Only a Tory Government could cut 21,000 Police Officers, sit back & watch crime soar & then proudly announce the recruitment of 1,200 Police Officers as the “biggest increase in Police officer numbers in 10 years!” https://t.co/65Co2sa3VW;0;0.0;0.0;0.0;['tory', 'government', 'cut', 'police', 'officer', 'sit', 'watch', 'crime', 'soar', 'announce', 'recruitment', 'police', 'officer', 'big', 'increase', 'police', 'officer', 'number', 'year', 'url']
1136378956544905216;#nltraffic #ducks Encountered this brief traffic stop on the CBS bypass road this evening! Big shout out to the wonderful police officer! 😃❤️👍 https://t.co/WKVrCf1PkU;0;0.0;0.0;0.0;['HASHTAG', 'HASHTAG', 'encounter', 'brief', 'traffic', 'stop', 'cbs', 'bypass', 'road', 'evening', 'big', 'shout', 'wonderful', 'police', 'officer', 'url']
1136783586118512640;"New ""Call Of Duty"" Video Game Encourages Support For The White Helmets https://t.co/X6cKTAKHd2";0;0.0;0.0;0.0;['new', 'duty', 'video', 'game', 'encourage', 'support', 'white', 'helmet', 'url']
1138860977716379648;A total of $1754 was raised by the #AOCC2019 assembly to support Pikangikum. Miigwech for your support! @ChiefsofOntario @ORCRoseAnne @ECAlertezON55 https://t.co/O4WsRFxduA;0;0.0;0.0;0.0;['total', 'raise', 'HASHTAG', 'assembly', 'support', 'pikangikum', 'miigwech', 'support', 'user', 'USER', 'USER', 'url']
1139163111775232001;“Stronger relationships lead to stronger communities. Stronger communities are what makes America, America.” Read the full story SuccessBeyond the Front Lines from @southmagazine: https://t.co/wZvIVZzyTg | #GORUCK https://t.co/1ZZHIXCeU4;1;1.0;0.0;0.0;['strong', 'relationship', 'lead', 'strong', 'community', 'strong', 'community', 'make', 'america', 'america', 'read', 'story', 'successbeyond', 'line', 'USER', 'url', 'HASHTAG', 'url']
1140197127387254784;@berniewestacott Play in early years is so important. The almost complete disappearance of unregulated, unmonitored, unsupervised free play in childhood is one of the key drivers of the increase in mental health issues. Schools can help: more unsupervised play, longer breaks, longer lunch, etc;1;1.0;0.0;0.0;['USER', 'play', 'early', 'year', 'important', 'complete', 'disappearance', 'unregulated', 'unmonitored', 'unsupervised', 'free', 'play', 'childhood', 'key', 'driver', 'increase', 'mental', 'health', 'issue', 'school', 'help', 'unsupervised', 'play', 'long', 'break', 'long', 'lunch']
1140306029160423424;QUOTE “I observed this 2,500-year-old shaman, and he had mortar that had been caked in cannabis with him. That was a remarkable find.” END QUOTE https://t.co/ZKkwI6KW0F;1;0.0;1.0;1.0;['observe', 'shaman', 'mortar', 'cake', 'cannabis', 'remarkable', 'find', 'end', 'quote', 'url']
1140346922684882945;Soccer aid, where 2 squads of millionaires kick a ball about while asking the working class to support charity, baffling;0;0.0;0.0;0.0;['soccer', 'aid', 'squad', 'millionaire', 'kick', 'ball', 'ask', 'work', 'class', 'support', 'charity', 'baffling']
1141149641242816512;@RayyZhane True but other carnivals are a week or more long. Ours just seems so rushed;0;0.0;0.0;0.0;['USER', 'true', 'carnival', 'week', 'long', 'rush']
1141480794118152192;Kefir Health Benefits: Kefir Milk Grains last indefinitely. Kefir evidence suggests probiotics can alleviate many digestive problems, incl. irritable bowel syndrome & ulcers from H. pylori infection BUY HERE https://t.co/UXq872e3Oq https://t.co/Omddg6LmLE;1;1.0;0.0;0.0;['kefir', 'health', 'benefit', 'kefir', 'milk', 'grain', 'kefir', 'evidence', 'suggest', 'probiotic', 'alleviate', 'digestive', 'problem', 'incl', 'irritable', 'bowel', 'syndrome', 'ulcer', 'pylori', 'infection', 'buy', 'url', 'url']
1142057725398069248;Teacher: What do want to do when you older? Normal kids: doctor, pilot, engineer etc... Weebs: I want to get knocked by a truck and die, so I can be sent to an isekai world and have a harem of girls. https://t.co/J5T9BKVgA1;0;0.0;0.0;0.0;['teacher', 'want', 'old', 'normal', 'kid', 'doctor', 'pilot', 'engineer', 'weebs', 'want', 'knock', 'truck', 'die', 'send', 'isekai', 'world', 'harem', 'girl', 'url']
1143919694249910273;"@jwvansteenwyk @Kira_Media @KurtSchlichter ""It has nothing to do with discrimination."" Section 230 States you can't ban people for Political Opinions. 👇 https://t.co/Vld9KuOr5x Facebook 1,565,118 Conservatives banned 24 Liberal banned. Maybe open a book sometime. https://t.co/baXtDOyZik";0;0.0;0.0;0.0;['user', 'USER', 'USER', 'discrimination', 'section', 'state', 'ban', 'people', 'political', 'opinion', 'url', 'facebook', 'conservative', 'ban', 'liberal', 'ban', 'open', 'book', 'url']
1144969129633308672;Side effect of Alcohol & Plastic surgery. 🤣;0;0.0;0.0;0.0;['effect', 'alcohol', 'plastic', 'surgery']
1145012175418867714;UN and EU propaganda by socialist media compares 2019 data of built surfaces with 2003 data of tampered temperature database. Fact: France has a record 50°C heat wave in 1930 and similar and higher temperature in Spain etc. https://t.co/jtGv6gqhq3;1;1.0;0.0;0.0;['propaganda', 'socialist', 'medium', 'compare', 'datum', 'build', 'surface', 'datum', 'tamper', 'temperature', 'database', 'fact', 'france', 'record', '50c', 'heat', 'wave', 'similar', 'high', 'temperature', 'spain', 'url']
1145304535532883970;Really wish there is a way to stop all these pain.;0;0.0;0.0;0.0;['wish', 'way', 'stop', 'pain']
1145516423382306816;"@OccupyForJesus: 1 Peter 2:9 (KJV) But ye are a chosen generation, a royal priesthood, an holy nation, a peculiar people; that ye should...";0;0.0;0.0;0.0;['USER', 'peter', 'kjv', 'choose', 'generation', 'royal', 'priesthood', 'holy', 'nation', 'peculiar', 'people']
1146246937034842114;When it comes to immigration, this is often left out of the conversation: The United States’s weak gun laws not only put American lives at risk but drive illegal gun trafficking and violence in Latin America. https://t.co/TIZrZLvWlu;1;1.0;0.0;0.0;['come', 'immigration', 'leave', 'conversation', 'united', 'statess', 'weak', 'gun', 'law', 'american', 'life', 'risk', 'drive', 'illegal', 'gun', 'trafficking', 'violence', 'latin', 'america', 'url']
1148123355297529856;Why would the #USWNT deserve equal pay with men when they can be beaten by an under 15s boys team? Pay on ability, reward on performance, promote on merit. 15 year old boys are more able than this team Facts don’t care about your feelings. https://t.co/iY4jziil1Z;0;0.0;0.0;0.0;['HASHTAG', 'deserve', 'equal', 'pay', 'man', 'beat', 'boy', 'team', 'pay', 'ability', 'reward', 'performance', 'promote', 'merit', 'year', 'old', 'boy', 'able', 'team', 'fact', 'care', 'feeling', 'url']
1148137607542558721;💔say something-a great big world 💔how to never stop being sad-dandelion hands 💔latch (acoustic)-Sam Smith 💔supermarket flowers-Ed Sheeran;0;0.0;0.0;0.0;['somethinga', 'great', 'big', 'world', 'stop', 'saddandelion', 'hand', 'latch', 'acousticsam', 'smith', 'supermarket', 'flowerse', 'sheeran']
1148953093494779904;A @renditionprjct report released today presents, for the first time, a comprehensive overview of the CIA’s black site network, drawing on new data derived from an unprecedented analysis of the Senate Committee's 2014 study of CIA detention. https://t.co/hUBy640ZuF;1;0.0;1.0;1.0;['USER', 'report', 'release', 'today', 'present', 'time', 'comprehensive', 'overview', 'cia', 'black', 'site', 'network', 'draw', 'new', 'datum', 'derive', 'unprecedented', 'analysis', 'senate', 'committees', 'study', 'cia', 'detention', 'url']
1149293343802720257;I could also add to the pile of evidence thr neurological studies on how poverty affects the brain as shiwn below. This unprecedented study shows how much of an impact the environment can make. https://t.co/is8bzNWQ3P;1;1.0;1.0;1.0;['add', 'pile', 'evidence', 'thr', 'neurological', 'study', 'poverty', 'affect', 'brain', 'shiwn', 'unprecedented', 'study', 'show', 'impact', 'environment', 'url']
1149595223250485248;Posted blog with @schweitzer_va on @JAMAInternalMed study on a bundle to improve outcome in patients with community-acquired pneumonia. https://t.co/NSFsadd35G;1;0.0;1.0;1.0;['post', 'blog', 'USER', 'USER', 'study', 'bundle', 'improve', 'outcome', 'patient', 'communityacquired', 'pneumonia', 'url']
1149679630833672192;😢😢 Willy Wonka star Denise Nickerson taken off life support https://t.co/1aA3jXPuXy;0;0.0;0.0;0.0;['wonka', 'star', 'denise', 'nickerson', 'take', 'life', 'support', 'url']
1150075644434354176;Why is the new JSF page so difficult to navigate?;0;0.0;0.0;0.0;['new', 'jsf', 'page', 'difficult', 'navigate']
1150742079850442754;Race/Ethnicity and Neighborhood Characteristics Are Associated With Bystander Cardiopulmonary Resuscitation in Pediatric... https://t.co/TkSNb66VOi;1;1.0;1.0;1.0;['raceethnicity', 'neighborhood', 'characteristic', 'associate', 'bystander', 'cardiopulmonary', 'resuscitation', 'pediatric', 'url']
1151610179382890496;@Spelmanites I hope that young man has texts or witnesses cause I was ignored at CAU with my lack of proof. This was in 2002. Not much has changed. Title 9 should see it through. Unpaid leave is not enough.;0;0.0;0.0;0.0;['USER', 'hope', 'young', 'man', 'text', 'witness', 'cause', 'ignore', 'cau', 'lack', 'proof', 'change', 'title', 'unpaid', 'leave']
1153715519796781057;Right wing Fascist group supports rightwing fascist.. surprise, surprise https://t.co/akTEJcgchK;0;0.0;0.0;0.0;['right', 'wing', 'fascist', 'group', 'support', 'rightwe', 'fascist', 'surprise', 'surprise', 'url']
1153722269014904833;#BREAKING Boxer who collapsed after MGM National Harbor fight dies: Reports https://t.co/NqGH6U7NGO;0;0.0;0.0;0.0;['HASHTAG', 'boxer', 'collapse', 'mgm', 'national', 'harbor', 'fight', 'die', 'report', 'url']
1153774922746847232;❌ PLEASE STOP SCROLLING!! ❌ I've got an RT deal from @ArmyEomma101 😭 everyone! I would like to call every/all fandoms to HELP ME OUT! To my co-Tiddies, help me..... 😭❤ I badly need 560 RT's and likes until August 2..... I do RTxRT guys ❤ https://t.co/4PpsLhLtSV;0;0.0;0.0;0.0;['stop', 'scroll', 'get', 'deal', 'USER', 'like', 'everyall', 'fandom', 'help', 'cotiddie', 'help', 'need', 'like', 'august', 'rtxrt', 'guy', 'url']
1155539525411778560;God! What a week I just had!! This boy needs a serious massage and rest? God, Abeg let someone offer to give this boy a nice treat in a good hotel this week oh. I don taya oh 🙆🏻‍♂️;0;0.0;0.0;0.0;['week', 'boy', 'need', 'massage', 'rest', 'god', 'abeg', 'let', 'offer', 'boy', 'nice', 'treat', 'good', 'hotel', 'week', 'don', 'taya']
1156470976558903296;He should be heading to Baltimore with pest control.;0;0.0;0.0;0.0;['head', 'baltimore', 'control']
1157265068662362112;@Hodson_Group @TheMooreLab This is true (I’m barely allowed bathroom breaks), the abstract from @NutritionSoc summer conf 2018 is available for anyone wanting a sneak peek though https://t.co/2FxIfWpGZ8;1;0.0;1.0;1.0;['user', 'USER', 'true', 'allow', 'bathroom', 'break', 'abstract', 'USER', 'summer', 'conf', 'available', 'want', 'sneak', 'peek', 'url']
1157736133838737410;@colinelves @d445467j @Dmzmhm20181 @pmdfoster @LDHMarketing @BorisJohnson @Nigel_Farage @brexitparty_uk @SamCoatesSky @EU_Commission The war was caused by indoctrination. Territorial indoctrination by Argentina almost led to war with Chile in 1978, and led to the Falklands War in 1982. Falklands - Argentina's Imaginary Territory (1 pg):- https://t.co/Vz1RYrCvHH;1;1.0;1.0;1.0;['user', 'USER', 'USER', 'USER', 'USER', 'USER', 'USER', 'USER', 'USER', 'USER', 'war', 'cause', 'indoctrination', 'territorial', 'indoctrination', 'argentina', 'lead', 'war', 'chile', 'lead', 'falkland', 'war', 'falkland', 'argentina', 'imaginary', 'territory', 'url']
1158025685379756033;.@LawrenceGostin wrote this 3 years ago in @JAMA_current Sadly even more relevant today 4 reforms to address mass shootings: 1. Dedicate federal funding for research 2. Universal background checks 3. Ban assault weapons 4. Regulate firearm safety https://t.co/EH7bPN6SQ2;1;0.0;1.0;1.0;['USER', 'write', 'year', 'USER', 'relevant', 'today', 'reform', 'address', 'mass', 'shooting', 'dedicate', 'federal', 'funding', 'research', 'universal', 'background', 'check', 'ban', 'assault', 'weapon', 'regulate', 'firearm', 'safety', 'url']
1158244647107530753;@AnnCoulter @Cernovich Doesn’t matter The media has their back & already covering for them The Dayton shooter’s support for Democrats like Warren & Bernie is completely ignored by CNN & others while spending all their airtime blaming El Paso on Trump Truly sick propaganda by the media;0;0.0;0.0;0.0;['user', 'USER', 'matter', 'medium', 'cover', 'dayton', 'shooter', 'support', 'democrats', 'warren', 'bernie', 'ignore', 'cnn', 'spend', 'airtime', 'blame', 'paso', 'trump', 'sick', 'propaganda', 'medium']
1159165376472604672;Sensory neurogenesis depends on vascular-neuronal cytoneme contacts and blood flow. https://t.co/vwlwrT51Fc #Morpholino;1;1.0;1.0;1.0;['sensory', 'neurogenesis', 'depend', 'vascularneuronal', 'cytoneme', 'contact', 'blood', 'flow', 'url', 'HASHTAG']
1160166325161009152;News 24 reports there is not a ROMAN salute.Not only is there such a salute not restricted to the ROMANS but a universal greeting since days immemorial .An outstreched arm & open hand indicating friendship is still being used when people are at a distance from one another.🙋✋;0;0.0;0.0;0.0;['news', 'report', 'roman', 'salutenot', 'salute', 'restrict', 'romans', 'universal', 'greeting', 'day', 'immemorial', 'outstreched', 'arm', 'open', 'hand', 'indicate', 'friendship', 'people', 'distance']
1162536049202958336;Students to patrol for fires at Oakland college with failing alarms. #2Investigates @BrooksKTVU reports https://t.co/myCAe4ARAi https://t.co/GEPB9b3TXx;0;0.0;0.0;0.0;['student', 'patrol', 'fire', 'oakland', 'college', 'fail', 'alarm', 'HASHTAG', 'USER', 'report', 'url', 'url']
1163339614918250498;MEM Media Market Share, Size 2019| Global Industry Analysis by Trends, Growth, Factors, Business https://t.co/mPmaLFDpfm #Business #SAbiz;0;0.0;0.0;0.0;['mem', 'medium', 'market', 'share', 'size', 'global', 'industry', 'analysis', 'trend', 'growth', 'factor', 'business', 'url', 'HASHTAG', 'HASHTAG']
1164604914921873410;@cambecc @fhuysmans @steltenpower The visualization is tremendous! But I wouldn't compare one day to another. The long-term trends are a bit more nuanced, and the data doesn't necessarily reflect what is being reported by a lot of media https://t.co/NHM8njSUCV;1;1.0;1.0;1.0;['user', 'USER', 'USER', 'visualization', 'tremendous', 'compare', 'day', 'longterm', 'trend', 'bit', 'nuanced', 'data', 'reflect', 'report', 'lot', 'medium', 'url']
1165354691066249217;Older sisters are a god sent gift.;0;0.0;0.0;0.0;['old', 'sister', 'god', 'send', 'gift']
1166223817686994944;In letters written to @Zomato , @swiggy_in @foodpandaIndia and @UberEats , NRAI has raised issues of lack of transparency, deep discounting, and abuse of dominant position by online delivery aggregators @alnehaa reports https://t.co/YCHlHWEbZx;0;0.0;0.0;0.0;['letter', 'write', 'USER', 'USER', 'USER', 'USER', 'nrai', 'raise', 'issue', 'lack', 'transparency', 'deep', 'discounting', 'abuse', 'dominant', 'position', 'online', 'delivery', 'aggregator', 'USER', 'report', 'url']
1167443602986823681;"@ignore89039500 Metal is to technical analysis as value is to rock: more technically complicated, but ultimately unsustainable; and most people would prefer a J Mascis or Interpol melody";0;0.0;0.0;0.0;['user', 'metal', 'technical', 'analysis', 'value', 'rock', 'complicated', 'unsustainable', 'people', 'prefer', 'mascis', 'interpol', 'melody']
1167847771962925056;@narendramodi Wage increment of 12 Lac public sector Banks is pending since Nov'17 , even after 2 years, no directives from Govt to Negotiating agent @ChairmanIba For settlement. @DFS_India @rajeevkumr @nsitharaman @PMOIndia https://t.co/Hl41IXzOCP;0;0.0;0.0;0.0;['USER', 'wage', 'increment', 'lac', 'public', 'sector', 'bank', 'pending', 'nov17', 'year', 'directive', 'govt', 'negotiate', 'agent', 'USER', 'settlement', 'USER', 'USER', 'USER', 'USER', 'url']
1168433176265539584;It seems Boris Johnson will stop at nothing to implement his anti-democratic shutdown of parliament and force a disastrous No Deal on the British people. Today, the @LibDems continue to work with other parties on emergency legislation to stop this authoritarian power grab. https://t.co/V0uZSaN9sa;0;0.0;0.0;0.0;['boris', 'johnson', 'stop', 'implement', 'antidemocratic', 'shutdown', 'parliament', 'force', 'disastrous', 'deal', 'british', 'people', 'today', 'USER', 'continue', 'work', 'party', 'emergency', 'legislation', 'stop', 'authoritarian', 'power', 'grab', 'url']
1169834060039872512;A lavender bath cause a bitch feels like shit;0;0.0;0.0;0.0;['lavender', 'bath', 'bitch', 'feel', 'shit']
1170040359432404993;Unsurprisingly, almost every single one of the highest charging air ambulance companies listed below by @GeBaiDC et al. is owned by private equity (KKR & Amercian Securities) https://t.co/XOBsP9uoVX Only PHI Air Medical & Aitheras aren't. https://t.co/gZOj0goQAE;0;0.0;0.0;0.0;['single', 'high', 'charge', 'air', 'ambulance', 'company', 'list', 'USER', 'own', 'private', 'equity', 'kkr', 'amercian', 'security', 'url', 'phi', 'air', 'medical', 'aithera', 'url']
1171510188160864257;Imagine singing a Communist song in the British Parliament. Disgusting. Labour are a vile, nasty party. https://t.co/S6XxvVQ4e0;0;0.0;0.0;0.0;['imagine', 'sing', 'communist', 'song', 'british', 'parliament', 'disgusting', 'labour', 'vile', 'nasty', 'party', 'url']
1174979557473972224;Millions of children are expected to take part in a global #climatestrike today. How important is individual action in the face of climate change? https://t.co/42iVnnopG2;1;1.0;1.0;1.0;['million', 'child', 'expect', 'global', 'HASHTAG', 'today', 'important', 'individual', 'action', 'face', 'climate', 'change', 'url']
1176766417271574528;UNICEF_vietnam website Choi Siwon and UNICEF join hands to stop bullying in Viet Nam https://t.co/XmFpII1bKw;0;0.0;0.0;0.0;['website', 'choi', 'siwon', 'unicef', 'join', 'hand', 'stop', 'bully', 'viet', 'nam', 'url']
1177375154562879488;"Do you load up on ""sports drinks"" to stay hydrated? Might want to reconsider after reading this study, which found that Coca Cola was actually more hydrating than Powerade. The most effective hydration options were oral rehydration solution and milk. https://t.co/ZSI6T3BoF6 https://t.co/lIIMWOVVuN";1;1.0;1.0;1.0;['load', 'sport', 'drink', 'stay', 'hydrated', 'want', 'reconsider', 'read', 'study', 'find', 'coca', 'cola', 'hydrating', 'powerade', 'effective', 'hydration', 'option', 'oral', 'rehydration', 'solution', 'milk', 'url', 'url']
1178718161438298112;@Tehelka Couldn’t agree more! Kudos to @narendramodi for speaking his #MannkiBaat about this. #VapeFreeFuture https://t.co/ovhCLTDufG;1;0.0;1.0;1.0;['USER', 'agree', 'kudo', 'USER', 'speak', 'HASHTAG', 'HASHTAG', 'url']
1178797670305058817;.@Frontier_Usyd is hosting a Frontotemporal Dementia (FTD) Information & Support Day for Families and Carers. Hear from our academics about all the latest research and support services #USydBMC https://t.co/TFZ8lSp4pV;1;0.0;0.0;1.0;['USER', 'host', 'frontotemporal', 'dementia', 'ftd', 'information', 'support', 'day', 'family', 'carer', 'hear', 'academic', 'late', 'research', 'support', 'service', 'HASHTAG', 'url']
1179506668431958016;@BGPolitics I was there for the @AndyBeshearKY and @JColemanKY press conference. Reporters asked how he would pay for it. He responded, as he has ALWAYS responded, that he supports legalizing Expanded Gaming and putting Medical Marijuana on the ballot. Additional resources are a must! #KYGov;0;0.0;0.0;0.0;['USER', 'USER', 'USER', 'press', 'conference', 'reporter', 'ask', 'pay', 'respond', 'respond', 'support', 'legalize', 'expand', 'gaming', 'put', 'medical', 'marijuana', 'ballot', 'additional', 'resource', 'HASHTAG']
1180316681148616704;#Ecuador’s transport firms end strike against fuel subsidies annulment – reports https://t.co/oaaJYylCVm;0;0.0;0.0;0.0;['HASHTAG', 'transport', 'firm', 'end', 'strike', 'fuel', 'subsidy', 'annulment', 'report', 'url']
1181594606754045952;This #MentalHealthAwarenessWeek, Prof John Sheehan our Consultant in Perinatal psychiatry will be speaking about 'Managing depression & bipolar disorder in pregnancy & postpartum period' at the @aware conference this Sat. For clinicians & public alike. https://t.co/xOTCCftRBW https://t.co/CpHvZrpB7m;1;0.0;0.0;1.0;['HASHTAG', 'prof', 'john', 'sheehan', 'consultant', 'perinatal', 'psychiatry', 'speak', 'manage', 'depression', 'bipolar', 'disorder', 'pregnancy', 'postpartum', 'period', 'USER', 'conference', 'sit', 'clinician', 'public', 'alike', 'url', 'url']
1181727723875495937;things change and friends leave. life doesn't stop for anybody;0;0.0;0.0;0.0;['thing', 'change', 'friend', 'leave', 'life', 'stop']
1181963926134759426;Scientists identify molecule that could have helped cells survive—and thrive—on early Earth https://t.co/syWzb76wPx via @physorg_com;1;1.0;1.0;1.0;['scientist', 'identify', 'molecule', 'help', 'cell', 'surviveand', 'thriveon', 'early', 'earth', 'url', 'USER']
1181989000464273408;Relationships are a lot like life. You get what you put into it. https://t.co/ImbQI8TSpC;0;0.0;0.0;0.0;['relationship', 'lot', 'life', 'url']
1182457820131794944;“The president says, ‘Guys, give Rex your pitch.’” WaPo matches reports about the Oval Office meeting with Trump’s pressure to kill the case of Giuliani’s client Reza Zarrab. Preet Bharara advises looking into the case “very carefully.” https://t.co/cbfMrmRfOd;0;0.0;0.0;0.0;['president', 'say', 'guy', 'rex', 'pitch', 'wapo', 'match', 'report', 'oval', 'office', 'meeting', 'trump', 'pressure', 'kill', 'case', 'giulianis', 'client', 'reza', 'zarrab', 'preet', 'bharara', 'advise', 'look', 'case', 'url']
1182650818345881600;My very first statnews byline Men with breast #cancer have a 19 higher mortality rate than women with the condition. Advocacy groups push for awareness and education to help combat it. httpsbuff.ly2B5PvE8Â: My very first statnews byline Men with breast… https://t.co/uJRXR1dQog;1;1.0;0.0;0.0;['statnews', 'byline', 'man', 'breast', 'HASHTAG', 'high', 'mortality', 'rate', 'woman', 'condition', 'advocacy', 'group', 'push', 'awareness', 'education', 'help', 'combat', 'statnews', 'byline', 'man', 'breast', 'url']
1182760738097643520;@VoteBernier @MaximeBernier 30% increase in advance voting at campuses compared to day 1 of advance voting 2015. Something got the voters exited the last few days and something is happening in Canada 🇨🇦 #PPC #PPCmajority #PPC2019 #PPC #votePPC https://t.co/Zobd1FnivJ;0;0.0;0.0;0.0;['USER', 'USER', 'increase', 'advance', 'voting', 'campus', 'compare', 'day', 'advance', 'vote', 'get', 'voter', 'exit', 'day', 'happen', 'canada', 'HASHTAG', 'HASHTAG', 'HASHTAG', 'HASHTAG', 'HASHTAG', 'url']
1182847876487008258;@sweettea4you_me @yunhee1993 @NeuroRebel You’re not alone. It may take some time, but our pattern recognition often becomes visible to NTs only in long game hindsight.;0;0.0;0.0;0.0;['user', 'USER', 'USER', 'time', 'pattern', 'recognition', 'visible', 'long', 'game', 'hindsight']
1186009290248769536;#RCB became the first #IPL team to have a woman support staff member #IPL2020 #Yellove #WhistlePodu 🦁💛 #CSK #MI #RCB #Virat #Kohli #Dhoni #IPL12 #IPLMeme #Cricket #CricketLover #India #cskreturns https://t.co/ywqxM7AQfV;0;0.0;0.0;0.0;['HASHTAG', 'HASHTAG', 'team', 'woman', 'support', 'staff', 'member', 'HASHTAG', 'HASHTAG', 'HASHTAG', 'HASHTAG', 'HASHTAG', 'HASHTAG', 'HASHTAG', 'HASHTAG', 'HASHTAG', 'HASHTAG', 'HASHTAG', 'HASHTAG', 'HASHTAG', 'HASHTAG', 'HASHTAG', 'url']
1187632944011272197;This impressive new surf lake near Bristol can generate up to 1,000 waves an hour and is 100% powered by renewables.. https://t.co/GA0FQrlDsT;1;1.0;0.0;0.0;['impressive', 'new', 'surf', 'lake', 'bristol', 'generate', 'wave', 'hour', 'power', 'renewable', 'url']
1188661895948992512;Repeat after me: - Maps & No-Maps DO NOT belong in the LGBT+ - That is only comfirming established bias from anti-lgbt+ groups thus hurting our growth - Pedophilia is a form of mental disorder and IS TREATABLE. - Pedos are not oppressed. - We have the right to protect ourselves;1;1.0;0.0;0.0;['repeat', 'map', 'belong', 'lgbt', 'comfirme', 'establish', 'bias', 'antilgbt', 'group', 'hurt', 'growth', 'pedophilia', 'form', 'mental', 'disorder', 'treatable', 'pedo', 'oppress', 'right', 'protect']
1189642519757381633;All crooks should be given psychological tests https://t.co/RbwkWThhKR;0;0.0;0.0;0.0;['crook', 'give', 'psychological', 'test', 'url']
1190798721795141632;when truth untold stops playing and the lights turn green.... https://t.co/lBFhLHyUbn;0;0.0;0.0;0.0;['truth', 'untold', 'stop', 'play', 'light', 'turn', 'green', 'url']
1192964812575322117;"JFC. I oppose the system of judicial elections in general. But the rule can't be ""we'll stop having elections just because voters elected Democrats."" https://t.co/LJeaB7SqV4";0;0.0;0.0;0.0;['jfc', 'oppose', 'system', 'judicial', 'election', 'general', 'rule', 'stop', 'have', 'election', 'voter', 'elect', 'democrats', 'url']
1192981893307752449;#GodMorning_LeatherUsers Stop killing the animals https://t.co/eB8x6YuteK;0;0.0;0.0;0.0;['HASHTAG', 'stop', 'kill', 'animal', 'url']
1194401195923853312;@ChrisVanHollen Congressional Republicans are spineless and the Democrats care because it was a Trump policy. Aside from Ilhan, who didn’t think the genocide was a worthy cause to condemn.;0;0.0;0.0;0.0;['USER', 'congressional', 'republican', 'spineless', 'democrats', 'care', 'trump', 'policy', 'ilhan', 'think', 'genocide', 'worthy', 'cause', 'condemn']
1195678860597219328;@InactionNever Stop romantizing this, this isn't beautiful, school's making everyone have internet is just another way to let poor people behind. you say democratization is a thing when this happens;0;0.0;0.0;0.0;['USER', 'stop', 'romantize', 'beautiful', 'school', 'make', 'internet', 'way', 'let', 'poor', 'people', 'democratization', 'thing', 'happen']
1197695271150350336;The role of mental illness has been brought up in discussion around this, and it may or may not have played a role, but the expression of mental illness in the language of white supremacy should not be erased. The language of race and of violence.;0;0.0;0.0;0.0;['role', 'mental', 'illness', 'bring', 'discussion', 'play', 'role', 'expression', 'mental', 'illness', 'language', 'white', 'supremacy', 'erase', 'language', 'race', 'violence']
1197963909015179264;Short Dow / YM Setup 860 target 800 stop 885 Please note this message is delayed by 5 mins. For Real Time Messages please contact me on info@tradeinflection.com;0;0.0;0.0;0.0;['short', 'dow', 'setup', 'target', 'stop', 'note', 'message', 'delay', 'min', 'real', 'time', 'message', 'contact']
1198134889830375424;Country music pairs well with rum but leads to chaotic avocados;0;0.0;0.0;0.0;['country', 'music', 'pair', 'rum', 'lead', 'chaotic', 'avocado']
1199161697396641792;@IrishGirlCrypt1 @fintechfrank @TheBlock__ @mdudas @TheBlock__ stop publishing FAKE NEWS and be better journalists;0;0.0;0.0;0.0;['user', 'USER', 'USER', 'USER', 'USER', 'stop', 'publish', 'fake', 'news', 'well', 'journalist']
1199320698877071360;"""Our study found that Indigenous children whose parents promoted a strong sense of cultural identity in early childhood experienced better health and socio-emotional outcomes later in life."" https://t.co/A52Z4CqtwU";1;1.0;1.0;1.0;['study', 'find', 'indigenous', 'child', 'parent', 'promote', 'strong', 'sense', 'cultural', 'identity', 'early', 'childhood', 'experience', 'well', 'health', 'socioemotional', 'outcome', 'life', 'url']
1200775750858752000;@senatemajldr @realDonaldTrump @nancypelosi Stop the Impeachment Charade Get some work done! Pass the USMCA for America!!;0;0.0;0.0;0.0;['user', 'USER', 'USER', 'stop', 'impeachment', 'charade', 'work', 'pass', 'usmca', 'america']
1200818820748861440;From Discover on Google https://t.co/Q1a2EbW5qf;1;0.0;1.0;1.0;['discover', 'google', 'url']
1201309508342964225;#ASH19 Paper No: 2723 Sun 1/7/19 6-8 PM #BPDCN Commonly Presents in the Setting of Prior or Concomitant Hematologic Malignancies: Patient Characteristics and Outcomes in the Rapidly Evolving Modern Targeted Therapy Era @JoeKhouryMD @doctorpemm @DrPhyuPAung2 @NitinJainMD;1;1.0;1.0;1.0;['HASHTAG', 'paper', 'sun', 'HASHTAG', 'present', 'setting', 'prior', 'concomitant', 'hematologic', 'malignancy', 'patient', 'characteristic', 'outcome', 'evolve', 'modern', 'target', 'therapy', 'era', 'USER', 'USER', 'USER', 'USER']
1201336547062120448;A solid minority opposed ANY impeachment, partly due to the difficulty of figuring out if any existing body could impartially judge the charges, w/ others thinking elections were a sufficient cure for treasonous criminal act(s). #QAnon #WWG1WGA #Nadler;0;0.0;0.0;0.0;['solid', 'minority', 'oppose', 'impeachment', 'difficulty', 'figure', 'exist', 'body', 'judge', 'charge', 'think', 'election', 'sufficient', 'cure', 'treasonous', 'criminal', 'act', 'HASHTAG', 'HASHTAG', 'HASHTAG']
1201567583192977410;Minister of Transportation, Rotimi Amaechi has said the China Civil Engineering and Construction Corporation will be donating $50m to support the University of Transportation in Daura, Katsina State. https://t.co/kmoIMcULy2 #Transportation #Nigeria;0;0.0;0.0;0.0;['minister', 'transportation', 'rotimi', 'amaechi', 'say', 'china', 'civil', 'engineering', 'construction', 'corporation', 'donate', 'support', 'university', 'transportation', 'daura', 'katsina', 'state', 'url', 'HASHTAG', 'HASHTAG']
1201884303988150272;Christmas shopping pit stop #sheffieldchristmasmarket @ THOR'S tipi Sheffield https://t.co/giolJkzDSR;0;0.0;0.0;0.0;['christmas', 'shopping', 'pit', 'stop', 'HASHTAG', 'thor', 'tipi', 'sheffield', 'url']
1201898308765175810;@jcdickinson @808x86 @recitogigih @markdalgleish cc'ing one of the devs behind Svelte @silentworks check this out. Is TS support in the works?;0;0.0;0.0;0.0;['user', 'USER', 'USER', 'USER', 'cce', 'devs', 'svelte', 'USER', 'check', 'support', 'work']
1202275535847452673;How do we have a Poverty Crisis with low unemployment? This is how: https://t.co/4VmctiWL9o;1;1.0;1.0;1.0;['poverty', 'crisis', 'low', 'unemployment']
1202972487077826567;Winter Tipples tasting went down a treat last night! 🍹 Don’t worry if you missed out, next on the event calendar is our Christmas Market this Saturday from 12pm - 4pm. Get some Christmas shopping done early and then relax with a mulled wine and mince pie 🍷 #Kingston https://t.co/NNLvLVi1ZM;0;0.0;0.0;0.0;['winter', 'tipple', 'taste', 'treat', 'night', 'worry', 'miss', 'event', 'calendar', 'christmas', 'market', 'saturday', 'christmas', 'shopping', 'relax', 'mulled', 'wine', 'mince', 'pie', 'HASHTAG', 'url']
1204291217917435904;After Christmas and Boxing day All Roads lead to Moshi Club Let’s Drink and Party Lots of Games too Don’t miss this on 28th December https://t.co/Yzj9BMcnO5;0;0.0;0.0;0.0;['christmas', 'boxing', 'day', 'road', 'lead', 'moshi', 'club', 'let', 'drink', 'party', 'lot', 'game', 'miss', '28th', 'december', 'url']
1204803275347972098;Yetsuh Frank, Managing Director at BE-Ex, featured in this @CC_Yale segment on NYC's building emissions laws.;0;0.0;0.0;0.0;['yetsuh', 'frank', 'manage', 'director', 'beex', 'feature', 'user', 'segment', 'nycs', 'building', 'emission', 'law']
1205335306473525248;I disagree with Fortnite winning best ongoing game. I personally feel the amount of change and growth that FFXIV has dwarfs it pretty hard. Fortnite just seems to win in money, which allows them to supercede everyone in tech. Both devs are great, I feel there was a better choice.;0;0.0;0.0;0.0;['disagree', 'fortnite', 'win', 'ongoing', 'game', 'feel', 'change', 'growth', 'ffxiv', 'dwarf', 'fortnite', 'win', 'money', 'allow', 'supercede', 'tech', 'devs', 'great', 'feel', 'well', 'choice']
1207043919747395586;@SaraCarterDC Anything with #GeorgeConway will FAIL... These #NeverTrumpers are a bunch of #LOSERS🤬🤬🤬🤬 #Trump2020Landslide #KAG2029;0;0.0;0.0;0.0;['USER', 'HASHTAG', 'fail', 'HASHTAG', 'bunch', 'HASHTAG', 'HASHTAG', 'HASHTAG']
1207922461804773376;How New Orleans Reduced Its Homeless Population By 90 Percent https://t.co/N1IGCaCdbw;1;1.0;0.0;0.0;['new', 'orleans', 'reduce', 'homeless', 'population', 'percent', 'url']
1210454219200679938;@DavidWohl @realDonaldTrump @CBC Another stupid comment!! It was edited 2014 and Trump didnt make the cut...simple as that. Stop with your BS and research b4 you tweet😜;0;0.0;0.0;0.0;['user', 'USER', 'USER', 'stupid', 'comment', 'edit', 'trump', 'cutsimple', 'stop', 'research', 'tweet']
1210891529906204673;[Job] Staff Equipment Systems Engineer | Company: United Technologies | Location: Chula Vista California United States | #Chula #Vista #Marine #Engineering #Jobs | More info at https://t.co/hNCECy8yRZ;0;0.0;0.0;0.0;['job', 'staff', 'equipment', 'system', 'engineer', 'company', 'united', 'technologies', 'location', 'chula', 'vista', 'california', 'united', 'states', 'HASHTAG', 'HASHTAG', 'HASHTAG', 'HASHTAG', 'HASHTAG', 'info', 'url']
1212020623943311360;The domino that perhaps leads to Secretary of State Rubio and U.S. Sen. Gaetz is wobbling.;0;0.0;0.0;0.0;['domino', 'lead', 'secretary', 'state', 'rubio', 'sen', 'gaetz', 'wobble']
1214940072681857026;Armed conflict disproportionately affects children, touching every aspect of their health from physical to psychological. https://t.co/M2k2COh2SZ via @MDedgeTweets;1;1.0;1.0;1.0;['armed', 'conflict', 'affect', 'child', 'touch', 'aspect', 'health', 'physical', 'psychological', 'url', 'USER']
1215026539009650689;On March 31, 1968, 500+ Black nationalists convened in Detroit to begin the process of securing independence from the US. Many concluded that Black Americans' best remaining hope for liberation was the creation of a sovereign nation-state, the Republic of New Afrika (RNA).;0;0.0;0.0;0.0;['march', 'black', 'nationalist', 'convene', 'detroit', 'begin', 'process', 'secure', 'independence', 'conclude', 'black', 'americans', 'remain', 'hope', 'liberation', 'creation', 'sovereign', 'nationstate', 'republic', 'new', 'afrika', 'rna']
1215562592573243392;Ab yrr haar gya toh haar gya....isme Kya ho gya yrr.... Haar or Jeet to life Mei hoti rehti h... Nothing like he pretended. It just happened sometime. Chill and support #AsimRiaz #WeWatchBBForAsim;0;0.0;0.0;0.0;['yrr', 'haar', 'gya', 'toh', 'haar', 'gyaisme', 'kya', 'gya', 'yrr', 'haar', 'jeet', 'life', 'mei', 'hoti', 'rehti', 'pretend', 'happen', 'chill', 'support', 'HASHTAG', 'HASHTAG']
1215829509175267329;Breaking: Democrats in congress introduce bill in support of fourth term abortions. Please RT. #BreakingNews #WhatILearnedToday #PutThatInYourPipe https://t.co/OfMyuSSKRG;0;0.0;0.0;0.0;['break', 'democrat', 'congress', 'introduce', 'bill', 'support', 'fourth', 'term', 'abortion', 'HASHTAG', 'HASHTAG', 'HASHTAG', 'url']
1217846842895085568;[2] As quoted on @bbcradio4 this morning, this could be a massive reset button for the future of farming in the UK. What are your thoughts @agricology? https://t.co/CK8TMPgwWn @bbcnews #futurefarming #AgricultureBill;0;0.0;0.0;0.0;['quote', 'USER', 'morning', 'massive', 'reset', 'button', 'future', 'farming', 'thought', 'USER', 'url', 'USER', 'HASHTAG', 'HASHTAG']
1218137579767332865;Discuss. https://t.co/dCbMs4MjB6;1;0.0;1.0;1.0;['discuss', 'url']
1218198523356729344;@CTVStanfield @CTVMorningYYC @CJAY92 @coryedelCTV @RobWilliamsCTV @BrettBarrettYEG @GrahamNeilCTV @SarahPlowmanCTV @GenePrincipe @joeyslatteryCTV @ctvrob @DarcySeatonCTV @TKACHUKycheese_ Money spent on a trolling billboard could have went to a cause where someone will benefit and it will do some good instead of a marketing campaign. Maybe follow YEG's lead and buy some lunches for kids that go without? Top up the ALS donation in support of one of your own?;0;0.0;0.0;0.0;['user', 'USER', 'USER', 'USER', 'USER', 'USER', 'USER', 'USER', 'USER', 'USER', 'USER', 'USER', 'USER', 'money', 'spend', 'troll', 'billboard', 'cause', 'benefit', 'good', 'marketing', 'campaign', 'follow', 'lead', 'buy', 'lunch', 'kid', 'donation', 'support']
1219299597845245952;It’s about to be @CalvinHarris szn all over again as he just announced his new project with two singles dropping on Friday 👀 | 📸: @ConorMcDPhoto https://t.co/RVniXpezG7 https://t.co/7PkWE6vUnZ;0;0.0;0.0;0.0;['user', 'szn', 'announce', 'new', 'project', 'single', 'drop', 'friday', 'USER', 'url', 'url']
1220953312867934209;Scientists capture molecular maps of animal tissue with unprecedented detail - https://t.co/5Piti5xYZR - +GENERAL PHYSICS LABORATORY (GPL) Scientists capture molecular maps of animal tissue with unprecedented detail https://t.co/5Piti5xYZR https://t.co/FeqMWdlABN;1;1.0;1.0;1.0;['scientist', 'capture', 'molecular', 'map', 'animal', 'tissue', 'unprecedented', 'detail', 'url', 'general', 'physics', 'laboratory', 'gpl', 'scientist', 'capture', 'molecular', 'map', 'animal', 'tissue', 'unprecedented', 'detail', 'url', 'url']
1221952316397563905;@marthamaccallum Martha - stop the redundant BS!! Even if Bolton is accurate, where’s the crime?? Doesn’t change a thing.....;0;0.0;0.0;0.0;['USER', 'martha', 'stop', 'redundant', 'bolton', 'accurate', 'crime', 'change', 'thing']
1221955881572503552;@Dr007KillShotQ2 @LynnDoles Stop lying! No guns have been seized. The ones that were given up were done so voluntarily. Thousands ignored the demands.;0;0.0;0.0;0.0;['USER', 'USER', 'stop', 'lie', 'gun', 'seize', 'one', 'give', 'thousand', 'ignore', 'demand']
1223424279943045122;GOOAALL! Sam Lafferty scores just :53 seconds into the third! The #WBSPens extend the lead to 4-1 https://t.co/xy7I3h6Wuy;0;0.0;0.0;0.0;['gooaall', 'sam', 'lafferty', 'score', 'second', 'HASHTAG', 'extend', 'lead', 'url']
1223777572619800582;Meditation – how it can benefit both your mental and physical health. Learn more about this essential health and wellness practice https://t.co/crwnW2k2LF https://t.co/FrKffUrFij;1;1.0;1.0;1.0;['meditation', 'benefit', 'mental', 'physical', 'health', 'learn', 'essential', 'health', 'wellness', 'practice', 'url', 'url']
1223881256343166976;On #WorldWetlandsDay we remind nations considering their Nationally Determined Contributions -NDCs- to fulfil their #ClimateAction plans & achieve targets under #ParisAgreement. that Wetlands are important carbon stores that function best when intact #WetlandBiodiversityMatters https://t.co/OfzahVQ81E;1;1.0;0.0;0.0;['HASHTAG', 'remind', 'nation', 'consider', 'determined', 'contribution', 'fulfil', 'HASHTAG', 'plan', 'achieve', 'target', 'HASHTAG', 'wetland', 'important', 'carbon', 'store', 'function', 'intact', 'HASHTAG', 'url']
1229305489168781312;Weather damage affects rail traffic in several federal states https://t.co/fcn3t02zXe;1;1.0;0.0;0.0;['weather', 'damage', 'affect', 'rail', 'traffic', 'federal', 'state', 'url']
1230739197696212999;Donald Trump promised he would fight for LGBTQ people. Instead, his administration has systematically undone recent gains in their rights and protections. Here are 31 examples Trump Will NEVER Support LGBTQ Community #OneVoice1 #BeTheChange4USA https://t.co/Q6UzejVfih;0;0.0;0.0;0.0;['donald', 'trump', 'promise', 'fight', 'lgbtq', 'people', 'administration', 'undo', 'recent', 'gain', 'right', 'protection', 'example', 'trump', 'support', 'lgbtq', 'community', 'HASHTAG', 'HASHTAG', 'url']
1233975456581459969;Slave family preparing field for crop production (1738) (Colorvision) https://t.co/wK6zMxP0uU;0;0.0;0.0;0.0;['slave', 'family', 'prepare', 'field', 'crop', 'production', 'colorvision', 'url']
1234673502008954881;@bryan__chandler @VerminSupreme Vermin is a Libertarian, Bernie's policies are the exact opposite of Libertarianism.;0;0.0;0.0;0.0;['USER', 'USER', 'vermin', 'libertarian', 'bernie', 'policy', 'exact', 'opposite', 'libertarianism']
1235546282799886336;Congratulations to @iliciub1 for receiving the Puskas Memorial Fellowship https://t.co/oqFTMuyFHq Ilinca studies malaria transmission dynamics with a focus on within-vector parasite interactions #WomenInSTEM @womeninmalaria @PurdueBiolSci @PurdueEEB;1;0.0;0.0;1.0;['congratulation', 'USER', 'receive', 'puskas', 'memorial', 'fellowship', 'url', 'ilinca', 'study', 'malaria', 'transmission', 'dynamic', 'focus', 'withinvector', 'parasite', 'interaction', 'HASHTAG', 'USER', 'USER', 'USER']
1235556554868436992;Bernie needs to change his strategy. Sorry, but it needs to be said. And yes, the ads are a good start. But if he doesn't go full gloves off in debates, speeches, and call out cheating, we're going to lose.;0;0.0;0.0;0.0;['bernie', 'need', 'change', 'strategy', 'need', 'say', 'good', 'start', 'glove', 'debate', 'speech', 'cheating', 'lose']
1235690411026345984;@ComfortablySmug @EricTrump While Trump didn't explicitly say that sick Americans should go to work, he did state that those with mild coronavirus cases can still recover while going about their daily lives — an assertion that contradicts public health officials' recommendations on how to manage the illness;1;1.0;0.0;0.0;['user', 'USER', 'trump', 'sick', 'americans', 'work', 'state', 'mild', 'coronavirus', 'case', 'recover', 'daily', 'life', 'assertion', 'contradict', 'public', 'health', 'official', 'recommendation', 'manage', 'illness']
1235733000010133505;"NEW on https://t.co/zMRBaJXmnU... ""Refractory."" @sluttychameleon The spotlight is on Cammy in this kaleidoscopic film, as conventional prostate play becomes bizarre and beautiful, encouraging viewers to experiment with their own self-pleasure. Full film: https://t.co/IHmcKKCrhc https://t.co/8yjKTHdbH1";0;0.0;0.0;0.0;['new', 'url', 'refractory', 'USER', 'spotlight', 'cammy', 'kaleidoscopic', 'film', 'conventional', 'prostate', 'play', 'bizarre', 'beautiful', 'encourage', 'viewer', 'experiment', 'selfpleasure', 'film', 'url', 'url']
1235763801473024004;Freeman J. Dyson, a mathematical prodigy who left his mark on subatomic physics before gaining public renown as a writer and technological visionary, has died https://t.co/IDtWxjBUsk;1;0.0;0.0;1.0;['freeman', 'dyson', 'mathematical', 'prodigy', 'leave', 'mark', 'subatomic', 'physics', 'gain', 'public', 'renown', 'writer', 'technological', 'visionary', 'die', 'url']
1236391151977955328;@GreatTammie @RudeRicky @latimes Got houseless? Want to have #PublicHealth for the survival of the human species? HOUSING and HEALTHCARE! #CORONAVIRUS “Oregon’s homeless at risk for coronavirus. The crowded conditions in which the homeless live make them more susceptible to the virus.” https://t.co/KwchIaTGck;1;1.0;0.0;0.0;['user', 'USER', 'USER', 'get', 'houseless', 'want', 'HASHTAG', 'survival', 'human', 'specie', 'housing', 'healthcare', 'HASHTAG', 'oregon', 'homeless', 'risk', 'coronavirus', 'crowd', 'condition', 'homeless', 'live', 'susceptible', 'virus', 'url']
1236958500103663616;eg. Maknae to Maknae 😊 Hyung to Maknae ☹️ Hyung line has a lower value compared to the Maknae line. So if you have the hyung line, much better to sell. Successful trading is less the 50%;0;0.0;0.0;0.0;['maknae', 'maknae', 'hyung', 'maknae', 'hyung', 'line', 'low', 'value', 'compare', 'maknae', 'line', 'hyung', 'line', 'well', 'sell', 'successful', 'trading']
1237151286719475712;We are proud to announce our partnership with @AdvancedGG - The only clinically proven esports ready formula to improve your game. Use code “G1” to directly support us - https://t.co/N3vbMQHLYT https://t.co/7XGiULAKoD;0;0.0;0.0;0.0;['proud', 'announce', 'partnership', 'USER', 'prove', 'esport', 'ready', 'formula', 'improve', 'game', 'use', 'code', 'support', 'url', 'url']
1239612978640474112;@jimsciutto @CNN Stop reporting on speculation and attempting to manufacture a story;0;0.0;0.0;0.0;['USER', 'USER', 'stop', 'report', 'speculation', 'attempt', 'manufacture', 'story']
1240241957881987072;"""Optimism is the faith that leads to achievement. Nothing can be done without hope and confidence."" - Helen Keller #AsiManshiDebut";1;1.0;0.0;0.0;['optimism', 'faith', 'lead', 'achievement', 'hope', 'confidence', 'helen', 'keller', 'HASHTAG']
1240271637808910337;Support your local midwife 👌🏿👌🏻👌🏽👌🏼👌🏾 #Midwives are everyday heroes––always putting the needs of others first and stepping up in times of crisis. Drop a 🧡 to show your support! #SupportOurNursesAndMidwives | #SierraLeone https://t.co/MEBIwFWctw;0;0.0;0.0;0.0;['support', 'local', 'midwife', 'HASHTAG', 'everyday', 'heroesalway', 'put', 'need', 'step', 'time', 'crisis', 'drop', 'support', 'HASHTAG', 'HASHTAG', 'url']
1240275043810148352;Terrific research by Yannick Oswald, @JKSteinberger, and colleagues. Once a person begins to pay attention to the climate impact of emissions by the comparatively rich, the importance of flying reduction jumps several steps upwards in a sensible climate action priority ranking.;1;1.0;1.0;1.0;['terrific', 'research', 'yannick', 'oswald', 'USER', 'colleague', 'person', 'begin', 'pay', 'attention', 'climate', 'impact', 'emission', 'rich', 'importance', 'fly', 'reduction', 'jump', 'step', 'sensible', 'climate', 'action', 'priority', 'rank']
1240292300724424704;Tax season is here! Check out these tips to help maximize your returns, and make the process less taxing on your business. Contact our office and speak with us about planning for your retirement. 817.451.7996 https://t.co/iMXvSS3a5w https://t.co/IIczOnkuM9;0;0.0;0.0;0.0;['tax', 'season', 'check', 'tip', 'help', 'maximize', 'return', 'process', 'tax', 'business', 'contact', 'office', 'speak', 'plan', 'retirement', 'url', 'url']
1240546473802002433;Pakistan Cricket Board says 128 #COVID19 tests conducted on players and others associated with PSL have come negative.;0;0.0;0.0;0.0;['pakistan', 'cricket', 'board', 'say', 'HASHTAG', 'test', 'conduct', 'player', 'associate', 'psl', 'come', 'negative']
1240709465524953088;Though it is often said the 1918 'Spanish Flu' began in Kansas, USA, there is evidence that the deadly pandemic that killed 50 million people originated with Chinese labourers shipped to North America. Yet the Spaniards don't complain! #ChineseVirus https://t.co/mc2R7iTqXb;1;1.0;1.0;1.0;['say', 'spanish', 'flu', 'begin', 'kansas', 'usa', 'evidence', 'deadly', 'pandemic', 'kill', 'people', 'originate', 'chinese', 'labourer', 'ship', 'north', 'america', 'spaniard', 'complain', 'HASHTAG', 'url']
1240717437601042433;We know that #coronavirus is a cause for concern and stress for many. Whether you're #WorkingFromHome, #SocialDistancing or #SelfIsolating, it's important to look after our wellbeing. Find out how you can support your mental health: https://t.co/f0D8tTQvpx https://t.co/JgfT7Lcs9T;1;1.0;0.0;0.0;['know', 'HASHTAG', 'cause', 'concern', 'stress', 'HASHTAG', 'HASHTAG', 'HASHTAG', 'important', 'look', 'wellbeing', 'find', 'support', 'mental', 'health', 'url', 'url']
1241253098296754177;@NBCNews @comcast @ABC @ABCNetwork @nbc @CBSNews @CBS @FOXTV @cspan @UnivisionPRTeam @business @MikeBloomberg @CNN @BBCWorld @PBS @NewsHour @vicenews @MSNBC @ViacomCBS @ATT Please stop broadcasting the #CoronaVirusTaskForce press briefings, take control of the cycle. #Covid_19;0;0.0;0.0;0.0;['user', 'USER', 'USER', 'USER', 'USER', 'USER', 'USER', 'USER', 'USER', 'USER', 'USER', 'USER', 'USER', 'USER', 'USER', 'USER', 'USER', 'USER', 'USER', 'USER', 'stop', 'broadcast', 'HASHTAG', 'press', 'briefing', 'control', 'cycle', 'HASHTAG']
1241282533947584514;@tekirkrn @Tony04219 @mjconnor44 @Smilin_Bob @BlackMambaForev @Machzero0 @CHRISmanEasy @ffossum71 @ShoelessLinda @HTTRPhilly @JoeySalads I call BS! 2yrs ago 45 dismantled the committee Obama created when Ebola SARS H1N1 epidemics came about. Now he's blaming Obama 4 not having a plan in action 4 this scenario when in truth it's 45's fault! Do ur own research & stop drinking the orange Koolaid & Cult45 mentality!;0;0.0;0.0;0.0;['user', 'USER', 'USER', 'USER', 'USER', 'USER', 'USER', 'USER', 'USER', 'USER', 'USER', '2yr', 'dismantle', 'committee', 'obama', 'create', 'ebola', 'sar', 'epidemic', 'come', 'blame', 'obama', 'have', 'plan', 'action', 'scenario', 'truth', 'fault', 'research', 'stop', 'drink', 'orange', 'koolaid', 'cult45', 'mentality']
1241394948131479562;Civic Saturday morning 15 #PostcardsToVoters in support of ⁦@judgekarofsky⁩ with gorgeous new batch of postcards 🇺🇸🗽🌼🌱🌸🌺 #JillForJustice #GOTV ⁦@DemocratWit⁩ ⁦@CreativeDem⁩ @Humanitarian66 https://t.co/VtdBbN5rw1;0;0.0;0.0;0.0;['civic', 'saturday', 'morning', 'HASHTAG', 'support', 'USER', 'gorgeous', 'new', 'batch', 'postcard', 'HASHTAG', 'HASHTAG', 'USER', 'USER', 'USER', 'url']
1241882971369541633;"Shockingly, the study noted involvement in the project not only by UNC researchers & FDA representatives but also by ""Zhengli-Li Shi, Key Laboratory of Special Pathogens & Biosafety, Wuhan Institute of Virology, Chinese Academy of Sciences, Wuhan, China."" https://t.co/xk7vhHGytJ";1;1.0;1.0;1.0;['study', 'note', 'involvement', 'project', 'unc', 'researcher', 'fda', 'representative', 'zhenglili', 'shi', 'key', 'laboratory', 'special', 'pathogen', 'biosafety', 'wuhan', 'institute', 'virology', 'chinese', 'academy', 'sciences', 'wuhan', 'china', 'url']
1242290909951082496;what body part is on this cover? see picture below RT FOR SCIENCE;0;0.0;0.0;0.0;['body', 'cover', 'picture', 'science']
1243664630171332610;@insoojinsmaze Takumiiiii!!! that’s a big mood though cause same;0;0.0;0.0;0.0;['user', 'takumiiiii', 'big', 'mood', 'cause']
1244278621734195201;Talking about professional matters may lead to an opportunity ... More for Virgo https://t.co/mj4Edp1SGj;0;0.0;0.0;0.0;['talk', 'professional', 'matter', 'lead', 'opportunity', 'virgo', 'url']
1244346345571463172;#صحافی_مانگے_لفافہ Hija Kamran, an official of Media Matters for Democracy, said that the currents laws, including the Prevention of Electronic Crimes Act, are a threat to journalists.;0;0.0;0.0;0.0;['HASHTAG', 'hija', 'kamran', 'official', 'medium', 'matter', 'democracy', 'say', 'current', 'law', 'include', 'prevention', 'electronic', 'crime', 'act', 'threat', 'journalist']
1245518340581404675;Music has the ability to repair brain damage as well as return lost memories. #haitian #music;1;1.0;0.0;0.0;['music', 'ability', 'repair', 'brain', 'damage', 'return', 'lose', 'memory', 'HASHTAG', 'HASHTAG']
1247882306091511810;Canadian? Take 5 min to complete this Stats Can survey on the impacts of #COVID19 that will be used to help asses the needs of communities, implement suitable support measures during and after the pandemic, and could become an important resource for future research https://t.co/ZVeuf7fImt;1;0.0;0.0;1.0;['canadian', 'min', 'complete', 'stat', 'survey', 'impact', 'HASHTAG', 'help', 'asse', 'need', 'community', 'implement', 'suitable', 'support', 'measure', 'pandemic', 'important', 'resource', 'future', 'research', 'url']
1248717496410136582;Policies like social distancing used to combat the coronavirus have adverse effects in low-income nations, Ahmed Mushfiq Mobarak and Zachary Barnett-Howell write. https://t.co/TBA1DUSkxL;1;1.0;1.0;1.0;['policy', 'social', 'distancing', 'combat', 'coronavirus', 'adverse', 'effect', 'lowincome', 'nations', 'ahmed', 'mushfiq', 'mobarak', 'zachary', 'barnetthowell', 'write', 'url']
1249736224933175296;Turkey reports lower number of coronavirus cases for a second day in row. 4,093 cases were reported Monday, down by 696 when compared to the previous day, 4,789. 61,049 sickened since March 10 and 1,296 have died since March 17, per @drfahrettinkoca About 4K recoveries so far;1;1.0;0.0;0.0;['turkey', 'report', 'low', 'number', 'coronavirus', 'case', 'second', 'day', 'row', 'case', 'report', 'monday', 'compare', 'previous', 'day', 'sicken', 'march', 'die', 'march', 'USER', 'recovery']
1250620117337030656;Did you know eye exercises & vision therapy can help with digital eye strain & certain eye conditions? Eye exercises will strengthen weak eye muscles, improve blood circulation & muscle tone. Try these eye exercise for a better & stronger vision 👁👁💙✨ #CentralAmericanTwitter https://t.co/KKrwUFJRvG;1;1.0;0.0;0.0;['know', 'eye', 'exercise', 'vision', 'therapy', 'help', 'digital', 'eye', 'strain', 'certain', 'eye', 'condition', 'eye', 'exercise', 'strengthen', 'weak', 'eye', 'muscle', 'improve', 'blood', 'circulation', 'muscle', 'tone', 'try', 'eye', 'exercise', 'well', 'strong', 'vision', 'HASHTAG', 'url']
1251135465731821568;Next house what ever room has the bar, these lights are a must. @STINGGRAYYY;0;0.0;0.0;0.0;['house', 'room', 'bar', 'light', 'USER']
1251641386891448331;tower of god is a shounen-ai stop talking about rachel;0;0.0;0.0;0.0;['tower', 'god', 'shounenai', 'stop', 'talk', 'rachel']
1252063640028499968;@aleee510 Cause u haven’t matured fully yet;0;0.0;0.0;0.0;['USER', 'cause', 'mature']
1252077994035875841;Twitter party for Our baby lion. Let’s support and send encouragement for plan #DaradailyLivexPlan https://t.co/8g50gFmeMM;0;0.0;0.0;0.0;['twitter', 'party', 'baby', 'lion', 'let', 'support', 'send', 'encouragement', 'plan', 'HASHTAG', 'url']
1253704751138529280;Facilities to bring mortal remains of Malayalees who pass away in Gulf countries, due to causes other than COVID19 should be made by embassies in Gulf countries. Chief Minister Shri Pinarayi Vijayan demanded in his letter to Prime Minister Narendra Modi. https://t.co/wRpJDNHqki;0;0.0;0.0;0.0;['facility', 'bring', 'mortal', 'remain', 'malayalee', 'pass', 'gulf', 'country', 'cause', 'covid19', 'embassy', 'gulf', 'country', 'chief', 'minister', 'shri', 'pinarayi', 'vijayan', 'demand', 'letter', 'prime', 'minister', 'narendra', 'modi']
1253721744872964097;Enhances strength, removes weaknesses and self-doubt, and draws earth and oak-strength into the personal sphere. Use to draw new situations to you, to initiate new processes or to divert difficulties through sudden… https://t.co/fiGqjxijGB;0;0.0;0.0;0.0;['enhance', 'strength', 'remove', 'weakness', 'selfdoubt', 'draw', 'earth', 'oakstrength', 'personal', 'sphere', 'use', 'draw', 'new', 'situation', 'initiate', 'new', 'process', 'divert', 'difficulty', 'sudden', 'url']
1254756996424757252;#WeDemandstipendincrement_rajashthan #WeDemandstipendincrement Interns are demanding Stipend increment for past many years! But the government is not listening to their demand Also State government be like @ashokgehlot51 @SachinPilot @MoHFW_INDIA @DrSatishPoonia @narendramodi https://t.co/CGoknbSRkQ;0;0.0;0.0;0.0;['HASHTAG', 'HASHTAG', 'intern', 'demand', 'stipend', 'increment', 'past', 'year', 'government', 'listen', 'demand', 'state', 'government', 'USER', 'USER', 'USER', 'USER', 'USER', 'url']
1254782809157169157;1/ Today, we're announcing a new loan scheme. A simple, quick, easy solution for those in need of smaller loans. Businesses can apply for new Bounce Back Loans up to a maximum of £50,000, or 25% of turnover, with the government paying the interest for the first 12 months. https://t.co/aBYcUkR9sR;0;0.0;0.0;0.0;['today', 'announce', 'new', 'loan', 'scheme', 'simple', 'quick', 'easy', 'solution', 'need', 'small', 'loan', 'business', 'apply', 'new', 'bounce', 'loan', 'maximum', 'turnover', 'government', 'pay', 'interest', 'month']
1255907874871472129;"@rantingelisa @KatyMontgomerie @JackieDP @NewgentTGA This part, science illiterate one: ‘The overall mortality for sex-reassigned persons was higher during follow-up (aHR 2.8; 95% CI 1.8–4.3) than for controls of the same birth sex, particularly death from suicide";1;1.0;0.0;0.0;['user', 'USER', 'USER', 'USER', 'science', 'illiterate', 'overall', 'mortality', 'sexreassigned', 'person', 'high', 'followup', 'ahr', 'control', 'birth', 'sex', 'death', 'suicide']
1258238498575773697;@OpusOfAli Gulf news should stop empolying Islam haters like baigan Chaturvedi.;0;0.0;0.0;0.0;['USER', 'gulf', 'news', 'stop', 'empolye', 'islam', 'hater', 'baigan', 'chaturvedi']
1258691712387624960;The pollen must have been dryer than the grass underneath.;0;0.0;0.0;0.0;['pollen', 'dry', 'grass']
1259852412258574336;@G_R_Fan @PokemonGoApp Stop hoarding so much and throw some shit away.;0;0.0;0.0;0.0;['USER', 'USER', 'stop', 'hoard', 'throw', 'shit']
1260646960232464384;Durable, washable textile coating can repel viruses: New research could lead to safely reusable PPE https://t.co/KUyvMq5MRd;1;1.0;1.0;1.0;['durable', 'washable', 'textile', 'coating', 'repel', 'virus', 'new', 'research', 'lead', 'reusable', 'ppe', 'url']
1263308736824668160;@chuckwoolery Yes me, too. Ventilation can be very dangerous, any Pulmonary Dr. will support that. When my husband had cardiac arrest he was on for 6 days, the Pulmonary Physician worked to get him off it ASAP, otherwise body becomes dependent & they may never be able to breath on their own;1;1.0;0.0;0.0;['USER', 'ventilation', 'dangerous', 'pulmonary', 'support', 'husband', 'cardiac', 'arrest', 'day', 'pulmonary', 'physician', 'work', 'asap', 'body', 'dependent', 'able', 'breath']
1264817499310157824;@MadhavSheth1 Also Realme Watch will support 14 sports modes for activity tracking, including football, basketball, aerobics, badminton, yoga, treadmill, running, and biking modes😍 @MadhavSheth1 @realmemobiles #LeapToNext #realmeWatch;0;0.0;0.0;0.0;['USER', 'realme', 'watch', 'support', 'sport', 'mode', 'activity', 'tracking', 'include', 'football', 'basketball', 'aerobics', 'badminton', 'yoga', 'treadmill', 'run', 'biking', 'mode', 'USER', 'USER', 'HASHTAG', 'HASHTAG']
1266906828329283585;Because every timeline needs more baby goats. https://t.co/dhRz09GO0P;0;0.0;0.0;0.0;['timeline', 'need', 'baby', 'goat', 'url']
1267582459991990275;@tsuintera Yet the peaceful protesters did not stop or prevent the looters from continuing to damage the city .....while being shielded by the protesters group;0;0.0;0.0;0.0;['USER', 'peaceful', 'protester', 'stop', 'prevent', 'looter', 'continue', 'damage', 'city', 'shield', 'protester', 'group']
1267803109746774018;Super Analysis right here to dispel myths.;0;0.0;0.0;0.0;['super', 'analysis', 'dispel', 'myth']
1269805965416837125;To reach your goals, reverse engineer them https://t.co/Cws93OwBVR;0;0.0;0.0;0.0;['reach', 'goal', 'engineer']
1271081185477832704;Precautions must be taken to prevent fire and explosion including appropriate protection of storage vessels for the LPG cylinders. #StoryYaGasWebinar;0;0.0;0.0;0.0;['precaution', 'take', 'prevent', 'fire', 'explosion', 'include', 'appropriate', 'protection', 'storage', 'vessel', 'lpg', 'cylinder', 'HASHTAG']
1271339201594830848;@ChrisLuv John Harrison would be proud of you! Have you seen the exhibition at Greenwich Observatory? I saw it years ago, I assume Harrison's clocks are still there;0;0.0;0.0;0.0;['USER', 'john', 'harrison', 'proud', 'see', 'exhibition', 'greenwich', 'observatory', 'see', 'year', 'assume', 'harrison', 'clock']
1271730278533402625;"FULL PORNO WITH KIM KARDASHIAN---------------->>>>>>>https://t.co/19UdWuV6Ij ""I LOVE YOU MORE THAN LOVE"" #逃げ恥 Megan's big butt arab hot muslim woman fucked masturbation porn usa";0;0.0;0.0;0.0;['porno', 'kim', 'kardashianurl', 'love', 'love', 'megans', 'big', 'butt', 'arab', 'hot', 'muslim', 'woman', 'fuck', 'masturbation', 'porn', 'usa']
1271849375451377664;The weaponization of medical language emboldened white supremacy with the authority of the white coat. How will we stop it from happening again? George Floyd's Autopsy and the Structural Gaslighting of America https://t.co/YOnFH9dQtI via @sciam;0;0.0;0.0;0.0;['weaponization', 'medical', 'language', 'embolden', 'white', 'supremacy', 'authority', 'white', 'coat', 'stop', 'happen', 'george', 'floyds', 'autopsy', 'structural', 'gaslighting', 'america', 'url', 'USER']
1272435093550874624;My article is featured on the @ResearchGate #COVID19 community page. Read it here: https://t.co/DUK2cdFHbT;1;0.0;1.0;1.0;['article', 'feature', 'USER', 'HASHTAG', 'community', 'page', 'read']
1272552009787375618;@NormBoyington I tend to steer clear of those topics on here, to be honest. There are plenty of forums for debate, away from more general social media. I know it’s hard when you see something you don’t agree with, but much better to bite the tongue and scroll past.;0;0.0;0.0;0.0;['USER', 'tend', 'steer', 'clear', 'topic', 'honest', 'plenty', 'forum', 'debate', 'general', 'social', 'medium', 'know', 'hard', 'agree', 'well', 'bite', 'tongue', 'scroll']
1273308506804948992;The suicide rate is higher because of lack of opportunities, unemployment a faulty healthcare system, men feeling expendable and lack of fathers. How is this going to address any of that? America is low on the happiness index. https://t.co/RdybLtFb1Q;1;1.0;0.0;0.0;['suicide', 'rate', 'high', 'lack', 'opportunity', 'unemployment', 'faulty', 'healthcare', 'system', 'man', 'feel', 'expendable', 'lack', 'father', 'address', 'america', 'low', 'happiness', 'index', 'url']
1274129617520033792;Hopes raised for cancer treatment after experiments halted tumour growth in mice https://t.co/TIVG01SEDL;1;1.0;1.0;1.0;['hope', 'raise', 'cancer', 'treatment', 'experiment', 'halt', 'tumour', 'growth', 'mice', 'url']
1274396038644858884;"New preprint from the awesome @Amelia_Lindsey's postdoc in the lab w/ @hardy_lab collaboration. ""Wolbachia and virus alter the host transcriptome at the interface of nucleotide metabolism pathways"" https://t.co/QQoITEzwB2";1;1.0;1.0;1.0;['new', 'preprint', 'awesome', 'user', 'lab', 'USER', 'collaboration', 'wolbachia', 'virus', 'alter', 'host', 'interface', 'nucleotide', 'metabolism', 'pathway', 'url']
1274654734939418624;Abah getting old, Ummi getting old. The clock never stop ticking. I just pray Allah gives me enough time to give back and show how grateful I am for all their sacrifices. Aamiin.;0;0.0;0.0;0.0;['abah', 'get', 'old', 'ummi', 'get', 'old', 'clock', 'stop', 'tick', 'pray', 'allah', 'give', 'time', 'grateful', 'sacrifice', 'aamiin']
1275054136174796800;@ConnCFC To my knowledge Söyüncü isn’t very available, lol. Leicester are in no need to sell, hence why Chilwell will also be so expensive. Tagliafico just makes too much sense. Either way, if you add Havertz, idc who else, this window is a massive success. My opinion.;0;0.0;0.0;0.0;['USER', 'knowledge', 'soyuncu', 'available', 'lol', 'leicester', 'need', 'sell', 'chilwell', 'expensive', 'tagliafico', 'make', 'sense', 'way', 'add', 'havertz', 'window', 'massive', 'success', 'opinion']
1275189476227190784;@Csrv @Jay4profit thanks. Yes. Over reaction but these can lead to bigger moves upward too. So just staying chill for now;0;0.0;0.0;0.0;['user', 'USER', 'thank', 'reaction', 'lead', 'big', 'move', 'stay', 'chill']
1276926889504976896;“In their haste to silence Georgians’ demand for police accountability, the state Legislature has produced a severely flawed bill that may substantially reduce penalties for deliberately killing a police officer,” @andreayoungATL said. #gapol https://t.co/nDocVRSsxj #gapol;0;0.0;0.0;0.0;['haste', 'silence', 'georgian', 'demand', 'police', 'accountability', 'state', 'legislature', 'produce', 'flawed', 'bill', 'reduce', 'penalty', 'kill', 'police', 'officer', 'USER', 'say', 'HASHTAG', 'url', 'HASHTAG']
1276944003901132802;@IffatHasanRizvi @iffat Please read this research analysis https://t.co/2VgsIg8Trp;1;0.0;1.0;1.0;['user', 'USER', 'read', 'research', 'analysis', 'url']
1279308740353720321;TMH's ELOHYIM is Real... TMH's ELOHYIM Emphasize A CHOSEN FEW HOLY PEOPLE OF DIFFERENT NATIONS... Not majority of Out of Nature Negropeans or heavy hearted religious fanatics. Not Christians Not Buddhist Not Islamic Not Judaism Not Scientist A FEW HOLY PEOPLE 9.13 144,000;0;0.0;0.0;0.0;['tmhs', 'elohyim', 'real', 'tmhs', 'elohyim', 'emphasize', 'choose', 'holy', 'people', 'different', 'nation', 'majority', 'nature', 'negropean', 'heavy', 'hearted', 'religious', 'fanatic', 'christians', 'buddhist', 'islamic', 'judaism', 'scientist', 'holy', 'people']
1279866280384753664;Why do transmog conversations always lead to bunny uniforms? What MMORPGs are you playing that has this? #Rewind @PantheonPlus;0;0.0;0.0;0.0;['transmog', 'conversation', 'lead', 'bunny', 'uniform', 'mmorpgs', 'play', 'HASHTAG', 'USER']
1280912201734213633;When I see someone in the Disney community tweet a vague post stating “They abused & assaulted 20+ people” and a LIST of 15+ coworkers come to mind as I think “which one is this about” THATS A PROBLEM!! Disney HR does nothing when cases are reported which leads to more victims;0;0.0;0.0;0.0;['disney', 'community', 'tweet', 'vague', 'post', 'state', 'abuse', 'assault', 'people', 'list', 'coworker', 'come', 'mind', 'think', 'problem', 'disney', 'case', 'report', 'lead', 'victim']
1281363890182316032;@gavanw You might find all the algebraic topology based analysis of the emergence of structure in the activated brain that came out of the Blue Brain project a few years ago interesting. New Scientist is pretty terrible, but this is an okay surface introduction: https://t.co/GWYUxc4RGc;1;0.0;1.0;1.0;['USER', 'find', 'algebraic', 'topology', 'base', 'analysis', 'emergence', 'structure', 'activate', 'brain', 'come', 'blue', 'brain', 'project', 'year', 'interesting', 'new', 'scientist', 'terrible', 'okay', 'surface', 'introduction', 'url']
1281655340795179008;#RadheShyam 5m loading dont decrease the speed 💥 https://t.co/MUywXboLTl;0;0.0;0.0;0.0;['HASHTAG', 'load', 'decrease', 'speed', 'url']
1282230440326238214;New article by @johnwenger9. Burning of solid fuels for home heating is the biggest source of #AirPollution in small towns. Switching to clean energy sources has benefits for #airquality, #ClimateChange and also reduces the impact of #COVID__19 https://t.co/HGjJLjDOXi;1;1.0;1.0;1.0;['new', 'article', 'USER', 'burn', 'solid', 'fuel', 'home', 'heating', 'big', 'source', 'HASHTAG', 'small', 'town', 'switch', 'clean', 'energy', 'source', 'benefit', 'HASHTAG', 'HASHTAG', 'reduce', 'impact', 'HASHTAG', 'url']
1283008791957602304;There are more with us than with them—because Jesus Christ is with us, backing us, urging us to use His name and to focus on “asking” for “whatsoever” we desire from God. We live from faith to faith and victory to victory. Go to https://t.co/PobwkqIsbr https://t.co/kiJblw3ORw;0;0.0;0.0;0.0;['thembecause', 'jesus', 'christ', 'back', 'urge', 'use', 'focus', 'ask', 'desire', 'god', 'live', 'faith', 'faith', 'victory', 'victory', 'url', 'url']
1283013579206201344;Brilliant online symposium today, ‘Light Installations: Magic & Heritage’, with fascinating selection of speakers sharing knowledge and techniques. Experiences such as this by @HeinrichPalmer are indeed magical. #lightheritagemagic https://t.co/Ae8rPWuUGp;0;0.0;0.0;0.0;['brilliant', 'online', 'symposium', 'today', 'light', 'installation', 'magic', 'heritage', 'fascinating', 'selection', 'speaker', 'share', 'knowledge', 'technique', 'experience', 'USER', 'magical', 'HASHTAG', 'url']
1284205719877607425;TikTok Treats Join TikTok Treats to win free realme mobile phones and permenent MLBB skins. Please download TikTok from https://t.co/RBAApoUqwj;0;0.0;0.0;0.0;['tiktok', 'treat', 'join', 'tiktok', 'treat', 'win', 'free', 'realme', 'mobile', 'phone', 'permenent', 'mlbb', 'skin', 'download', 'tiktok', 'url']
1284313776313884672;@TexCIS @FoxNewsSunday 'Researchers found “no evidence that urban protests reignited Covid-19—cities which had protests saw an increase in social distancing behavior for the overall population—leading to “modest evidence of a small longer-run case growth decline.”' https://t.co/7eVBgYs9Jj;1;1.0;1.0;1.0;['user', 'USER', 'researcher', 'find', 'evidence', 'urban', 'protest', 'reignite', 'covid19citie', 'protest', 'see', 'increase', 'social', 'distancing', 'behavior', 'overall', 'populationleade', 'modest', 'evidence', 'small', 'longerrun', 'case', 'growth', 'decline', 'url']
1284374602873880577;The new age initiative !! The new face of fanism !! The fellowship of all die-hard Chiyaan Vikram fans from Kerala. @VikramTrendsKL Follow and Support 😊 #VikramTrendsKerala 🔥 #ChiyaanVikram https://t.co/iDRvpfRRVv;0;0.0;0.0;0.0;['new', 'age', 'initiative', 'new', 'face', 'fanism', 'fellowship', 'diehard', 'chiyaan', 'vikram', 'fan', 'kerala', 'USER', 'follow', 'support', 'HASHTAG', 'HASHTAG', 'url']
1284391781048754177;New study emphasises the extraordinary degree to which Covid fatalities are concentrated among older people and not the young or middle aged. https://t.co/w0W64bijk3 via @MailOnline;1;1.0;1.0;1.0;['new', 'study', 'emphasise', 'extraordinary', 'degree', 'covid', 'fatality', 'concentrate', 'old', 'people', 'young', 'middle', 'aged', 'url', 'USER']
1286754812332212224;@EmericanJohnson OK I will try to cancel. Here is a hot take that might cause some vocal disagreement with some vietnamese: Le Duan was not strategically competent and ran the war badly. Giap was better but still not exactly a military genius. Loads of errors cost many lives. They still won tho;1;1.0;0.0;0.0;['USER', 'try', 'cancel', 'hot', 'cause', 'vocal', 'disagreement', 'vietnamese', 'duan', 'competent', 'run', 'war', 'giap', 'well', 'military', 'genius', 'load', 'error', 'cost', 'life', 'win']
1288232344373956610;streamers who support each other & don’t think everyone is competition >>>;0;0.0;0.0;0.0;['streamer', 'support', 'think', 'competition']
1293769401506791426;"HCQ saves lives! ""Why would the non-doctors, Google, Twitter, Facebook, try to stop people from getting something that really does help people? It certainly helped me."" Rep. Louie Gohmert to Newsmax TV: They Wanted Me to 'Just Die'; HCQ Saved Me https://t.co/39mGOvQyDy";1;1.0;0.0;0.0;['hcq', 'save', 'live', 'nondoctor', 'google', 'twitter', 'facebook', 'try', 'stop', 'people', 'get', 'help', 'people', 'help', 'rep', 'louie', 'gohmert', 'newsmax', 'want', 'die', 'hcq', 'save', 'url']
1293908940166594573;Today the El Paso Department of Health reports 20 COVID-19 deaths. While this is the highest single-day increase, the deaths did not occur on the same day. https://t.co/p6NmrYpR0U;1;1.0;0.0;0.0;['today', 'paso', 'department', 'health', 'report', 'covid19', 'death', 'high', 'singleday', 'increase', 'death', 'occur', 'day', 'url']
1294341891060711425;@itsSSR @dishasalian26 Murder. Time @MumbaiPolice @CPMumbaiPolice @CMOMaharashtra @DGPMaharashtra @PawarSpeaks @OfficeofUT @AUThackeray #SanjayRaut @AnilDeshmukhNCP @Tweet2Rhea @MaheshNBhatt @advmajeedmemon stop duping the nation of 1 billion #LowerClass #MiddleClass?? @Swamy39 https://t.co/gvE8A20BrG;0;0.0;0.0;0.0;['USER', 'USER', 'murder', 'time', 'USER', 'USER', 'USER', 'USER', 'USER', 'USER', 'USER', 'HASHTAG', 'USER', 'USER', 'USER', 'USER', 'stop', 'dupe', 'nation', 'HASHTAG', 'HASHTAG', 'USER', 'url']
1294355376117350402;France: N. Mayer. “Bring the Poor Back In! Inequalities, Welfare and Politics”. In: European Political Science 13.2 (2014), pp. 187-200. https://t.co/bU7aVSgwU1. https://t.co/zhcg3vGe8r;1;0.0;1.0;1.0;['france', 'mayer', 'bring', 'poor', 'inequality', 'welfare', 'politic', 'european', 'political', 'science', 'url', 'url']
1294574559430094848;Scientists discover way to make quantum states last 10,000 times longer https://t.co/Q3mvvLt1Sb #ComputerScience;1;1.0;1.0;1.0;['scientist', 'discover', 'way', 'quantum', 'state', 'time', 'long', 'url', 'HASHTAG']
1295436069501108227;@Jonik32352469 This could increase the number of covert murders.;0;0.0;0.0;0.0;['USER', 'increase', 'number', 'covert', 'murder']
1295565841266651138;Australia's Victoria reports lowest rise in COVID-19 cases in a month https://t.co/KCLKkyFLIs Source: EWN;1;1.0;0.0;1.0;['australias', 'victoria', 'report', 'low', 'rise', 'covid19', 'case', 'month', 'url', 'source', 'ewn']
1297828882557497344;wishing others badluck is clearly inhumane act what's wrong with asking support from OT4 about Lisa's issues too? they should always put in mind that being an ot4 is not just a word, it's an obligation to protect and defend the 4 of them. U ABSOLUTELY LOSS UR HUMANITY FOR KPOP! https://t.co/9FRc28c9qN;0;0.0;0.0;0.0;['wish', 'badluck', 'inhumane', 'act', 'wrong', 'ask', 'support', 'ot4', 'lisas', 'issue', 'mind', 'ot4', 'word', 'obligation', 'protect', 'defend', 'loss', 'humanity', 'kpop', 'url']
1298147871590514690;there's biometrics - where's the tell;0;0.0;0.0;0.0;['biometric', 'tell']
1298222735718416385;Upper West Side residents furious, considering suing New York City over homeless increase - ABC7 New York https://t.co/UILIg6QjcN #SmartNews;0;0.0;0.0;0.0;['upper', 'west', 'resident', 'furious', 'consider', 'sue', 'new', 'york', 'city', 'homeless', 'increase', 'abc7', 'new', 'york', 'url', 'HASHTAG']
1298452222850760710;All imma say is...I haven’t had a bad report yet;0;0.0;0.0;0.0;['imma', 'isi', 'bad', 'report']
1301613556895539202;MSU Athletics has partnered with the Michigan Department of State and local election officials to promote civic engagement prior to the 2020 Presidential Election and some of their partnership initiatives are already underway. https://t.co/K1T6uTSD0D;0;0.0;0.0;0.0;['msu', 'athletic', 'partner', 'michigan', 'department', 'state', 'local', 'election', 'official', 'promote', 'civic', 'engagement', 'presidential', 'election', 'partnership', 'initiative', 'underway', 'url']
1301917033303605250;The difference between how smoking and obesity are treated, despite producing roughly similar results for public health (tho obesity might be worse now) is fascinating;1;1.0;0.0;0.0;['difference', 'smoking', 'obesity', 'treat', 'produce', 'similar', 'result', 'public', 'health', 'obesity', 'bad', 'fascinating']
1303458590255017984;#USDCAD 8th September 2020 Short Pullback Daily Bearish rejection off support 148 pips 148pips 1:1 1% Trade reversed at start of new week to make higher highs and stop trade 9th September 2020 Not a bad trade, just not a successful one. https://t.co/NBSzkPpypb;0;0.0;0.0;0.0;['HASHTAG', '8th', 'september', 'short', 'pullback', 'daily', 'bearish', 'rejection', 'support', 'pip', '148pips', 'trade', 'reverse', 'start', 'new', 'week', 'high', 'high', 'stop', 'trade', '9th', 'september', 'bad', 'trade', 'successful', 'url']
1304928591659118592;Have you ever seen 2 Titans attacking each other and a NonTitan tries to intervene? It's so amazing how they both turn against the non Titan. 🤣🤣🤣🤣 Titans are a vibe #MyBestTachaPics https://t.co/pZ8A1IENzu;0;0.0;0.0;0.0;['see', 'titan', 'attack', 'nontitan', 'try', 'intervene', 'amazing', 'turn', 'non', 'titan', 'titans', 'vibe', 'HASHTAG', 'url']
1305907854088470533;"""Election laws can sometimes be robotically applied with harsh results. Be mindful that the deadlines and rules associated with petitions are not discretionary and can be used in objections to disqualify potential candidates.""- John O'Driscoll https://t.co/1hEfV4VP73 https://t.co/yp4LFs4mvf";0;0.0;0.0;0.0;['election', 'law', 'apply', 'harsh', 'result', 'mindful', 'deadline', 'rule', 'associate', 'petition', 'discretionary', 'objection', 'disqualify', 'potential', 'candidate', 'john', 'odriscoll', 'url', 'url']
1306115169932603398;Yejin is back on 1st place but don't stop voting! The other fandoms will for sure vote harder for their favs now that thei behind✌🏼 https://t.co/Owekzm3VjC;0;0.0;0.0;0.0;['yejin', '1st', 'place', 'stop', 'vote', 'fandom', 'sure', 'vote', 'favs', 'thei', 'url']
1307519861690597376;A growing number of otherwise well people are developing a form of PTSD from an Administration and its cheerleaders, whose malevolence and contempt for life is beyond comprehension. https://t.co/JjxIYdEd1G;1;1.0;1.0;1.0;['grow', 'number', 'people', 'develop', 'form', 'ptsd', 'administration', 'cheerleader', 'malevolence', 'contempt', 'life', 'comprehension', 'url']
1307763840663212032;The Montana press really needs to run with this story. The first-term congressman rejects evolution, dismisses the science of climate change and recently promoted the idea that “herd immunity” is the solution to the coronavirus pandemic. https://t.co/Y2d3npb9ll via @HuffPostPol;1;1.0;0.0;1.0;['montana', 'press', 'need', 'run', 'story', 'firstterm', 'congressman', 'reject', 'evolution', 'dismiss', 'science', 'climate', 'change', 'promote', 'idea', 'herd', 'immunity', 'solution', 'coronavirus', 'pandemic', 'url', 'USER']
1308849179918315524;@djammmer @nilsvanwoensel Config will depend on the VPN solution but the essence is to ensure that CM client is using CMG / MU for all management traffic. There is no reason for ConfigMgr to go over the VPN. Period. https://t.co/bKieWzpsEx;0;0.0;0.0;0.0;['USER', 'USER', 'config', 'depend', 'vpn', 'solution', 'essence', 'ensure', 'client', 'cmg', 'management', 'traffic', 'reason', 'configmgr', 'vpn', 'period', 'url']
1308876263218647041;Teach anti-whites to stop hating. #education;0;0.0;0.0;0.0;['teach', 'antiwhite', 'stop', 'hat', 'HASHTAG']
1309013224029913088;Chilean abuse survivors fear COVID crisis will stop investigations into accused clergy, by @inesanma https://t.co/3nYbXxpJNW;0;0.0;0.0;0.0;['chilean', 'abuse', 'survivor', 'fear', 'covid', 'crisis', 'stop', 'investigation', 'accuse', 'clergy', 'USER', 'url']
1309694719170088960;Not just yet - The Heat started fast in the 1st quarter, but then the shots stopped falling and the stops stopped coming. Boston beats Miami 119-106. Heat lead the ECF 3 games to 2, Game 6 Sunday at 7:30.;0;0.0;0.0;0.0;['heat', 'start', '1st', 'quarter', 'shot', 'stop', 'fall', 'stop', 'stop', 'come', 'boston', 'beat', 'miami', 'heat', 'lead', 'ecf', 'game', 'game', 'sunday']
1310521437455675392;Hmph! No kidding, I do have a dynamite body, although I really don't have time to do modeling. *bites lower lip* Moh~;0;0.0;0.0;0.0;['hmph', 'kidding', 'dynamite', 'body', 'time', 'modeling', 'bite', 'low', 'lip', 'moh']
1310927408644739081;The multifarious nature of the damage means treatments for cardiac issues during infection will require tailored approaches. https://t.co/nDMT1ARVkz;1;1.0;1.0;1.0;['multifarious', 'nature', 'damage', 'mean', 'treatment', 'cardiac', 'issue', 'infection', 'require', 'tailored', 'approach', 'url']
1311604337756581888;Finally out in @NatureGenet : Phenome-wide Mendelian randomization mapping the influence of the plasma proteome on complex diseases https://t.co/7UQUM1SGu1. It comes with a nice query tool: https://t.co/DiHManDi6T #proteomics #pQTL;1;0.0;1.0;1.0;['USER', 'mendelian', 'randomization', 'mapping', 'influence', 'plasma', 'proteome', 'complex', 'disease', 'url', 'come', 'nice', 'query', 'tool', 'url', 'HASHTAG', 'HASHTAG']
1312094356002742274;@SpeakerPelosi @RandPaul @senatemajldr @SenatorRomney @TeamPelosi @McConnellsNeck @ScottforFlorida please pass Payroll Support Program ExtensionAct HR 8504 NOW. We have been furloughed and we need our jobs. We are essential workers! 🙏🏼✈️💙‼️;0;0.0;0.0;0.0;['user', 'USER', 'USER', 'USER', 'USER', 'USER', 'USER', 'pass', 'payroll', 'support', 'program', 'extensionact', 'furlough', 'need', 'job', 'essential', 'worker']
1313175683644952583;Priority for future research on impact of Covid on suicide/self-harm is role of inequalities that are a feature of both - economic, regional & ethnic. Once we know the effect on overall numbers, this becomes the key question.;1;1.0;0.0;1.0;['priority', 'future', 'research', 'impact', 'covid', 'suicideselfharm', 'role', 'inequality', 'feature', 'economic', 'regional', 'ethnic', 'know', 'effect', 'overall', 'number', 'key', 'question']
1313605903464181762;@Ali_at_home @Juneo_x @magoniareview @JuliaHB1 @WomensPrize Trans people support only trans people. Ask Lesbians whose dating sites are infested with men. I don't buy your thinking, you won't persuade me so goodnight.;1;1.0;0.0;0.0;['user', 'USER', 'USER', 'USER', 'USER', 'trans', 'people', 'support', 'trans', 'people', 'ask', 'lesbian', 'date', 'site', 'infest', 'man', 'buy', 'thinking', 'persuade']
1314419651179233283;Celebs support #SanaKhan's decision of quitting showbiz https://t.co/ubO3uLgDim;0;0.0;0.0;0.0;['celebs', 'support', 'hashtags', 'decision', 'quit', 'showbiz', 'url']
1315140316635291648;23 DAYS to STOP the SPREAD of DEMOCRATIC SOCIALISM.;0;0.0;0.0;0.0;['day', 'stop', 'spread', 'democratic', 'socialism']
1315325117828927489;Congratulations to Sir Seewoosagur Ramgoolam International Airport in Mauritius on becoming #AHAaccredited! The programme promotes the recognition of professional excellence in maintaining safe hygienic facilities. Learn more: https://t.co/BFyIAtSuPi @GroupeADP @ACI_Africa https://t.co/8mtCynppWf;0;0.0;0.0;0.0;['congratulation', 'sir', 'seewoosagur', 'ramgoolam', 'international', 'airport', 'mauritius', 'HASHTAG', 'programme', 'promote', 'recognition', 'professional', 'excellence', 'maintain', 'safe', 'hygienic', 'facility', 'learn', 'url', 'USER', 'USER', 'url']
1316197094156193793;BLACK KPOP STANS FEEL UNSAFE AND SCARED ‼️ THAT ALONE SHOULD BE A REASON FOR AN UPROAR IN THE COMMUNITY!;0;0.0;0.0;0.0;['black', 'kpop', 'stan', 'feel', 'unsafe', 'scar', 'reason', 'uproar', 'community']
1316401657866059778;".@nature endorses @JoeBiden >> ""We cannot stand by and let science be undermined. Joe Biden’s trust in truth, evidence, science and democracy make him the only choice in the US election."" https://t.co/zPRO4c3uHY";1;0.0;0.0;1.0;['USER', 'endorse', 'USER', 'stand', 'let', 'science', 'undermine', 'joe', 'bidens', 'trust', 'truth', 'evidence', 'science', 'democracy', 'choice', 'election', 'url']
1318090325223591937;Urgently Required Extend Due Dates 1.GST Annual & Audit Due Date as 31st Dec 2020 2.Income Tax Audit & Return Date as 31st Dec 2020 3.All routine Notices compliance dateto 31st Dec2020 Please Support Share & Retweet @cbic_india @FinMinIndia @PMOIndia @nsitharaman @IncomeTaxIndia;0;0.0;0.0;0.0;['require', 'extend', 'date', 'annual', 'audit', 'date', '31st', 'dec', 'tax', 'audit', 'return', 'date', '31st', 'dec', 'routine', 'notice', 'compliance', 'dateto', '31st', 'dec2020', 'support', 'share', 'retweet', 'USER', 'USER', 'USER', 'USER', 'USER']
1318574643771510786;@Jubair22 My question is how many of these deaths are really COVID? Like I said earlier, Flu cases have dropped 90% this year. I seriously doubt that the Flu virus just disappeared. I have a feeling that some, not all, of these COVID deaths could be Flu related.;1;1.0;0.0;0.0;['USER', 'question', 'death', 'covid', 'say', 'early', 'flu', 'case', 'drop', 'year', 'doubt', 'flu', 'virus', 'disappear', 'feeling', 'covid', 'death', 'flu', 'related']
1318601063210123270;Pro-tip to white politicians: don't diminish BIPOC women's working-class experience. Just don't.;0;0.0;0.0;0.0;['protip', 'white', 'politician', 'diminish', 'bipoc', 'women', 'workingclass', 'experience']
1318967868143403008;@RIVERSIDEREDS @Marie24373752 Millions of unemployed, ? Who pays for it, everyone of working age. And wonder if her bingo girls will appreciate a quick full house of Covid We need to stop putting random people off the street on these pedestals of wisdom, she may not of had a sensible thought in her life;0;0.0;0.0;0.0;['user', 'USER', 'million', 'unemployed', 'pay', 'work', 'age', 'wonder', 'bingo', 'girl', 'appreciate', 'quick', 'house', 'covid', 'need', 'stop', 'put', 'random', 'people', 'street', 'pedestal', 'wisdom', 'sensible', 'thought', 'life']
1320058294896033798;The COVID-19 pandemic is not over. Incorrect information can cost lives — it undermines our efforts to control the virus and protect those most at risk. Today I make a #PledgetoPause before I share information online — will you join me? https://t.co/PB5mefqdnd;1;1.0;0.0;0.0;['covid19', 'pandemic', 'incorrect', 'information', 'cost', 'life', 'undermine', 'effort', 'control', 'virus', 'protect', 'risk', 'today', 'HASHTAG', 'share', 'information', 'join']
1321634845697564672;*Researches how to use Twitter as a scientist 🙂 Ten simple rules for getting started on Twitter as a scientist https://t.co/3bfLAacQgt #AcademicTwitter #ScienceTwitter #howto;1;0.0;1.0;1.0;['research', 'use', 'twitter', 'scientist', 'simple', 'rule', 'start', 'twitter', 'scientist', 'url', 'HASHTAG', 'HASHTAG', 'HASHTAG']
1322602077357486080;This is a ploy by Boz to stop folk trick or treating. Get us all sat at home waiting for his stupid head;0;0.0;0.0;0.0;['ploy', 'boz', 'stop', 'folk', 'trick', 'treat', 'sit', 'home', 'wait', 'stupid', 'head']
1323286986233360386;With 948 new cases of #COVID19 reported today, Ontario's seven-day-average trend is still on the rise. https://t.co/5RtV894Ijr #covid19ontario https://t.co/gHlzlUr8wK;1;1.0;1.0;1.0;['new', 'case', 'HASHTAG', 'report', 'today', 'ontario', 'sevendayaverage', 'trend', 'rise', 'url', 'HASHTAG', 'url']
1323911501346869248;@b33fyqu33fy Stop spreading lies.;0;0.0;0.0;0.0;['USER', 'stop', 'spread', 'lie']
1325118370354769923;Does this mean all the white people will stop watching Netflix documentary’s now that racism is “gone”?;0;0.0;0.0;0.0;['mean', 'white', 'people', 'stop', 'watch', 'netflix', 'documentary', 'racism']
1325559277403189248;Kaiser, stop lurking and being useless. I expect a tribute in the next 10 minutes or you’re blocked.;0;0.0;0.0;0.0;['kaiser', 'stop', 'lurk', 'useless', 'expect', 'tribute', 'minute', 'block']
1326505338338729985;The lack of a monetary price for the negative consequences of burning fossil fuels should be seen as a subsidy for fossil fuels. These are the key findings of the IMF paper ‘How Large Are Global Fossil Fuel Subsidies?’ https://t.co/JzgcgEpQhh https://t.co/bdK679u1ae;1;1.0;1.0;1.0;['lack', 'monetary', 'price', 'negative', 'consequence', 'burn', 'fossil', 'fuel', 'see', 'subsidy', 'fossil', 'fuel', 'key', 'finding', 'imf', 'paper', 'large', 'global', 'fossil', 'fuel', 'subsidy', 'url', 'url']
1326974458939191297;Despite the risks associated with their use, #benzodiazepines remain used more widely than wisely. Read all about it in the #DrugSafety article here: https://t.co/XAqb8YiT30;1;1.0;1.0;1.0;['risk', 'associate', 'use', 'HASHTAG', 'remain', 'read', 'HASHTAG', 'article', 'url']
1331870050576441346;@DogLady2020 3 times higher than is being reported in official figures! 🤢🤢🤢;0;0.0;0.0;0.0;['USER', 'time', 'high', 'report', 'official', 'figure']
1333513320159186944;@harwood_su None of the trials currently under way are designed to detect a reduction in serious outcome such as hospital admissions, use of intensive care, or deaths. Nor are the vaccines being studied to determine whether they can interrupt transmission of the virus https://t.co/L2rdChZQm9;1;1.0;1.0;1.0;['USER', 'trial', 'way', 'design', 'detect', 'reduction', 'outcome', 'hospital', 'admission', 'use', 'intensive', 'care', 'death', 'vaccine', 'study', 'determine', 'interrupt', 'transmission', 'virus', 'url']
1333892728506228736;This sugar daddy thing makes us caring, hustling boyfriend look very foolish😂😂😂😂 You don't know the pains I went through to research say rice dey repair phone😅😅😅;0;0.0;0.0;0.0;['sugar', 'daddy', 'thing', 'make', 'care', 'hustle', 'boyfriend', 'look', 'foolish', 'know', 'pain', 'research', 'rice', 'dey', 'repair', 'phone']
1334503197428297730;Mayor @JohnTory about to start a news conference to talk about 2 city staff reports coming - one advocating a vacant home tax, another a transit update. I'll tweet the highlights;0;0.0;0.0;0.0;['mayor', 'USER', 'start', 'news', 'conference', 'talk', 'city', 'staff', 'report', 'come', 'advocate', 'vacant', 'home', 'tax', 'transit', 'update', 'ill', 'tweet', 'highlight']
1334539147579707392;Tightly woven blood vessels in solid tumors can be tough for celluar therapies to penetrate. @PennMedicine research finds that combining CAR T-cell therapy with a PAK4 inhibitor drug allows the engineered cells to break through and attack the tumor. https://t.co/3RpuGJ8dJR;1;1.0;1.0;1.0;['weave', 'blood', 'vessel', 'solid', 'tumor', 'tough', 'celluar', 'therapy', 'penetrate', 'USER', 'research', 'find', 'combine', 'car', 'tcell', 'therapy', 'pak4', 'inhibitor', 'drug', 'allow', 'engineer', 'cell', 'break', 'attack', 'tumor', 'url']
1335031921626279937;New2Trip: Association Between Prescribed Opioid Receipt & Community-Acquired Pneumonia in Adults: Systematic Review & Meta-analysis https://t.co/nELlkvOFLV;1;1.0;1.0;1.0;['new2trip', 'association', 'prescribed', 'opioid', 'receipt', 'communityacquire', 'pneumonia', 'adult', 'systematic', 'review', 'metaanalysis', 'url']
1335263258555584514;ALL THE CELEBRITIES THAT PROMOTE THE VACCINE SHOULD BE HELD ACCOUNTABLE FOR ANY HARM IF CAUSED.;0;0.0;0.0;0.0;['celebrity', 'promote', 'vaccine', 'hold', 'accountable', 'harm', 'cause']
1336903053362954241;Three systematic reviews & the WHO contradict the claims in this thread https://t.co/wOGfvARgx5 & https://t.co/GlaSLR4D5z & https://t.co/DYJiRgbsdI & WHO (next tweet) Yet, a crafted message promoting fear, that will harm kids for decades, has 2,000 RTs Unbelievable;1;0.0;1.0;1.0;['systematic', 'review', 'contradict', 'claim', 'thread', 'url', 'url', 'url', 'tweet', 'craft', 'message', 'promote', 'fear', 'harm', 'kid', 'decade', 'unbelievable']
1337027504419299329;tayriana stans can’t stop winning this year https://t.co/Y23lDBYb26;0;0.0;0.0;0.0;['tayriana', 'stan', 'stop', 'win', 'year', 'url']
1338450113765789699;This looks like a great opportunity to get research in WASH published, with mentorship available too. Special issue of the H2open journal. https://t.co/DLBrcQx9QB @IWAPublishing #washtwitter #wash #sanitation #water #hygiene #SDGs;1;0.0;0.0;1.0;['look', 'great', 'opportunity', 'research', 'wash', 'publish', 'mentorship', 'available', 'special', 'issue', 'h2open', 'journal', 'url', 'USER', 'HASHTAG', 'HASHTAG', 'HASHTAG', 'HASHTAG', 'HASHTAG', 'HASHTAG']
1338483958397480972;Highly prestigious and competitive awards funded by the European Union to support scholars in pursuing ground breaking research have been made to five Edinburgh academics. @ERC_Research https://t.co/D9ngBbxLQS;1;0.0;0.0;1.0;['prestigious', 'competitive', 'award', 'fund', 'european', 'union', 'support', 'scholar', 'pursue', 'ground', 'break', 'research', 'edinburgh', 'academic', 'USER', 'url']
1338948018272415744;#somali: mediation with jihadists and dozo hunters to stop the violence by axadle https://t.co/QEU8Fdc54X https://t.co/Gg6R1KYpt3;0;0.0;0.0;0.0;['HASHTAG', 'mediation', 'jihadist', 'dozo', 'hunter', 'stop', 'violence', 'axadle', 'url', 'url']
1339272384763801605;@Madz_Grant Wroter for a facist rag supports the kying facist leader. Tell us something new;0;0.0;0.0;0.0;['USER', 'wroter', 'facist', 'rag', 'support', 'kye', 'facist', 'leader', 'tell', 'new']
1339398314563792900;Vestislav Apostolov, David M. J. Calderbank, Eveline Legendre: Weighted K-stability of polarized varieties and extremality of Sasaki manifolds https://t.co/wd6l9ARN21 https://t.co/rwzu51tW32;1;0.0;1.0;1.0;['vestislav', 'apostolov', 'david', 'calderbank', 'eveline', 'legendre', 'weight', 'kstability', 'polarized', 'variety', 'extremality', 'sasaki', 'manifold', 'url', 'url']
1340455669443350528;@LaylaFanucci @realDonaldTrump I'm sorry but we DO NOT have 1/4 of million dead from covid. Total deaths in the U.S.. are actually lower this yr than yrs before. Do some research on your own and quit believing everything you hear on the news.;1;1.0;0.0;0.0;['user', 'USER', 'sorry', 'dead', 'covid', 'total', 'death', 'low', 'yrs', 'research', 'quit', 'believe', 'hear', 'news']
1340689510569549824;Dear #NIN applicants, you can kindly download the enrolment form below.👇 https://t.co/qcQqElfzOm Fill & submit the form in any of @nimc_ng's enrollment centers to be enrolled into the National Identity Database & be issued the National Identification Number. #DigitalNigeria;0;0.0;0.0;0.0;['dear', 'HASHTAG', 'applicant', 'download', 'enrolment', 'form', 'url', 'fill', 'submit', 'form', 'USERs', 'enrollment', 'center', 'enrol', 'national', 'identity', 'database', 'issue', 'national', 'identification', 'number', 'HASHTAG']
1341155832793165825;Whats the uber support team email address?;0;0.0;0.0;0.0;['uber', 'support', 'team', 'email', 'address']
1344167355648241664;House passes bill to increase stimulus checks to $2,000 https://t.co/FeYuFCGkYT;0;0.0;0.0;0.0;['house', 'pass', 'bill', 'increase', 'stimulus', 'check', 'url']
1344485313222041600;@berriemoomin #런쥔을_공평하게_대하세요 Renjun deserve better treatment #Please_Treat_Renjun_Fairly please treat Renjun fairly;0;0.0;0.0;0.0;['USER', 'HASHTAG', 'renjun', 'deserve', 'well', 'treatment', 'HASHTAG', 'treat', 'renjun']
662067619055341569;#EurekaMag Culture of Schistosoma haematobium and the effects of immune sera in vitro https://t.co/fBCbuazCgI;1;0.0;1.0;1.0;['HASHTAG', 'culture', 'schistosoma', 'haematobium', 'effect', 'immune', 'sera', 'url']
1293769401506791426;"HCQ saves lives! ""Why would the non-doctors, Google, Twitter, Facebook, try to stop people from getting something that really does help people? It certainly helped me."" Rep. Louie Gohmert to Newsmax TV: They Wanted Me to 'Just Die'; HCQ Saved Me https://t.co/39mGOvQyDy";1;1.0;0.0;0.0;['hcq', 'save', 'live', 'nondoctor', 'google', 'twitter', 'facebook', 'try', 'stop', 'people', 'get', 'help', 'people', 'help', 'rep', 'louie', 'gohmert', 'newsmax', 'want', 'die', 'hcq', 'save', 'url']
1090675424626040832;@DrPeterNieman Have you read about the cardiac MRI studies on marathon runners? Any concerns? I am thinking possible thinner bones better than progressive myocardial scar tissue deposits. Both concerns support the case for varied exercise and cross training?;1;1.0;0.0;1.0;['USER', 'read', 'cardiac', 'mri', 'study', 'marathon', 'runner', 'concern', 'think', 'possible', 'thin', 'bone', 'progressive', 'myocardial', 'scar', 'tissue', 'deposit', 'concern', 'support', 'case', 'varied', 'exercise', 'cross', 'training']
673022776182112257;The low sun angle and the reflective surface of the fresh snow slowing the melting process of the snowpack #ndwx https://t.co/tIG2TYSw91;1;1.0;0.0;0.0;['low', 'sun', 'angle', 'reflective', 'surface', 'fresh', 'snow', 'slow', 'melting', 'process', 'snowpack', 'HASHTAG', 'url']
575080590958964736;Psychedelic drug use could reduce psychological distress, suicidal thinking #science http://t.co/Ft1kMPSZaC http://t.co/0VFGsmv3d6;1;1.0;1.0;1.0;['psychedelic', 'drug', 'use', 'reduce', 'psychological', 'distress', 'suicidal', 'thinking', 'HASHTAG', 'url', 'url']
854729466861559808;Myth: Warm Up can Increase Vertical Jump! True or False? #nba See at : https://t.co/ZjGHyzRNGd https://t.co/jHDDRcxYnb;1;1.0;0.0;0.0;['myth', 'warm', 'increase', 'vertical', 'jump', 'true', 'false', 'HASHTAG', 'url', 'url']
396940972694568960;Modeling precision treatment of breast cancer - looks great ! http://t.co/4XzfGlwAWn;1;0.0;1.0;1.0;['model', 'precision', 'treatment', 'breast', 'cancer', 'look', 'great', 'url']
662067619055341569;#EurekaMag Culture of Schistosoma haematobium and the effects of immune sera in vitro https://t.co/fBCbuazCgI;1;0.0;1.0;1.0;['HASHTAG', 'culture', 'schistosoma', 'haematobium', 'effect', 'immune', 'sera', 'url']
688865694222401537;#EurekaMag Binding of vitamin B12-rat transcobalamin II and free vitamin B12 to plasma membranes isolated from rat… https://t.co/LFEIM7JaJB;1;0.0;1.0;1.0;['HASHTAG', 'bind', 'vitamin', 'b12rat', 'transcobalamin', 'free', 'vitamin', 'b12', 'plasma', 'membrane', 'isolate', 'rat', 'url']
931215318197907457;Florence & Herbert Irving have given $700 million to @Columbia & @nyphospital to dramatically advance #cancer research & treatment, building on 3 decades of support for @ColumbiaMed & @columbiacancer https://t.co/Ql7o8H7Q5J;1;0.0;0.0;1.0;['florence', 'herbert', 'irving', 'give', 'USER', 'USER', 'advance', 'HASHTAG', 'research', 'treatment', 'building', 'decade', 'support', 'USER', 'USER', 'url']
1245518340581404675;Music has the ability to repair brain damage as well as return lost memories. #haitian #music;1;1.0;0.0;0.0;['music', 'ability', 'repair', 'brain', 'damage', 'return', 'lose', 'memory', 'HASHTAG', 'HASHTAG']
614254522320334852;Treatment of #MetastaticColorectalCancer: focus on #panitumumab: http://t.co/COfHoJfk63 http://t.co/rmP7WnSmMy;1;0.0;1.0;1.0;['treatment', 'HASHTAG', 'focus', 'HASHTAG', 'url', 'url']
1338483958397480972;Highly prestigious and competitive awards funded by the European Union to support scholars in pursuing ground breaking research have been made to five Edinburgh academics. @ERC_Research https://t.co/D9ngBbxLQS;1;0.0;0.0;1.0;['prestigious', 'competitive', 'award', 'fund', 'european', 'union', 'support', 'scholar', 'pursue', 'ground', 'break', 'research', 'edinburgh', 'academic', 'USER', 'url']
653391282455232513;High school does, in fact ,change people.;1;1.0;0.0;0.0;['high', 'school', 'fact', 'change', 'people']
1313605903464181762;@Ali_at_home @Juneo_x @magoniareview @JuliaHB1 @WomensPrize Trans people support only trans people. Ask Lesbians whose dating sites are infested with men. I don't buy your thinking, you won't persuade me so goodnight.;1;1.0;0.0;0.0;['user', 'USER', 'USER', 'USER', 'USER', 'trans', 'people', 'support', 'trans', 'people', 'ask', 'lesbian', 'date', 'site', 'infest', 'man', 'buy', 'thinking', 'persuade']
742975214720552961;Topical application of antiretroviral drug combination prevents transmission of (S)HIV https://t.co/n5ii2xLwTB https://t.co/CBGbo4RyvV;1;1.0;1.0;1.0;['topical', 'application', 'antiretroviral', 'drug', 'combination', 'prevent', 'transmission', 'shiv', 'url', 'url']
705329755093135360;Magnetic resonance imaging findings in giant cell arteritis https://t.co/OsXoRZ7Jbq #oftalmologia;1;0.0;1.0;1.0;['magnetic', 'resonance', 'imaging', 'finding', 'giant', 'cell', 'arteritis', 'url', 'HASHTAG']
739700826453741568;#Renewableenergy surges to record levels around the world https://t.co/3Rc7DEHFFt https://t.co/LulCqDi8DS;1;1.0;1.0;1.0;['HASHTAG', 'surge', 'record', 'level', 'world', 'url', 'url']
1187632944011272197;This impressive new surf lake near Bristol can generate up to 1,000 waves an hour and is 100% powered by renewables.. https://t.co/GA0FQrlDsT;1;1.0;0.0;0.0;['impressive', 'new', 'surf', 'lake', 'bristol', 'generate', 'wave', 'hour', 'power', 'renewable', 'url']
1046439010522955776;crows can memorize people’s individual gaits and faces https://t.co/0QixZGARFm https://t.co/wTcsH59VAW;1;1.0;1.0;1.0;['crow', 'memorize', 'people', 'individual', 'gait', 'face', 'url', 'url']
1281363890182316032;@gavanw You might find all the algebraic topology based analysis of the emergence of structure in the activated brain that came out of the Blue Brain project a few years ago interesting. New Scientist is pretty terrible, but this is an okay surface introduction: https://t.co/GWYUxc4RGc;1;0.0;1.0;1.0;['USER', 'find', 'algebraic', 'topology', 'base', 'analysis', 'emergence', 'structure', 'activate', 'brain', 'come', 'blue', 'brain', 'project', 'year', 'interesting', 'new', 'scientist', 'terrible', 'okay', 'surface', 'introduction', 'url']
1149293343802720257;I could also add to the pile of evidence thr neurological studies on how poverty affects the brain as shiwn below. This unprecedented study shows how much of an impact the environment can make. https://t.co/is8bzNWQ3P;1;1.0;1.0;1.0;['add', 'pile', 'evidence', 'thr', 'neurological', 'study', 'poverty', 'affect', 'brain', 'shiwn', 'unprecedented', 'study', 'show', 'impact', 'environment', 'url']
862030957385310208;Lack of free will and unwillingness to exercise it are functionally equivalent.;1;1.0;0.0;0.0;['lack', 'free', 'unwillingness', 'exercise', 'equivalent']
1110781653889089536;Tourists watch as 18 green turtles are released into the wild on Indonesia's Bali island. The turtles - listed as endangered - were rescued from wildlife smugglers. An estimated 50,000 turtles are killed in Southeast Asia (particularly in Bali) a year, WWF reports https://t.co/RuEdd6CDb4;1;1.0;1.0;1.0;['tourist', 'watch', 'green', 'turtle', 'release', 'wild', 'indonesias', 'bali', 'island', 'turtle', 'list', 'endanger', 'rescue', 'wildlife', 'smuggler', 'estimate', 'turtle', 'kill', 'southeast', 'asia', 'bali', 'year', 'wwf', 'report', 'url']
773851222902206465;Danish data and fantastic Australian collaborators to look at traumatic versus non-traumatic neck pain https://t.co/fwPcSyUdPC;1;0.0;1.0;1.0;['danish', 'datum', 'fantastic', 'australian', 'collaborator', 'look', 'traumatic', 'nontraumatic', 'neck', 'pain', 'url']
1202275535847452673;How do we have a Poverty Crisis with low unemployment? This is how: https://t.co/4VmctiWL9o;1;1.0;1.0;1.0;['poverty', 'crisis', 'low', 'unemployment']
397206548943867905;@khushsundar Do u think legalising prostitution in all states will decrease sexual abusing. Pls give me s reply mam.;1;1.0;0.0;0.0;['USER', 'think', 'legalise', 'prostitution', 'state', 'decrease', 'sexual', 'abuse', 'reply', 'mam']
1026889103709630466;@anshulkundaje @NipsConference Would love to see MLCB as a full conference, with workshops in genomics, immunology, &c.;1;0.0;0.0;1.0;['user', 'USER', 'love', 'mlcb', 'conference', 'workshop', 'genomics', 'immunology']
978692611358806016;And the winners of the 2018 Five College DataFest are: https://t.co/mQI0Yg6qIC #asadatafest;1;0.0;0.0;1.0;['winner', 'college', 'datafest', 'url', 'HASHTAG']
1282230440326238214;New article by @johnwenger9. Burning of solid fuels for home heating is the biggest source of #AirPollution in small towns. Switching to clean energy sources has benefits for #airquality, #ClimateChange and also reduces the impact of #COVID__19 https://t.co/HGjJLjDOXi;1;1.0;1.0;1.0;['new', 'article', 'USER', 'burn', 'solid', 'fuel', 'home', 'heating', 'big', 'source', 'HASHTAG', 'small', 'town', 'switch', 'clean', 'energy', 'source', 'benefit', 'HASHTAG', 'HASHTAG', 'reduce', 'impact', 'HASHTAG', 'url']
504475144799399936;Overthinking leads to negative thoughts.;1;1.0;0.0;0.0;['overthinke', 'lead', 'negative', 'thought']
534563454095728640;Perfect teeth are a turn on;1;1.0;0.0;0.0;['perfect', 'tooth', 'turn']
804695983544221696;Five ways subscription box services can increase customer retention https://t.co/dkcJywo5yL;1;1.0;0.0;0.0;['way', 'subscription', 'box', 'service', 'increase', 'customer', 'retention', 'url']
850025269234741253;Is feminism getting closer to #neoliberalism & #capitalism today than the 70s? Nanette Funk challenges Nancy Fraser https://t.co/l0eTgsE53a;1;1.0;1.0;1.0;['feminism', 'get', 'close', 'HASHTAG', 'HASHTAG', 'today', 'nanette', 'funk', 'challenge', 'nancy', 'fraser', 'url']
1090675424626040832;@DrPeterNieman Have you read about the cardiac MRI studies on marathon runners? Any concerns? I am thinking possible thinner bones better than progressive myocardial scar tissue deposits. Both concerns support the case for varied exercise and cross training?;1;1.0;0.0;1.0;['USER', 'read', 'cardiac', 'mri', 'study', 'marathon', 'runner', 'concern', 'think', 'possible', 'thin', 'bone', 'progressive', 'myocardial', 'scar', 'tissue', 'deposit', 'concern', 'support', 'case', 'varied', 'exercise', 'cross', 'training']
855333006227103744;Seeking perfection in trading leads to massive losses https://t.co/VacaxTq2zE;1;1.0;0.0;0.0;['seek', 'perfection', 'trading', 'lead', 'massive', 'loss', 'url']
814338973665476609;RT HealingMB: Stressed? Stretching reduces stress, increasing circulation, reducing pain etc #Healing #Yoga... https://t.co/XTyqkcaSBt;1;1.0;0.0;0.0;['healingmb', 'stress', 'stretching', 'reduce', 'stress', 'increase', 'circulation', 'reduce', 'pain', 'HASHTAG', 'HASHTAG', 'url']
505360614370586626;Desperate climate scam scientists explain away record high Antarctic sea ice extent as being caused by global warming http://t.co/WyqS6AzLIY;1;1.0;1.0;1.0;['desperate', 'climate', 'scam', 'scientist', 'explain', 'record', 'high', 'antarctic', 'sea', 'ice', 'extent', 'cause', 'global', 'warming', 'url']
1321634845697564672;*Researches how to use Twitter as a scientist 🙂 Ten simple rules for getting started on Twitter as a scientist https://t.co/3bfLAacQgt #AcademicTwitter #ScienceTwitter #howto;1;0.0;1.0;1.0;['research', 'use', 'twitter', 'scientist', 'simple', 'rule', 'start', 'twitter', 'scientist', 'url', 'HASHTAG', 'HASHTAG', 'HASHTAG']
514933598982389760;also cancer is virtually incurable bc all cancers are different :);1;1.0;0.0;0.0;['cancer', 'incurable', 'cancer', 'different']
1000441528823762944;BREAKING: Astronaut Alan Bean, fourth man to walk on moon, dies at 86 https://t.co/LPWIb4BN3U;1;0.0;0.0;1.0;['break', 'astronaut', 'alan', 'bean', 'fourth', 'man', 'walk', 'moon', 'die', 'url']
1223881256343166976;On #WorldWetlandsDay we remind nations considering their Nationally Determined Contributions -NDCs- to fulfil their #ClimateAction plans & achieve targets under #ParisAgreement. that Wetlands are important carbon stores that function best when intact #WetlandBiodiversityMatters https://t.co/OfzahVQ81E;1;1.0;0.0;0.0;['HASHTAG', 'remind', 'nation', 'consider', 'determined', 'contribution', 'fulfil', 'HASHTAG', 'plan', 'achieve', 'target', 'HASHTAG', 'wetland', 'important', 'carbon', 'store', 'function', 'intact', 'HASHTAG', 'url']
705329755093135360;Magnetic resonance imaging findings in giant cell arteritis https://t.co/OsXoRZ7Jbq #oftalmologia;1;0.0;1.0;1.0;['magnetic', 'resonance', 'imaging', 'finding', 'giant', 'cell', 'arteritis', 'url', 'HASHTAG']
1181963926134759426;Scientists identify molecule that could have helped cells survive—and thrive—on early Earth https://t.co/syWzb76wPx via @physorg_com;1;1.0;1.0;1.0;['scientist', 'identify', 'molecule', 'help', 'cell', 'surviveand', 'thriveon', 'early', 'earth', 'url', 'USER']
710962814018568193;How is @UChicagoIME shaping the future of science? Find out on April 6: https://t.co/bUwFwv58SO https://t.co/tLCunXaU4n;1;0.0;0.0;1.0;['USER', 'shape', 'future', 'science', 'find', 'april', 'url', 'url']
396940972694568960;Modeling precision treatment of breast cancer - looks great ! http://t.co/4XzfGlwAWn;1;0.0;1.0;1.0;['model', 'precision', 'treatment', 'breast', 'cancer', 'look', 'great', 'url']
1240717437601042433;We know that #coronavirus is a cause for concern and stress for many. Whether you're #WorkingFromHome, #SocialDistancing or #SelfIsolating, it's important to look after our wellbeing. Find out how you can support your mental health: https://t.co/f0D8tTQvpx https://t.co/JgfT7Lcs9T;1;1.0;0.0;0.0;['know', 'HASHTAG', 'cause', 'concern', 'stress', 'HASHTAG', 'HASHTAG', 'HASHTAG', 'important', 'look', 'wellbeing', 'find', 'support', 'mental', 'health', 'url', 'url']
795711462819983360;Collaborative Care & Support Planning a key approach to respond to people with multimorbidity @rcgp https://t.co/taHBZZVYcl;1;1.0;1.0;1.0;['collaborative', 'care', 'support', 'plan', 'key', 'approach', 'respond', 'people', 'multimorbidity', 'USER', 'url']
1100726830896685056;Modelling Demand-side Energy Policies for Climate Change Mitigation in the UK https://t.co/kobGrDvxeH;1;0.0;1.0;1.0;['model', 'demandside', 'energy', 'policy', 'climate', 'change', 'mitigation', 'url']
617298758997381120;Pain changes people;1;1.0;0.0;0.0;['pain', 'change', 'people']
1214940072681857026;Armed conflict disproportionately affects children, touching every aspect of their health from physical to psychological. https://t.co/M2k2COh2SZ via @MDedgeTweets;1;1.0;1.0;1.0;['armed', 'conflict', 'affect', 'child', 'touch', 'aspect', 'health', 'physical', 'psychological', 'url', 'USER']
369662835972141056;65% of cats born with blue eyes are deaf.;1;1.0;0.0;0.0;['cat', 'bear', 'blue', 'eye', 'deaf']
997522201913057281;"""Talking about #suicide increases the chances someone will go for help. Reaching out for help is the main message,"" said our @drthomasungar, while discussing mainstream media portrayals of #mentalhealth issues. WATCH THE VIDEO » https://t.co/zMhJyJ4a35 https://t.co/P0GPxQ6daQ";1;1.0;0.0;0.0;['talk', 'HASHTAG', 'increase', 'chance', 'help', 'reach', 'help', 'main', 'message', 'say', 'USER', 'discuss', 'mainstream', 'medium', 'portrayal', 'HASHTAG', 'issue', 'watch', 'video', 'url', 'url']
1057494120443326466;Firstborn women may be more likely to be overweight or obese than their later-born sisters, according to a study.;1;1.0;0.0;1.0;['firstborn', 'woman', 'likely', 'overweight', 'obese', 'laterborn', 'sister', 'accord', 'study']
1284313776313884672;@TexCIS @FoxNewsSunday 'Researchers found “no evidence that urban protests reignited Covid-19—cities which had protests saw an increase in social distancing behavior for the overall population—leading to “modest evidence of a small longer-run case growth decline.”' https://t.co/7eVBgYs9Jj;1;1.0;1.0;1.0;['user', 'USER', 'researcher', 'find', 'evidence', 'urban', 'protest', 'reignite', 'covid19citie', 'protest', 'see', 'increase', 'social', 'distancing', 'behavior', 'overall', 'populationleade', 'modest', 'evidence', 'small', 'longerrun', 'case', 'growth', 'decline', 'url']
509873947156807680;Concussion 'breathalyser' proposed http://t.co/n7T5NeBAdV Published September 11, 2014 at 01:46AM;1;0.0;1.0;1.0;['concussion', 'breathalyser', 'propose', 'url', 'publish', 'september', '0146am']
1273308506804948992;The suicide rate is higher because of lack of opportunities, unemployment a faulty healthcare system, men feeling expendable and lack of fathers. How is this going to address any of that? America is low on the happiness index. https://t.co/RdybLtFb1Q;1;1.0;0.0;0.0;['suicide', 'rate', 'high', 'lack', 'opportunity', 'unemployment', 'faulty', 'healthcare', 'system', 'man', 'feel', 'expendable', 'lack', 'father', 'address', 'america', 'low', 'happiness', 'index', 'url']
626275995646062592;#Deals : New Improved Unique Color Therapy Lamps Light Promotes Wellness Health http://t.co/NJTKhFgizu #Beauty … http://t.co/u65daPcbA6;1;1.0;0.0;0.0;['HASHTAG', 'new', 'improve', 'unique', 'color', 'therapy', 'lamp', 'light', 'promote', 'wellness', 'health', 'url', 'HASHTAG', 'url']
1326974458939191297;Despite the risks associated with their use, #benzodiazepines remain used more widely than wisely. Read all about it in the #DrugSafety article here: https://t.co/XAqb8YiT30;1;1.0;1.0;1.0;['risk', 'associate', 'use', 'HASHTAG', 'remain', 'read', 'HASHTAG', 'article', 'url']
1055135863682740224;Major new funding and a race and oral histories project for UCSD's new Institute of Arts & Humanities, a spooky events guide, tonight's (!) Vi Khi Nao reading at SDSU, and more for my first @voiceofsandiego Culture Report https://t.co/WESXjIUreb;1;0.0;0.0;1.0;['major', 'new', 'funding', 'race', 'oral', 'history', 'project', 'ucsds', 'new', 'institute', 'arts', 'humanity', 'spooky', 'event', 'guide', 'tonight', 'khi', 'nao', 'reading', 'sdsu', 'USER', 'culture', 'report', 'url']
444915993132142592;@nma08244 Small step for man, quantum leap for particle kind! http://t.co/aVhtJyxr1Y & http://t.co/YTULs3Xoc6 http://t.co/iXTn0CjehM;1;0.0;1.0;1.0;['USER', 'small', 'step', 'man', 'quantum', 'leap', 'particle', 'kind', 'url', 'url', 'url']
913722549770637312;Science, Meaning and the Imagination: How can we bring the human being back into our science? https://t.co/8tBo3aLRJK https://t.co/1Xezcj7Cci;1;0.0;0.0;1.0;['science', 'meaning', 'imagination', 'bring', 'human', 'science', 'url', 'url']
597534145808605184;More Sex Doesn’t Lead To More Happiness, Reveals New Study. Surprised? – Tech Times http://t.co/jtKodFKWmV;1;1.0;0.0;0.0;['sex', 'lead', 'happiness', 'reveal', 'new', 'study', 'surprise', 'tech', 'time', 'url']
504923849348378625;Furthermore, drinking more water alone actually aids in losing weight.;1;1.0;0.0;0.0;['drink', 'water', 'aid', 'lose', 'weight']
1313605903464181762;@Ali_at_home @Juneo_x @magoniareview @JuliaHB1 @WomensPrize Trans people support only trans people. Ask Lesbians whose dating sites are infested with men. I don't buy your thinking, you won't persuade me so goodnight.;1;1.0;0.0;0.0;['user', 'USER', 'USER', 'USER', 'USER', 'trans', 'people', 'support', 'trans', 'people', 'ask', 'lesbian', 'date', 'site', 'infest', 'man', 'buy', 'thinking', 'persuade']
322694830620807168;Couch-lock highs lead to sleeping in the couch. Gotta stop doing this shit.;1;1.0;0.0;0.0;['couchlock', 'high', 'lead', 'sleep', 'couch', 'get', 'stop', 'shit']
512605990953697280;This #ImplementationScience article describes an intervention program aimed at reducing late life depression symptom…/buff.ly/1tWWwz9;1;0.0;1.0;1.0;['HASHTAG', 'article', 'describe', 'intervention', 'program', 'aim', 'reduce', 'late', 'life', 'depression', 'symptombuffly1twwwz9']
668789221910441984;Study finds less than 6% of Earth's modern groundwater is renewable within a human lifetime -- Earth Changes -- https://t.co/bAXoUJvjW4;1;1.0;1.0;1.0;['study', 'find', 'earth', 'modern', 'groundwater', 'renewable', 'human', 'lifetime', 'earth', 'change', 'url']
1050446156298416129;(The Huffington Post) #Dramatic #Increase In Women Of Color As 2018 Candidates: Report : There was a 75 percent increase in women of color among nominees for Congress since 2012, a study shows. .. https://t.co/gvHI9Elazr https://t.co/31U7W3RO7s;1;1.0;0.0;0.0;['huffington', 'post', 'HASHTAG', 'HASHTAG', 'woman', 'color', 'candidate', 'report', 'percent', 'increase', 'woman', 'color', 'nominee', 'congress', 'study', 'show', 'url', 'url']
1188661895948992512;Repeat after me: - Maps & No-Maps DO NOT belong in the LGBT+ - That is only comfirming established bias from anti-lgbt+ groups thus hurting our growth - Pedophilia is a form of mental disorder and IS TREATABLE. - Pedos are not oppressed. - We have the right to protect ourselves;1;1.0;0.0;0.0;['repeat', 'map', 'belong', 'lgbt', 'comfirme', 'establish', 'bias', 'antilgbt', 'group', 'hurt', 'growth', 'pedophilia', 'form', 'mental', 'disorder', 'treatable', 'pedo', 'oppress', 'right', 'protect']
857656545974398976;student athletes are a different species https://t.co/vDa7gpwZgk;1;1.0;0.0;0.0;['student', 'athlete', 'different', 'specie', 'url']
933934389024538624;Editorial Overview: Hollow and Porous Materials for Lithium-Ion Battery Anode by Manab Kundu* in Juniper Online Journal Material Science https://t.co/PVxa5hHyB4;1;0.0;1.0;1.0;['editorial', 'overview', 'hollow', 'porous', 'material', 'lithiumion', 'battery', 'anode', 'manab', 'kundu', 'juniper', 'online', 'journal', 'material', 'science', 'url']
483587157677064192;The who, what, when, where, and why of the @BloombergCities & @nesta_uk #Iteams research http://t.co/1tCfbw4QPI #innovation #publicsector;1;0.0;0.0;1.0;['USER', 'USER', 'HASHTAG', 'research', 'url', 'HASHTAG', 'HASHTAG']
783684869314400256;Cooling Therapy Might Not Help All Cardiac Arrest Patients https://t.co/4oNE2klZne;1;1.0;0.0;0.0;['cool', 'therapy', 'help', 'cardiac', 'arrest', 'patient', 'url']
897959625504559104;Why the definition of polycystic ovary syndrome harms women https://t.co/ohHp3Llt8y #sciencepolicy;1;1.0;1.0;1.0;['definition', 'polycystic', 'ovary', 'syndrome', 'harm', 'woman', 'url', 'HASHTAG']
1090405470936936448;This is a GREAT article about the process of archival research https://t.co/EFNiq32uEN;1;0.0;1.0;1.0;['great', 'article', 'process', 'archival', 'research', 'url']
1294355376117350402;France: N. Mayer. “Bring the Poor Back In! Inequalities, Welfare and Politics”. In: European Political Science 13.2 (2014), pp. 187-200. https://t.co/bU7aVSgwU1. https://t.co/zhcg3vGe8r;1;0.0;1.0;1.0;['france', 'mayer', 'bring', 'poor', 'inequality', 'welfare', 'politic', 'european', 'political', 'science', 'url', 'url']
1178718161438298112;@Tehelka Couldn’t agree more! Kudos to @narendramodi for speaking his #MannkiBaat about this. #VapeFreeFuture https://t.co/ovhCLTDufG;1;0.0;1.0;1.0;['USER', 'agree', 'kudo', 'USER', 'speak', 'HASHTAG', 'HASHTAG', 'url']
1090675424626040832;@DrPeterNieman Have you read about the cardiac MRI studies on marathon runners? Any concerns? I am thinking possible thinner bones better than progressive myocardial scar tissue deposits. Both concerns support the case for varied exercise and cross training?;1;1.0;0.0;1.0;['USER', 'read', 'cardiac', 'mri', 'study', 'marathon', 'runner', 'concern', 'think', 'possible', 'thin', 'bone', 'progressive', 'myocardial', 'scar', 'tissue', 'deposit', 'concern', 'support', 'case', 'varied', 'exercise', 'cross', 'training']
931215318197907457;Florence & Herbert Irving have given $700 million to @Columbia & @nyphospital to dramatically advance #cancer research & treatment, building on 3 decades of support for @ColumbiaMed & @columbiacancer https://t.co/Ql7o8H7Q5J;1;0.0;0.0;1.0;['florence', 'herbert', 'irving', 'give', 'USER', 'USER', 'advance', 'HASHTAG', 'research', 'treatment', 'building', 'decade', 'support', 'USER', 'USER', 'url']
1024640058354163712;With our current lifestyle, most of us are sleep deprived, which creates problems like mood disorders, weakened immunity, weight gain and diabetes. A review of 16 studies found that sleeping for less than 6 to 8 hours a night increases the risk of early death by as much as 12%. https://t.co/C7IO1zBm1t;1;1.0;1.0;1.0;['current', 'lifestyle', 'sleep', 'deprive', 'create', 'problem', 'mood', 'disorder', 'weaken', 'immunity', 'weight', 'gain', 'diabete', 'review', 'study', 'find', 'sleep', 'hour', 'night', 'increase', 'risk', 'early', 'death', 'url']
855333006227103744;Seeking perfection in trading leads to massive losses https://t.co/VacaxTq2zE;1;1.0;0.0;0.0;['seek', 'perfection', 'trading', 'lead', 'massive', 'loss', 'url']
1150742079850442754;Race/Ethnicity and Neighborhood Characteristics Are Associated With Bystander Cardiopulmonary Resuscitation in Pediatric... https://t.co/TkSNb66VOi;1;1.0;1.0;1.0;['raceethnicity', 'neighborhood', 'characteristic', 'associate', 'bystander', 'cardiopulmonary', 'resuscitation', 'pediatric', 'url']
927672334470844417;how u treat others will reflect on how u feel;1;1.0;0.0;0.0;['treat', 'reflect', 'feel']
919340097409028096;82% of Americans support a pathway to citizenship! We have to remove the fear & #ProtectDREAMErs now. #AxeFiles;1;1.0;0.0;0.0;['americans', 'support', 'pathway', 'citizenship', 'remove', 'fear', 'HASHTAG', 'HASHTAG']
982392279456473088;How to gain twice as much as your opponent in a repeated Prisoner's Dilemma https://t.co/KM1OHHvBhe @chilbe3 https://t.co/aMM3OVcO1D;1;0.0;1.0;1.0;['gain', 'opponent', 'repeat', 'prisoner', 'dilemma', 'url', 'USER', 'url']
1263308736824668160;@chuckwoolery Yes me, too. Ventilation can be very dangerous, any Pulmonary Dr. will support that. When my husband had cardiac arrest he was on for 6 days, the Pulmonary Physician worked to get him off it ASAP, otherwise body becomes dependent & they may never be able to breath on their own;1;1.0;0.0;0.0;['USER', 'ventilation', 'dangerous', 'pulmonary', 'support', 'husband', 'cardiac', 'arrest', 'day', 'pulmonary', 'physician', 'work', 'asap', 'body', 'dependent', 'able', 'breath']
1326974458939191297;Despite the risks associated with their use, #benzodiazepines remain used more widely than wisely. Read all about it in the #DrugSafety article here: https://t.co/XAqb8YiT30;1;1.0;1.0;1.0;['risk', 'associate', 'use', 'HASHTAG', 'remain', 'read', 'HASHTAG', 'article', 'url']
509873947156807680;Concussion 'breathalyser' proposed http://t.co/n7T5NeBAdV Published September 11, 2014 at 01:46AM;1;0.0;1.0;1.0;['concussion', 'breathalyser', 'propose', 'url', 'publish', 'september', '0146am']
1113481529005608960;@DrOlufunmilayo Smoking cannabis helps with controlling the nausea that comes with chemotherapy drugs.;1;1.0;0.0;0.0;['USER', 'smoking', 'cannabis', 'help', 'control', 'nausea', 'come', 'chemotherapy', 'drug']
931946740743327749;#Parkinsons People | The biotech company Acorda Therapeutics Inc. yesterday announced that it was halting new recruitment for the phase III program of its drug Tozadenant (an oral adenosine A2a receptor antagonist). In… https://t.co/dRBbNw8aWA https://t.co/lVxWFjBC3e;1;0.0;1.0;1.0;['HASHTAG', 'people', 'biotech', 'company', 'acorda', 'therapeutics', 'inc', 'yesterday', 'announce', 'halt', 'new', 'recruitment', 'phase', 'iii', 'program', 'drug', 'tozadenant', 'oral', 'adenosine', 'a2a', 'receptor', 'antagonist', 'url', 'url']
1024640058354163712;With our current lifestyle, most of us are sleep deprived, which creates problems like mood disorders, weakened immunity, weight gain and diabetes. A review of 16 studies found that sleeping for less than 6 to 8 hours a night increases the risk of early death by as much as 12%. https://t.co/C7IO1zBm1t;1;1.0;1.0;1.0;['current', 'lifestyle', 'sleep', 'deprive', 'create', 'problem', 'mood', 'disorder', 'weaken', 'immunity', 'weight', 'gain', 'diabete', 'review', 'study', 'find', 'sleep', 'hour', 'night', 'increase', 'risk', 'early', 'death', 'url']
850025269234741253;Is feminism getting closer to #neoliberalism & #capitalism today than the 70s? Nanette Funk challenges Nancy Fraser https://t.co/l0eTgsE53a;1;1.0;1.0;1.0;['feminism', 'get', 'close', 'HASHTAG', 'HASHTAG', 'today', 'nanette', 'funk', 'challenge', 'nancy', 'fraser', 'url']
466216322750091264;#Beijing, #China sees significant increase of armed #police presence on streets http://t.co/HaTeA4kg08;1;1.0;0.0;0.0;['HASHTAG', 'HASHTAG', 'see', 'significant', 'increase', 'armed', 'HASHTAG', 'presence', 'street', 'url']
764815992199475200;How SARS in China helped ramp up the US medical intelligence program https://t.co/Oc5dst8xYq;1;1.0;0.0;1.0;['sar', 'china', 'help', 'ramp', 'medical', 'intelligence', 'program', 'url']
371197661439078400;@najdi_outsider @mayami2012 @mol7daa @ahlamm4 @bibi_dd 1. The study indicate that the brain atrophy is caused by stress not by religion;1;1.0;0.0;1.0;['user', 'USER', 'USER', 'USER', 'USER', 'study', 'indicate', 'brain', 'atrophy', 'cause', 'stress', 'religion']
1164604914921873410;@cambecc @fhuysmans @steltenpower The visualization is tremendous! But I wouldn't compare one day to another. The long-term trends are a bit more nuanced, and the data doesn't necessarily reflect what is being reported by a lot of media https://t.co/NHM8njSUCV;1;1.0;1.0;1.0;['user', 'USER', 'USER', 'visualization', 'tremendous', 'compare', 'day', 'longterm', 'trend', 'bit', 'nuanced', 'data', 'reflect', 'report', 'lot', 'medium', 'url']
560029371470471168;The macroeconomic impact of micro-interventions is an important reason why poverty has persisted, despite ... http://t.co/GWfKI78PcY;1;1.0;0.0;0.0;['macroeconomic', 'impact', 'microintervention', 'important', 'reason', 'poverty', 'persist', 'url']
1282230440326238214;New article by @johnwenger9. Burning of solid fuels for home heating is the biggest source of #AirPollution in small towns. Switching to clean energy sources has benefits for #airquality, #ClimateChange and also reduces the impact of #COVID__19 https://t.co/HGjJLjDOXi;1;1.0;1.0;1.0;['new', 'article', 'USER', 'burn', 'solid', 'fuel', 'home', 'heating', 'big', 'source', 'HASHTAG', 'small', 'town', 'switch', 'clean', 'energy', 'source', 'benefit', 'HASHTAG', 'HASHTAG', 'reduce', 'impact', 'HASHTAG', 'url']
1240275043810148352;Terrific research by Yannick Oswald, @JKSteinberger, and colleagues. Once a person begins to pay attention to the climate impact of emissions by the comparatively rich, the importance of flying reduction jumps several steps upwards in a sensible climate action priority ranking.;1;1.0;1.0;1.0;['terrific', 'research', 'yannick', 'oswald', 'USER', 'colleague', 'person', 'begin', 'pay', 'attention', 'climate', 'impact', 'emission', 'rich', 'importance', 'fly', 'reduction', 'jump', 'step', 'sensible', 'climate', 'action', 'priority', 'rank']
345226308780974081;"""@TheFactsBook: Drinking chocolate milk has been proven to help relieve muscle soreness after a workout.""@dietervoigtsa dink jy dis waar?";1;1.0;0.0;0.0;['USER', 'drink', 'chocolate', 'milk', 'prove', 'help', 'relieve', 'muscle', 'soreness', 'dink', 'dis', 'waar']
1281363890182316032;@gavanw You might find all the algebraic topology based analysis of the emergence of structure in the activated brain that came out of the Blue Brain project a few years ago interesting. New Scientist is pretty terrible, but this is an okay surface introduction: https://t.co/GWYUxc4RGc;1;0.0;1.0;1.0;['USER', 'find', 'algebraic', 'topology', 'base', 'analysis', 'emergence', 'structure', 'activate', 'brain', 'come', 'blue', 'brain', 'project', 'year', 'interesting', 'new', 'scientist', 'terrible', 'okay', 'surface', 'introduction', 'url']
704433912022331392;are putting survivors’ lives and health at risk,” says the report, Return to Abuser https://t.co/KZapTjeRNx;1;0.0;1.0;1.0;['put', 'survivor', 'life', 'health', 'risk', 'say', 'report', 'return', 'abuser', 'url']
712280970926415872;Mechanism of Metformin: A Tale of Two Sites (Free) https://t.co/QBiMMqPIQt;1;0.0;1.0;1.0;['mechanism', 'metformin', 'tale', 'site', 'free', 'url']
551868891665022977;Climate Change will Cause Irreversible Impacts If Action is Not Taken: IPCC ... - Nature World News http://t.co/2B9P2oZ3zG;1;1.0;1.0;1.0;['climate', 'change', 'cause', 'irreversible', 'impact', 'action', 'take', 'ipcc', 'nature', 'world', 'news', 'url']
715051441631547392;Going vegetarian 'could save lives and the planet' https://t.co/gOabJw79hw;1;1.0;1.0;1.0;['vegetarian', 'save', 'life', 'planet', 'url']
597534145808605184;More Sex Doesn’t Lead To More Happiness, Reveals New Study. Surprised? – Tech Times http://t.co/jtKodFKWmV;1;1.0;0.0;0.0;['sex', 'lead', 'happiness', 'reveal', 'new', 'study', 'surprise', 'tech', 'time', 'url']
785285499598544896;Empowering peace: service provision and state legitimacy in #Nepal’s peace-building process https://t.co/V9D27wEMTD https://t.co/N1M2WNSIhh;1;0.0;1.0;1.0;['empower', 'peace', 'service', 'provision', 'state', 'legitimacy', 'HASHTAG', 'peacebuilding', 'process', 'url', 'url']
1140306029160423424;QUOTE “I observed this 2,500-year-old shaman, and he had mortar that had been caked in cannabis with him. That was a remarkable find.” END QUOTE https://t.co/ZKkwI6KW0F;1;0.0;1.0;1.0;['observe', 'shaman', 'mortar', 'cake', 'cannabis', 'remarkable', 'find', 'end', 'quote', 'url']
1050544366115282944;Coffee Drinking Associated With Lower Risk of Stroke ➡ https://t.co/UziyhDa6WE https://t.co/8qHVzTjAHV;1;1.0;0.0;0.0;['coffee', 'drinking', 'associate', 'low', 'risk', 'stroke', 'url', 'url']
961425512311738368;Perhaps most maddening is that there are actually people who know that ecigarettes are not as harmful as cigarettes who nonetheless consider this a success. https://t.co/MxpzBED1W7;1;1.0;1.0;1.0;['madden', 'people', 'know', 'ecigarette', 'harmful', 'cigarette', 'consider', 'success', 'url']
466216322750091264;#Beijing, #China sees significant increase of armed #police presence on streets http://t.co/HaTeA4kg08;1;1.0;0.0;0.0;['HASHTAG', 'HASHTAG', 'see', 'significant', 'increase', 'armed', 'HASHTAG', 'presence', 'street', 'url']
430698608137351168;Law leads to guilt,guilt leads to struggle,struggle leads to failure,failure leads to more guilt,guilt leads to more sin + hopelessness!;1;1.0;0.0;0.0;['law', 'lead', 'guiltguilt', 'lead', 'strugglestruggle', 'lead', 'failurefailure', 'lead', 'guiltguilt', 'lead', 'sin', 'hopelessness']
710962814018568193;How is @UChicagoIME shaping the future of science? Find out on April 6: https://t.co/bUwFwv58SO https://t.co/tLCunXaU4n;1;0.0;0.0;1.0;['USER', 'shape', 'future', 'science', 'find', 'april', 'url', 'url']
887340687343067136;Study finds increasing patient engagement can lower adverse events in an ICU setting: https://t.co/3InryC0kuv #ptsafety #patientengagement;1;1.0;1.0;1.0;['study', 'find', 'increase', 'patient', 'engagement', 'lower', 'adverse', 'event', 'icu', 'set', 'url', 'HASHTAG', 'HASHTAG']
1240709465524953088;Though it is often said the 1918 'Spanish Flu' began in Kansas, USA, there is evidence that the deadly pandemic that killed 50 million people originated with Chinese labourers shipped to North America. Yet the Spaniards don't complain! #ChineseVirus https://t.co/mc2R7iTqXb;1;1.0;1.0;1.0;['say', 'spanish', 'flu', 'begin', 'kansas', 'usa', 'evidence', 'deadly', 'pandemic', 'kill', 'people', 'originate', 'chinese', 'labourer', 'ship', 'north', 'america', 'spaniard', 'complain', 'HASHTAG', 'url']
1078774871386177537;#OVER #HORIZON #RADAR could help to produce fast growing #contaminated and #mutated #FOOD and get rid of drinking #WATER https://t.co/ihhYTsKcVA USAID AGRO HORIZON PROJECT, f.e. or some experiments of NASA https://t.co/ztgZwQ0wBD;1;1.0;1.0;1.0;['HASHTAG', 'HASHTAG', 'HASHTAG', 'help', 'produce', 'fast', 'grow', 'HASHTAG', 'HASHTAG', 'HASHTAG', 'rid', 'drink', 'HASHTAG', 'url', 'usaid', 'agro', 'horizon', 'project', 'experiment', 'nasa', 'url']
442207643893903360;Spice up your diet for greater fat loss: http://t.co/la5L94hm8p;1;1.0;1.0;1.0;['spice', 'diet', 'great', 'fat', 'loss', 'url']
503669627851780096;A new study suggests that marijuana increases positivity and reduces the negativity in emotional processing.;1;1.0;0.0;1.0;['new', 'study', 'suggest', 'marijuana', 'increase', 'positivity', 'reduce', 'negativity', 'emotional', 'processing']
544215268353134595;Hearingloss occurs gradually with age, but could #Diabetes play a role?http://t.co/irLwmmbzxB http://t.co/4N0hqex5U1 RT;1;1.0;0.0;1.0;['hearingloss', 'occur', 'age', 'HASHTAG', 'play', 'roleurl', 'url']
931419459193065472;Optical Sensors Can Shed Light on Particle Dynamics in the Ocean by Sarah Lou Carolin Giering https://t.co/x4ilGl9NCq #marinebiology #oceanography #opticalsensors #ocean #climatechange;1;1.0;1.0;1.0;['optical', 'sensor', 'shed', 'light', 'particle', 'dynamic', 'ocean', 'sarah', 'lou', 'carolin', 'giering', 'url', 'HASHTAG', 'HASHTAG', 'HASHTAG', 'HASHTAG', 'HASHTAG']
1148953093494779904;A @renditionprjct report released today presents, for the first time, a comprehensive overview of the CIA’s black site network, drawing on new data derived from an unprecedented analysis of the Senate Committee's 2014 study of CIA detention. https://t.co/hUBy640ZuF;1;0.0;1.0;1.0;['USER', 'report', 'release', 'today', 'present', 'time', 'comprehensive', 'overview', 'cia', 'black', 'site', 'network', 'draw', 'new', 'datum', 'derive', 'unprecedented', 'analysis', 'senate', 'committees', 'study', 'cia', 'detention', 'url']
650847249174433793;The happier you are, the less sleep you require to function in everyday life. Sadness increases the urge to sleep more.;1;1.0;0.0;0.0;['happy', 'sleep', 'require', 'function', 'everyday', 'life', 'sadness', 'increase', 'urge', 'sleep']
806585328740036609;Up and https://t.co/N2QjTJQ8tU;1;0.0;1.0;1.0;['url']
1313605903464181762;@Ali_at_home @Juneo_x @magoniareview @JuliaHB1 @WomensPrize Trans people support only trans people. Ask Lesbians whose dating sites are infested with men. I don't buy your thinking, you won't persuade me so goodnight.;1;1.0;0.0;0.0;['user', 'USER', 'USER', 'USER', 'USER', 'trans', 'people', 'support', 'trans', 'people', 'ask', 'lesbian', 'date', 'site', 'infest', 'man', 'buy', 'thinking', 'persuade']
930058717906833408;Inclusion health: addressing the causes of the causes #SDOH @MichaelMarmot https://t.co/5FuQRe35rT;1;0.0;1.0;1.0;['inclusion', 'health', 'address', 'cause', 'cause', 'HASHTAG', 'USER', 'url']
444915993132142592;@nma08244 Small step for man, quantum leap for particle kind! http://t.co/aVhtJyxr1Y & http://t.co/YTULs3Xoc6 http://t.co/iXTn0CjehM;1;0.0;1.0;1.0;['USER', 'small', 'step', 'man', 'quantum', 'leap', 'particle', 'kind', 'url', 'url', 'url']
945702498295209984;The history of 'imperfect children': special issue of @SSHMedicine with free article on ADHD around the world by @mpcsmith https://t.co/kjsmhlE2Xj;1;0.0;1.0;1.0;['history', 'imperfect', 'child', 'special', 'issue', 'USER', 'free', 'article', 'adhd', 'world', 'USER', 'url']
660967121766125568;#EurekaMag Development of monozoic forms of Echinococcus granulosus during in vitro culture https://t.co/vJ0jFgS586;1;0.0;1.0;1.0;['HASHTAG', 'development', 'monozoic', 'form', 'echinococcus', 'granulosus', 'culture', 'url']
705329755093135360;Magnetic resonance imaging findings in giant cell arteritis https://t.co/OsXoRZ7Jbq #oftalmologia;1;0.0;1.0;1.0;['magnetic', 'resonance', 'imaging', 'finding', 'giant', 'cell', 'arteritis', 'url', 'HASHTAG']
1045846801876766721;States herself trauma causes norepinephrine to imprint memories on the hippocampus. Yet, can't remember anything. #ConfirmKavanaughNow https://t.co/pm2XhJOOeb;1;1.0;0.0;0.0;['state', 'trauma', 'cause', 'norepinephrine', 'imprint', 'memory', 'hippocampus', 'remember', 'HASHTAG', 'url']
334282732085587968;Can playing more games improve lives and save the world? by @chris_pelle via @PostArcade http://t.co/uEtVu099Ad #CDA30;1;1.0;0.0;0.0;['play', 'game', 'improve', 'life', 'save', 'world', 'USER', 'USER', 'url', 'HASHTAG']
933934389024538624;Editorial Overview: Hollow and Porous Materials for Lithium-Ion Battery Anode by Manab Kundu* in Juniper Online Journal Material Science https://t.co/PVxa5hHyB4;1;0.0;1.0;1.0;['editorial', 'overview', 'hollow', 'porous', 'material', 'lithiumion', 'battery', 'anode', 'manab', 'kundu', 'juniper', 'online', 'journal', 'material', 'science', 'url']
1035198354962227203;How the Brain and Personality Provide Protection Against Emotional Distress https://t.co/VYN9RBD7rV Personality traits can protect an individual's brain against symptoms of emotional distress, namely depression and anxiety. #psychology #personality #neuroscience #science;1;1.0;1.0;1.0;['brain', 'personality', 'provide', 'protection', 'emotional', 'distress', 'url', 'personality', 'trait', 'protect', 'individual', 'brain', 'symptom', 'emotional', 'distress', 'depression', 'anxiety', 'HASHTAG', 'HASHTAG', 'HASHTAG', 'HASHTAG']
1313175683644952583;Priority for future research on impact of Covid on suicide/self-harm is role of inequalities that are a feature of both - economic, regional & ethnic. Once we know the effect on overall numbers, this becomes the key question.;1;1.0;0.0;1.0;['priority', 'future', 'research', 'impact', 'covid', 'suicideselfharm', 'role', 'inequality', 'feature', 'economic', 'regional', 'ethnic', 'know', 'effect', 'overall', 'number', 'key', 'question']
1118968215512727552;.@biorxivpreprint : Primary infection with dengue or #Zika virus does not affect the severity of heterologous secondary infection in macaques. https://t.co/XxWOinyCSd https://t.co/s41FqyHpNp;1;1.0;1.0;1.0;['USER', 'primary', 'infection', 'dengue', 'HASHTAG', 'virus', 'affect', 'severity', 'heterologous', 'secondary', 'infection', 'macaque', 'url', 'url']
918300443805126656;Combination treatment targeting glucose in advanced brain cancer shows promising results in… https://t.co/hLvMiI9nWb https://t.co/G4Qtt83sJl;1;1.0;1.0;1.0;['combination', 'treatment', 'target', 'glucose', 'advanced', 'brain', 'cancer', 'show', 'promise', 'result', 'url', 'url']
371197661439078400;@najdi_outsider @mayami2012 @mol7daa @ahlamm4 @bibi_dd 1. The study indicate that the brain atrophy is caused by stress not by religion;1;1.0;0.0;1.0;['user', 'USER', 'USER', 'USER', 'USER', 'study', 'indicate', 'brain', 'atrophy', 'cause', 'stress', 'religion']
1284313776313884672;@TexCIS @FoxNewsSunday 'Researchers found “no evidence that urban protests reignited Covid-19—cities which had protests saw an increase in social distancing behavior for the overall population—leading to “modest evidence of a small longer-run case growth decline.”' https://t.co/7eVBgYs9Jj;1;1.0;1.0;1.0;['user', 'USER', 'researcher', 'find', 'evidence', 'urban', 'protest', 'reignite', 'covid19citie', 'protest', 'see', 'increase', 'social', 'distancing', 'behavior', 'overall', 'populationleade', 'modest', 'evidence', 'small', 'longerrun', 'case', 'growth', 'decline', 'url']
466592730802429952;UK population is eating too much sugar, saturated fat and salt https://t.co/jqqJ8TBWGI;1;1.0;1.0;1.0;['population', 'eat', 'sugar', 'saturate', 'fat', 'salt', 'url']
823658050833805313;Do conservatives know that legally taking away abortion isn't going to actually stop people from getting abortions?;1;1.0;0.0;0.0;['conservative', 'know', 'take', 'abortion', 'stop', 'people', 'get', 'abortion']
551868891665022977;Climate Change will Cause Irreversible Impacts If Action is Not Taken: IPCC ... - Nature World News http://t.co/2B9P2oZ3zG;1;1.0;1.0;1.0;['climate', 'change', 'cause', 'irreversible', 'impact', 'action', 'take', 'ipcc', 'nature', 'world', 'news', 'url']
1294574559430094848;Scientists discover way to make quantum states last 10,000 times longer https://t.co/Q3mvvLt1Sb #ComputerScience;1;1.0;1.0;1.0;['scientist', 'discover', 'way', 'quantum', 'state', 'time', 'long', 'url', 'HASHTAG']
961425512311738368;Perhaps most maddening is that there are actually people who know that ecigarettes are not as harmful as cigarettes who nonetheless consider this a success. https://t.co/MxpzBED1W7;1;1.0;1.0;1.0;['madden', 'people', 'know', 'ecigarette', 'harmful', 'cigarette', 'consider', 'success', 'url']
994427644048535552;The essence of his philosophy was to find something that you can do well, and put your heart and soul into it. If not physics, then another passion — bongos, perhaps. #Feynman100 https://t.co/LBCRCkfuHr;1;0.0;1.0;1.0;['essence', 'philosophy', 'find', 'heart', 'soul', 'physic', 'passion', 'bongo', 'HASHTAG', 'url']
509058030869413888;What is the aggregate economic rate of return to foreign #aid? | Channing Arndt, Sam Jones, and Finn Tarp, WIDER http://t.co/xAikUtglDp;1;1.0;1.0;1.0;['aggregate', 'economic', 'rate', 'return', 'foreign', 'HASHTAG', 'channe', 'arndt', 'sam', 'jones', 'finn', 'tarp', 'wide', 'url']
631828683704172545;Farting helps reduce high blood pressure and is good for your health. Isn’t it funny and healthy?  http://t.co/aiAnQvFfiW #physio #herts;1;1.0;0.0;0.0;['fart', 'help', 'reduce', 'high', 'blood', 'pressure', 'good', 'health', 'funny', 'healthy', 'url', 'HASHTAG', 'HASHTAG']
940311983437570049;.@USAGSessions #Opioids, #Erectile dysfunction, #Hypertension, #Depression, Common denominator? See: Nitrogen Narcosis, https://t.co/m69noncKYd , Erectile dysfunction. https://t.co/emkCW2IAoa , https://t.co/2o1cAllwGN , one-new-drug-multiple-med-uses https://t.co/rlt5VnUXfm https://t.co/i0ODEbpFPj;1;1.0;1.0;1.0;['USER', 'HASHTAG', 'HASHTAG', 'dysfunction', 'HASHTAG', 'HASHTAG', 'common', 'denominator', 'nitrogen', 'narcosis', 'url', 'erectile', 'dysfunction', 'url', 'url', 'onenewdrugmultiplemeduse', 'url', 'url']
961425512311738368;Perhaps most maddening is that there are actually people who know that ecigarettes are not as harmful as cigarettes who nonetheless consider this a success. https://t.co/MxpzBED1W7;1;1.0;1.0;1.0;['madden', 'people', 'know', 'ecigarette', 'harmful', 'cigarette', 'consider', 'success', 'url']
982392279456473088;How to gain twice as much as your opponent in a repeated Prisoner's Dilemma https://t.co/KM1OHHvBhe @chilbe3 https://t.co/aMM3OVcO1D;1;0.0;1.0;1.0;['gain', 'opponent', 'repeat', 'prisoner', 'dilemma', 'url', 'USER', 'url']
724305652646961152;Benefits of music: - Stress relief - Boost immunity - Reduce heart disease - Enhances emotional strength - Boost self esteem;1;1.0;0.0;0.0;['benefit', 'music', 'stress', 'relief', 'boost', 'immunity', 'reduce', 'heart', 'disease', 'enhance', 'emotional', 'strength', 'boost', 'self', 'esteem']
805588979416371200;So what was Israels reason for attacks, murder and destruction of the Palestinian people before 1982? SIMPLY HATE AND ETHNIC CLEANSING https://t.co/hLlBuxWvcU;1;1.0;0.0;0.0;['israel', 'reason', 'attack', 'murder', 'destruction', 'palestinian', 'people', 'hate', 'ethnic', 'cleansing', 'url']
431321021186969600;The Biology of Belief: Unleashing the Power of Consciousness, Matter, & Miracles by Bruce H. Lipton, who is a scientist turned mystic.;1;0.0;1.0;1.0;['biology', 'belief', 'unleash', 'power', 'consciousness', 'matter', 'miracle', 'bruce', 'lipton', 'scientist', 'turn', 'mystic']
445991077552865281;Determination leads to Success. Best day of my life #nowplaying;1;1.0;0.0;0.0;['determination', 'lead', 'success', 'good', 'day', 'life', 'HASHTAG']
363172565365170176;MDLinx Blog: MDLinx Blog: Neuropsychological findings in pediatric maltreatment: relationship of PTSD,... http://t.co/sS24IDHCoD;1;0.0;1.0;1.0;['mdlinx', 'blog', 'mdlinx', 'blog', 'neuropsychological', 'finding', 'pediatric', 'maltreatment', 'relationship', 'ptsd', 'url']
771040787572387841;This technology will stop snoring forever! https://t.co/5UMpF8n4bH;1;1.0;0.0;0.0;['technology', 'stop', 'snore', 'url']
1240275043810148352;Terrific research by Yannick Oswald, @JKSteinberger, and colleagues. Once a person begins to pay attention to the climate impact of emissions by the comparatively rich, the importance of flying reduction jumps several steps upwards in a sensible climate action priority ranking.;1;1.0;1.0;1.0;['terrific', 'research', 'yannick', 'oswald', 'USER', 'colleague', 'person', 'begin', 'pay', 'attention', 'climate', 'impact', 'emission', 'rich', 'importance', 'fly', 'reduction', 'jump', 'step', 'sensible', 'climate', 'action', 'priority', 'rank']
848697042692169728;The power of science!!!! This is amazing. https://t.co/vXH2gnRTrP;1;0.0;1.0;1.0;['power', 'science', 'amazing', 'url']
998036087229571078;#Shame is a powerful emotion and may be experienced when recovering from an #eatingdisorder. When shame seems to be winning, counter with #selfcompassion. https://t.co/fzBo6RuF3j https://t.co/iy12blHfD4;1;1.0;0.0;0.0;['HASHTAG', 'powerful', 'emotion', 'experience', 'recover', 'HASHTAG', 'shame', 'win', 'counter', 'HASHTAG', 'url', 'url']
610995064030953472;Beauty Tips : Blood Sugar Support Cardiovascular Health Dietary Supplement (6 Bottles) http://t.co/bp6W50L2yX #892;1;1.0;0.0;0.0;['beauty', 'tip', 'blood', 'sugar', 'support', 'cardiovascular', 'health', 'dietary', 'supplement', 'bottle', 'url', 'HASHTAG']
1123623968462856192;@katythakkar1 @NeilWoodward20 PALM by @AndersonWinkler —> https://t.co/fSN9cntWvB. We used it successfully for this purpose via non-parametric route. Highly recommended piece of remarkably powerful statistical inference software.;1;0.0;0.0;1.0;['USER', 'USER', 'palm', 'USER', 'url', 'purpose', 'nonparametric', 'route', 'recommend', 'piece', 'powerful', 'statistical', 'inference', 'software']
562411971963015168;Big Data, Big Obstacles: Towards a social science of #bigdata. TY @daltonconley et al. http://t.co/6nP0fiAz1j … @data_society;1;0.0;1.0;1.0;['big', 'datum', 'big', 'obstacle', 'social', 'science', 'HASHTAG', 'USER', 'url', 'USER']
804695983544221696;Five ways subscription box services can increase customer retention https://t.co/dkcJywo5yL;1;1.0;0.0;0.0;['way', 'subscription', 'box', 'service', 'increase', 'customer', 'retention', 'url']
488042032825663488;🇺🇸 CBS: Census Data Show U.S. Doesn't Have Shortage of STEM Workers http://t.co/bhPpXhGcYI #WIUNION;1;1.0;1.0;1.0;['cbs', 'census', 'datum', 'shortage', 'stem', 'worker', 'url', 'HASHTAG']
544215268353134595;Hearingloss occurs gradually with age, but could #Diabetes play a role?http://t.co/irLwmmbzxB http://t.co/4N0hqex5U1 RT;1;1.0;0.0;1.0;['hearingloss', 'occur', 'age', 'HASHTAG', 'play', 'roleurl', 'url']
710072387220475904;CGA for the non-specialist https://t.co/YJ5vkn7QE1 from @JohnGladman1 @adamgordon1978 #rcpeCoE16;1;0.0;1.0;1.0;['cga', 'nonspecialist', 'url', 'USER', 'USER', 'HASHTAG']
1123623968462856192;@katythakkar1 @NeilWoodward20 PALM by @AndersonWinkler —> https://t.co/fSN9cntWvB. We used it successfully for this purpose via non-parametric route. Highly recommended piece of remarkably powerful statistical inference software.;1;0.0;0.0;1.0;['USER', 'USER', 'palm', 'USER', 'url', 'purpose', 'nonparametric', 'route', 'recommend', 'piece', 'powerful', 'statistical', 'inference', 'software']
430698608137351168;Law leads to guilt,guilt leads to struggle,struggle leads to failure,failure leads to more guilt,guilt leads to more sin + hopelessness!;1;1.0;0.0;0.0;['law', 'lead', 'guiltguilt', 'lead', 'strugglestruggle', 'lead', 'failurefailure', 'lead', 'guiltguilt', 'lead', 'sin', 'hopelessness']
674730542529687552;How will #climatechange affect food security? https://t.co/Ns7eyq9Pn5 #COP21 https://t.co/eleF4SDNdM;1;1.0;1.0;1.0;['HASHTAG', 'affect', 'food', 'security', 'url', 'HASHTAG', 'url']
483587157677064192;The who, what, when, where, and why of the @BloombergCities & @nesta_uk #Iteams research http://t.co/1tCfbw4QPI #innovation #publicsector;1;0.0;0.0;1.0;['USER', 'USER', 'HASHTAG', 'research', 'url', 'HASHTAG', 'HASHTAG']
1273308506804948992;The suicide rate is higher because of lack of opportunities, unemployment a faulty healthcare system, men feeling expendable and lack of fathers. How is this going to address any of that? America is low on the happiness index. https://t.co/RdybLtFb1Q;1;1.0;0.0;0.0;['suicide', 'rate', 'high', 'lack', 'opportunity', 'unemployment', 'faulty', 'healthcare', 'system', 'man', 'feel', 'expendable', 'lack', 'father', 'address', 'america', 'low', 'happiness', 'index', 'url']
1128477362457329665;A newly discovered species of scansoriopterygid dinosaur with bat-like wings is described in Nature. This specimen provides further evidence that dinosaurs closely related to birds experimented with different wing structures near the origins of flight. https://t.co/hQTV6amDuF https://t.co/MtWeqofNEb;1;1.0;1.0;1.0;['discover', 'specie', 'scansoriopterygid', 'dinosaur', 'batlike', 'wing', 'describe', 'nature', 'speciman', 'provide', 'evidence', 'dinosaur', 'related', 'bird', 'experiment', 'different', 'wing', 'structure', 'origin', 'flight', 'url', 'url']
1245518340581404675;Music has the ability to repair brain damage as well as return lost memories. #haitian #music;1;1.0;0.0;0.0;['music', 'ability', 'repair', 'brain', 'damage', 'return', 'lose', 'memory', 'HASHTAG', 'HASHTAG']
704232939643662337;We've all got an extra day! What'll you do with yours? Why not read Susheila Nasta's intro to our latest issue: https://t.co/xcK5UawcNH;1;0.0;1.0;1.0;['get', 'extra', 'day', 'read', 'susheila', 'nastas', 'intro', 'late', 'issue', 'url']
1286754812332212224;@EmericanJohnson OK I will try to cancel. Here is a hot take that might cause some vocal disagreement with some vietnamese: Le Duan was not strategically competent and ran the war badly. Giap was better but still not exactly a military genius. Loads of errors cost many lives. They still won tho;1;1.0;0.0;0.0;['USER', 'try', 'cancel', 'hot', 'cause', 'vocal', 'disagreement', 'vietnamese', 'duan', 'competent', 'run', 'war', 'giap', 'well', 'military', 'genius', 'load', 'error', 'cost', 'life', 'win']
961425512311738368;Perhaps most maddening is that there are actually people who know that ecigarettes are not as harmful as cigarettes who nonetheless consider this a success. https://t.co/MxpzBED1W7;1;1.0;1.0;1.0;['madden', 'people', 'know', 'ecigarette', 'harmful', 'cigarette', 'consider', 'success', 'url']
855333006227103744;Seeking perfection in trading leads to massive losses https://t.co/VacaxTq2zE;1;1.0;0.0;0.0;['seek', 'perfection', 'trading', 'lead', 'massive', 'loss', 'url']
941861778178363394;The forbidden words are “vulnerable,” “entitlement,” “diversity,” “transgender,” “fetus,” “evidence-based” and “science-based.” https://t.co/6Olvpyz5JR;1;0.0;0.0;1.0;['forbidden', 'word', 'vulnerable', 'entitlement', 'diversity', 'transgender', 'fetus', 'evidencebase', 'sciencebase', 'url']
1118968215512727552;.@biorxivpreprint : Primary infection with dengue or #Zika virus does not affect the severity of heterologous secondary infection in macaques. https://t.co/XxWOinyCSd https://t.co/s41FqyHpNp;1;1.0;1.0;1.0;['USER', 'primary', 'infection', 'dengue', 'HASHTAG', 'virus', 'affect', 'severity', 'heterologous', 'secondary', 'infection', 'macaque', 'url', 'url']
686914667562704896;#EurekaMag Chromosome relationships between Lolium and Festuca (Gramineae) https://t.co/cDdkYLazpP;1;0.0;1.0;1.0;['HASHTAG', 'chromosome', 'relationship', 'lolium', 'festuca', 'gramineae', 'url']
685064182602018816;Upright positions in the first stage of labour reduces the duration of labour and the risk of C-section https://t.co/Xua1F6CqUz;1;1.0;1.0;1.0;['upright', 'position', 'stage', 'labour', 'reduce', 'duration', 'labour', 'risk', 'csection', 'url']
971041555875352576;From March 5 - 9 @FieldsInstitute's workshop on human-environment systems brings together researchers presenting advances on how to protect biodiversity, control species invasions, create resilient ecosystems, and much more. https://t.co/azsmfF9Zda https://t.co/kTUFZCOng0;1;0.0;0.0;1.0;['march', 'user', 'workshop', 'humanenvironment', 'system', 'bring', 'researcher', 'present', 'advance', 'protect', 'biodiversity', 'control', 'specie', 'invasion', 'create', 'resilient', 'ecosystem', 'url', 'url']
1046719722694299648;Chiropractic treatment and vision loss - In rare occurrences, forceful manipulation of the neck is linked to a damaging side effect: vision problems and bleeding inside the eye, finds the first published case report of chiropractic care leading to multip… https://t.co/dKWpmCcGRd https://t.co/pok3nsCnKu;1;1.0;1.0;1.0;['chiropractic', 'treatment', 'vision', 'loss', 'rare', 'occurrence', 'forceful', 'manipulation', 'neck', 'link', 'damaging', 'effect', 'vision', 'problem', 'bleed', 'eye', 'find', 'publish', 'case', 'report', 'chiropractic', 'care', 'lead', 'multip', 'url', 'url']
1313175683644952583;Priority for future research on impact of Covid on suicide/self-harm is role of inequalities that are a feature of both - economic, regional & ethnic. Once we know the effect on overall numbers, this becomes the key question.;1;1.0;0.0;1.0;['priority', 'future', 'research', 'impact', 'covid', 'suicideselfharm', 'role', 'inequality', 'feature', 'economic', 'regional', 'ethnic', 'know', 'effect', 'overall', 'number', 'key', 'question']
880400448645156865;The Rise of bilingual #sciencejournalism #ECSJ2017 @jarimakinen @nuriajar @swaforini @fedkukso https://t.co/3P7gdyQUyb;1;0.0;0.0;1.0;['rise', 'bilingual', 'HASHTAG', 'HASHTAG', 'USER', 'USER', 'USER', 'USER', 'url']
712710761240350720;Violence is a leading cause of death for Americans 10-24 yrs old. @NICHD_NIH research on youth violence prevention https://t.co/9ZD58zGUhI;1;1.0;1.0;1.0;['violence', 'lead', 'cause', 'death', 'americans', 'yrs', 'old', 'USER', 'research', 'youth', 'violence', 'prevention', 'url']
1220953312867934209;Scientists capture molecular maps of animal tissue with unprecedented detail - https://t.co/5Piti5xYZR - +GENERAL PHYSICS LABORATORY (GPL) Scientists capture molecular maps of animal tissue with unprecedented detail https://t.co/5Piti5xYZR https://t.co/FeqMWdlABN;1;1.0;1.0;1.0;['scientist', 'capture', 'molecular', 'map', 'animal', 'tissue', 'unprecedented', 'detail', 'url', 'general', 'physics', 'laboratory', 'gpl', 'scientist', 'capture', 'molecular', 'map', 'animal', 'tissue', 'unprecedented', 'detail', 'url', 'url']
795078113868783616;The number of lies told by men would decrease significantly if women stopped asking questions;1;1.0;0.0;0.0;['number', 'lie', 'tell', 'man', 'decrease', 'woman', 'stop', 'ask', 'question']
941861778178363394;The forbidden words are “vulnerable,” “entitlement,” “diversity,” “transgender,” “fetus,” “evidence-based” and “science-based.” https://t.co/6Olvpyz5JR;1;0.0;0.0;1.0;['forbidden', 'word', 'vulnerable', 'entitlement', 'diversity', 'transgender', 'fetus', 'evidencebase', 'sciencebase', 'url']
1181963926134759426;Scientists identify molecule that could have helped cells survive—and thrive—on early Earth https://t.co/syWzb76wPx via @physorg_com;1;1.0;1.0;1.0;['scientist', 'identify', 'molecule', 'help', 'cell', 'surviveand', 'thriveon', 'early', 'earth', 'url', 'USER']
974022288365547520;Using a “Cookie” Mentality to Increase Patient Satisfaction and Collect More Payments #techblogs #startups https://t.co/MKoYE4Rlum;1;1.0;0.0;0.0;['cookie', 'mentality', 'increase', 'patient', 'satisfaction', 'collect', 'payment', 'HASHTAG', 'HASHTAG', 'url']
806585328740036609;Up and https://t.co/N2QjTJQ8tU;1;0.0;1.0;1.0;['url']
742975214720552961;Topical application of antiretroviral drug combination prevents transmission of (S)HIV https://t.co/n5ii2xLwTB https://t.co/CBGbo4RyvV;1;1.0;1.0;1.0;['topical', 'application', 'antiretroviral', 'drug', 'combination', 'prevent', 'transmission', 'shiv', 'url', 'url']
1207922461804773376;How New Orleans Reduced Its Homeless Population By 90 Percent https://t.co/N1IGCaCdbw;1;1.0;0.0;0.0;['new', 'orleans', 'reduce', 'homeless', 'population', 'percent', 'url']
1339398314563792900;Vestislav Apostolov, David M. J. Calderbank, Eveline Legendre: Weighted K-stability of polarized varieties and extremality of Sasaki manifolds https://t.co/wd6l9ARN21 https://t.co/rwzu51tW32;1;0.0;1.0;1.0;['vestislav', 'apostolov', 'david', 'calderbank', 'eveline', 'legendre', 'weight', 'kstability', 'polarized', 'variety', 'extremality', 'sasaki', 'manifold', 'url', 'url']
771040787572387841;This technology will stop snoring forever! https://t.co/5UMpF8n4bH;1;1.0;0.0;0.0;['technology', 'stop', 'snore', 'url']
631828683704172545;Farting helps reduce high blood pressure and is good for your health. Isn’t it funny and healthy?  http://t.co/aiAnQvFfiW #physio #herts;1;1.0;0.0;0.0;['fart', 'help', 'reduce', 'high', 'blood', 'pressure', 'good', 'health', 'funny', 'healthy', 'url', 'HASHTAG', 'HASHTAG']
971041555875352576;From March 5 - 9 @FieldsInstitute's workshop on human-environment systems brings together researchers presenting advances on how to protect biodiversity, control species invasions, create resilient ecosystems, and much more. https://t.co/azsmfF9Zda https://t.co/kTUFZCOng0;1;0.0;0.0;1.0;['march', 'user', 'workshop', 'humanenvironment', 'system', 'bring', 'researcher', 'present', 'advance', 'protect', 'biodiversity', 'control', 'specie', 'invasion', 'create', 'resilient', 'ecosystem', 'url', 'url']
825716354585997312;China: The Struggle at the Top | by Andrew J. Nathan | The New York Review of Books https://t.co/DWY8QNvvxg;1;0.0;1.0;1.0;['china', 'struggle', 'andrew', 'nathan', 'new', 'york', 'review', 'book', 'url']
683858206930505728;#EurekaMag Thirteenth Swedish Weed Conference, 1972 https://t.co/tSYYKvd2Sj;1;0.0;1.0;1.0;['HASHTAG', 'thirteenth', 'swedish', 'weed', 'conference', 'url']
1220953312867934209;Scientists capture molecular maps of animal tissue with unprecedented detail - https://t.co/5Piti5xYZR - +GENERAL PHYSICS LABORATORY (GPL) Scientists capture molecular maps of animal tissue with unprecedented detail https://t.co/5Piti5xYZR https://t.co/FeqMWdlABN;1;1.0;1.0;1.0;['scientist', 'capture', 'molecular', 'map', 'animal', 'tissue', 'unprecedented', 'detail', 'url', 'general', 'physics', 'laboratory', 'gpl', 'scientist', 'capture', 'molecular', 'map', 'animal', 'tissue', 'unprecedented', 'detail', 'url', 'url']
509058030869413888;What is the aggregate economic rate of return to foreign #aid? | Channing Arndt, Sam Jones, and Finn Tarp, WIDER http://t.co/xAikUtglDp;1;1.0;1.0;1.0;['aggregate', 'economic', 'rate', 'return', 'foreign', 'HASHTAG', 'channe', 'arndt', 'sam', 'jones', 'finn', 'tarp', 'wide', 'url']
1078774871386177537;#OVER #HORIZON #RADAR could help to produce fast growing #contaminated and #mutated #FOOD and get rid of drinking #WATER https://t.co/ihhYTsKcVA USAID AGRO HORIZON PROJECT, f.e. or some experiments of NASA https://t.co/ztgZwQ0wBD;1;1.0;1.0;1.0;['HASHTAG', 'HASHTAG', 'HASHTAG', 'help', 'produce', 'fast', 'grow', 'HASHTAG', 'HASHTAG', 'HASHTAG', 'rid', 'drink', 'HASHTAG', 'url', 'usaid', 'agro', 'horizon', 'project', 'experiment', 'nasa', 'url']
1149595223250485248;Posted blog with @schweitzer_va on @JAMAInternalMed study on a bundle to improve outcome in patients with community-acquired pneumonia. https://t.co/NSFsadd35G;1;0.0;1.0;1.0;['post', 'blog', 'USER', 'USER', 'study', 'bundle', 'improve', 'outcome', 'patient', 'communityacquired', 'pneumonia', 'url']
683858206930505728;#EurekaMag Thirteenth Swedish Weed Conference, 1972 https://t.co/tSYYKvd2Sj;1;0.0;1.0;1.0;['HASHTAG', 'thirteenth', 'swedish', 'weed', 'conference', 'url']
660967121766125568;#EurekaMag Development of monozoic forms of Echinococcus granulosus during in vitro culture https://t.co/vJ0jFgS586;1;0.0;1.0;1.0;['HASHTAG', 'development', 'monozoic', 'form', 'echinococcus', 'granulosus', 'culture', 'url']
683858206930505728;#EurekaMag Thirteenth Swedish Weed Conference, 1972 https://t.co/tSYYKvd2Sj;1;0.0;1.0;1.0;['HASHTAG', 'thirteenth', 'swedish', 'weed', 'conference', 'url']
597534145808605184;More Sex Doesn’t Lead To More Happiness, Reveals New Study. Surprised? – Tech Times http://t.co/jtKodFKWmV;1;1.0;0.0;0.0;['sex', 'lead', 'happiness', 'reveal', 'new', 'study', 'surprise', 'tech', 'time', 'url']
848697042692169728;The power of science!!!! This is amazing. https://t.co/vXH2gnRTrP;1;0.0;1.0;1.0;['power', 'science', 'amazing', 'url']
683858206930505728;#EurekaMag Thirteenth Swedish Weed Conference, 1972 https://t.co/tSYYKvd2Sj;1;0.0;1.0;1.0;['HASHTAG', 'thirteenth', 'swedish', 'weed', 'conference', 'url']
322694830620807168;Couch-lock highs lead to sleeping in the couch. Gotta stop doing this shit.;1;1.0;0.0;0.0;['couchlock', 'high', 'lead', 'sleep', 'couch', 'get', 'stop', 'shit']
704636168210673665;Proper preparation prevents poor performance;1;1.0;0.0;0.0;['proper', 'preparation', 'prevent', 'poor', 'performance']
935891140875837440;Delaying hip fracture surgery for 1 day tied to slightly higher mortality risk https://t.co/YrMEfiUZJy @JAMA_current https://t.co/KvM67kV1pu;1;1.0;1.0;1.0;['delay', 'hip', 'fracture', 'surgery', 'day', 'tie', 'high', 'mortality', 'risk', 'url', 'USER', 'url']
512605990953697280;This #ImplementationScience article describes an intervention program aimed at reducing late life depression symptom…/buff.ly/1tWWwz9;1;0.0;1.0;1.0;['HASHTAG', 'article', 'describe', 'intervention', 'program', 'aim', 'reduce', 'late', 'life', 'depression', 'symptombuffly1twwwz9']
1276944003901132802;@IffatHasanRizvi @iffat Please read this research analysis https://t.co/2VgsIg8Trp;1;0.0;1.0;1.0;['user', 'USER', 'read', 'research', 'analysis', 'url']
940684900109307904;"October 19, 2017: ""Stem Cell Studies Build Momentum toward Therapy for Age-Associated Frailty"" | Miller School of Medicine | University of Miami https://t.co/4PlKngvGj4 via @UMiamiMedicine #longevity #antiaging #stemcells";1;1.0;1.0;1.0;['october', 'stem', 'cell', 'study', 'build', 'momentum', 'therapy', 'ageassociated', 'frailty', 'miller', 'school', 'medicine', 'university', 'miami', 'url', 'USER', 'HASHTAG', 'HASHTAG', 'HASHTAG']
941861778178363394;The forbidden words are “vulnerable,” “entitlement,” “diversity,” “transgender,” “fetus,” “evidence-based” and “science-based.” https://t.co/6Olvpyz5JR;1;0.0;0.0;1.0;['forbidden', 'word', 'vulnerable', 'entitlement', 'diversity', 'transgender', 'fetus', 'evidencebase', 'sciencebase', 'url']
697437874304581633;Interesting work being done in Boston to identify the ways cancers develop: https://t.co/b09uqZ2dJ1. #beatcancer #melanoma;1;0.0;1.0;1.0;['interesting', 'work', 'boston', 'identify', 'way', 'cancer', 'develop', 'url', 'HASHTAG', 'HASHTAG']
704636168210673665;Proper preparation prevents poor performance;1;1.0;0.0;0.0;['proper', 'preparation', 'prevent', 'poor', 'performance']
509873947156807680;Concussion 'breathalyser' proposed http://t.co/n7T5NeBAdV Published September 11, 2014 at 01:46AM;1;0.0;1.0;1.0;['concussion', 'breathalyser', 'propose', 'url', 'publish', 'september', '0146am']
806585328740036609;Up and https://t.co/N2QjTJQ8tU;1;0.0;1.0;1.0;['url']
933934389024538624;Editorial Overview: Hollow and Porous Materials for Lithium-Ion Battery Anode by Manab Kundu* in Juniper Online Journal Material Science https://t.co/PVxa5hHyB4;1;0.0;1.0;1.0;['editorial', 'overview', 'hollow', 'porous', 'material', 'lithiumion', 'battery', 'anode', 'manab', 'kundu', 'juniper', 'online', 'journal', 'material', 'science', 'url']
771040787572387841;This technology will stop snoring forever! https://t.co/5UMpF8n4bH;1;1.0;0.0;0.0;['technology', 'stop', 'snore', 'url']
880400448645156865;The Rise of bilingual #sciencejournalism #ECSJ2017 @jarimakinen @nuriajar @swaforini @fedkukso https://t.co/3P7gdyQUyb;1;0.0;0.0;1.0;['rise', 'bilingual', 'HASHTAG', 'HASHTAG', 'USER', 'USER', 'USER', 'USER', 'url']
1009228722472271873;Yan-Hong Bao, Yi-Zheng Fan, Yi Wang, Ming Zhu : A Combinatorial Method for Computing Characteristic Polynomials of Starlike Hypergraphs https://t.co/39liwIpQoT;1;0.0;1.0;1.0;['yanhong', 'bao', 'yizheng', 'fan', 'wang', 'ming', 'zhu', 'combinatorial', 'method', 'compute', 'characteristic', 'polynomial', 'starlike', 'hypergraphs', 'url']
1235763801473024004;Freeman J. Dyson, a mathematical prodigy who left his mark on subatomic physics before gaining public renown as a writer and technological visionary, has died https://t.co/IDtWxjBUsk;1;0.0;0.0;1.0;['freeman', 'dyson', 'mathematical', 'prodigy', 'leave', 'mark', 'subatomic', 'physics', 'gain', 'public', 'renown', 'writer', 'technological', 'visionary', 'die', 'url']
899206910846664706;@blynntopsfield wow lots of cancer research supports trump - no surprise;1;0.0;0.0;1.0;['USER', 'lot', 'cancer', 'research', 'support', 'trump', 'surprise']
839139914176479232;#10: RapidKetosis Premium Exogenous Ketone Supplement - Weight Loss Was Never Easier… https://t.co/OoRJlk58BA #Prepared #Foods;1;1.0;0.0;0.0;['HASHTAG', 'rapidketosis', 'exogenous', 'ketone', 'supplement', 'weight', 'loss', 'easy', 'url', 'HASHTAG', 'HASHTAG']
689938236442087424;Did you know that #HighBloodPressure causes #ErectileDysfunction? #menshealth https://t.co/uCUE9RKgUO https://t.co/nkrP6hsLMl;1;1.0;0.0;0.0;['know', 'HASHTAG', 'cause', 'HASHTAG', 'HASHTAG', 'url', 'url']
1035198354962227203;How the Brain and Personality Provide Protection Against Emotional Distress https://t.co/VYN9RBD7rV Personality traits can protect an individual's brain against symptoms of emotional distress, namely depression and anxiety. #psychology #personality #neuroscience #science;1;1.0;1.0;1.0;['brain', 'personality', 'provide', 'protection', 'emotional', 'distress', 'url', 'personality', 'trait', 'protect', 'individual', 'brain', 'symptom', 'emotional', 'distress', 'depression', 'anxiety', 'HASHTAG', 'HASHTAG', 'HASHTAG', 'HASHTAG']
1149293343802720257;I could also add to the pile of evidence thr neurological studies on how poverty affects the brain as shiwn below. This unprecedented study shows how much of an impact the environment can make. https://t.co/is8bzNWQ3P;1;1.0;1.0;1.0;['add', 'pile', 'evidence', 'thr', 'neurological', 'study', 'poverty', 'affect', 'brain', 'shiwn', 'unprecedented', 'study', 'show', 'impact', 'environment', 'url']
1113481529005608960;@DrOlufunmilayo Smoking cannabis helps with controlling the nausea that comes with chemotherapy drugs.;1;1.0;0.0;0.0;['USER', 'smoking', 'cannabis', 'help', 'control', 'nausea', 'come', 'chemotherapy', 'drug']
1236391151977955328;@GreatTammie @RudeRicky @latimes Got houseless? Want to have #PublicHealth for the survival of the human species? HOUSING and HEALTHCARE! #CORONAVIRUS “Oregon’s homeless at risk for coronavirus. The crowded conditions in which the homeless live make them more susceptible to the virus.” https://t.co/KwchIaTGck;1;1.0;0.0;0.0;['user', 'USER', 'USER', 'get', 'houseless', 'want', 'HASHTAG', 'survival', 'human', 'specie', 'housing', 'healthcare', 'HASHTAG', 'oregon', 'homeless', 'risk', 'coronavirus', 'crowd', 'condition', 'homeless', 'live', 'susceptible', 'virus', 'url']
1338450113765789699;This looks like a great opportunity to get research in WASH published, with mentorship available too. Special issue of the H2open journal. https://t.co/DLBrcQx9QB @IWAPublishing #washtwitter #wash #sanitation #water #hygiene #SDGs;1;0.0;0.0;1.0;['look', 'great', 'opportunity', 'research', 'wash', 'publish', 'mentorship', 'available', 'special', 'issue', 'h2open', 'journal', 'url', 'USER', 'HASHTAG', 'HASHTAG', 'HASHTAG', 'HASHTAG', 'HASHTAG', 'HASHTAG']
647419303193501699;Understanding public perceptions of risk regarding outdoor pet cats to inform #conservation action: #AcceptedArticle http://t.co/l5F4yfEVs6;1;0.0;1.0;1.0;['understand', 'public', 'perception', 'risk', 'outdoor', 'pet', 'cat', 'inform', 'HASHTAG', 'action', 'HASHTAG', 'url']
880400448645156865;The Rise of bilingual #sciencejournalism #ECSJ2017 @jarimakinen @nuriajar @swaforini @fedkukso https://t.co/3P7gdyQUyb;1;0.0;0.0;1.0;['rise', 'bilingual', 'HASHTAG', 'HASHTAG', 'USER', 'USER', 'USER', 'USER', 'url']
985580208924307456;Thank you Drs. @dgarmstrong and @bijan_najafi for your guidance! A true honor. | Health Sensors, Smart Home Devices, and the Internet of Medical Things: An Opportunity for Dramatic Improvement in Care for the Lower Extremity Complications of Diabetes. https://t.co/3bCgUBhIRz https://t.co/EKMBlXdl3b;1;1.0;1.0;1.0;['thank', 'drs', 'USER', 'USER', 'guidance', 'true', 'honor', 'health', 'sensor', 'smart', 'home', 'device', 'internet', 'medical', 'thing', 'opportunity', 'dramatic', 'improvement', 'care', 'low', 'extremity', 'complication', 'diabetes', 'url', 'url']
724947320211648512;Volume Caps Pills Male Sex Enhancement Increase Semen Massive Load More Libido - Bid Now! … https://t.co/hV5lrIMrSc https://t.co/bUwQvoOKV4;1;1.0;0.0;0.0;['volume', 'cap', 'pill', 'male', 'sex', 'enhancement', 'increase', 'semen', 'massive', 'load', 'bid', 'url', 'url']
635545969057222656;#ClimateChange & rising temps increase #health #risks in several ways: http://t.co/k83V1EJCHU #climateaction http://t.co/MOzNKxzGmS;1;1.0;1.0;1.0;['HASHTAG', 'rise', 'temp', 'increase', 'HASHTAG', 'HASHTAG', 'way', 'url', 'HASHTAG', 'url']
887340687343067136;Study finds increasing patient engagement can lower adverse events in an ICU setting: https://t.co/3InryC0kuv #ptsafety #patientengagement;1;1.0;1.0;1.0;['study', 'find', 'increase', 'patient', 'engagement', 'lower', 'adverse', 'event', 'icu', 'set', 'url', 'HASHTAG', 'HASHTAG']
690681618109870082;#EurekaMag Influence of dietary protein on susceptibility to alert downer syndrome https://t.co/WbFOCqvmY9;1;1.0;1.0;1.0;['HASHTAG', 'influence', 'dietary', 'protein', 'susceptibility', 'alert', 'downer', 'syndrome', 'url']
848697042692169728;The power of science!!!! This is amazing. https://t.co/vXH2gnRTrP;1;0.0;1.0;1.0;['power', 'science', 'amazing', 'url']
1240241957881987072;"""Optimism is the faith that leads to achievement. Nothing can be done without hope and confidence."" - Helen Keller #AsiManshiDebut";1;1.0;0.0;0.0;['optimism', 'faith', 'lead', 'achievement', 'hope', 'confidence', 'helen', 'keller', 'HASHTAG']
1293769401506791426;"HCQ saves lives! ""Why would the non-doctors, Google, Twitter, Facebook, try to stop people from getting something that really does help people? It certainly helped me."" Rep. Louie Gohmert to Newsmax TV: They Wanted Me to 'Just Die'; HCQ Saved Me https://t.co/39mGOvQyDy";1;1.0;0.0;0.0;['hcq', 'save', 'live', 'nondoctor', 'google', 'twitter', 'facebook', 'try', 'stop', 'people', 'get', 'help', 'people', 'help', 'rep', 'louie', 'gohmert', 'newsmax', 'want', 'die', 'hcq', 'save', 'url']
1046719722694299648;Chiropractic treatment and vision loss - In rare occurrences, forceful manipulation of the neck is linked to a damaging side effect: vision problems and bleeding inside the eye, finds the first published case report of chiropractic care leading to multip… https://t.co/dKWpmCcGRd https://t.co/pok3nsCnKu;1;1.0;1.0;1.0;['chiropractic', 'treatment', 'vision', 'loss', 'rare', 'occurrence', 'forceful', 'manipulation', 'neck', 'link', 'damaging', 'effect', 'vision', 'problem', 'bleed', 'eye', 'find', 'publish', 'case', 'report', 'chiropractic', 'care', 'lead', 'multip', 'url', 'url']
732630765050204160;According to one study, men feel a decrease in sexual attraction from the scent of tears.;1;1.0;0.0;1.0;['accord', 'study', 'man', 'feel', 'decrease', 'sexual', 'attraction', 'scent', 'tear']
1024640058354163712;With our current lifestyle, most of us are sleep deprived, which creates problems like mood disorders, weakened immunity, weight gain and diabetes. A review of 16 studies found that sleeping for less than 6 to 8 hours a night increases the risk of early death by as much as 12%. https://t.co/C7IO1zBm1t;1;1.0;1.0;1.0;['current', 'lifestyle', 'sleep', 'deprive', 'create', 'problem', 'mood', 'disorder', 'weaken', 'immunity', 'weight', 'gain', 'diabete', 'review', 'study', 'find', 'sleep', 'hour', 'night', 'increase', 'risk', 'early', 'death', 'url']
1284313776313884672;@TexCIS @FoxNewsSunday 'Researchers found “no evidence that urban protests reignited Covid-19—cities which had protests saw an increase in social distancing behavior for the overall population—leading to “modest evidence of a small longer-run case growth decline.”' https://t.co/7eVBgYs9Jj;1;1.0;1.0;1.0;['user', 'USER', 'researcher', 'find', 'evidence', 'urban', 'protest', 'reignite', 'covid19citie', 'protest', 'see', 'increase', 'social', 'distancing', 'behavior', 'overall', 'populationleade', 'modest', 'evidence', 'small', 'longerrun', 'case', 'growth', 'decline', 'url']
730683743388766208;Women should not be worried men doing the same job are higher paid, according to this report | via @telegraphnews https://t.co/wEal6Ptv7O;1;1.0;1.0;1.0;['woman', 'worried', 'man', 'job', 'high', 'pay', 'accord', 'report', 'USER', 'url']
732630765050204160;According to one study, men feel a decrease in sexual attraction from the scent of tears.;1;1.0;0.0;1.0;['accord', 'study', 'man', 'feel', 'decrease', 'sexual', 'attraction', 'scent', 'tear']
1294574559430094848;Scientists discover way to make quantum states last 10,000 times longer https://t.co/Q3mvvLt1Sb #ComputerScience;1;1.0;1.0;1.0;['scientist', 'discover', 'way', 'quantum', 'state', 'time', 'long', 'url', 'HASHTAG']
886673109964685312;Does Stress Worsen Chemical Harms in Pregnancy? https://t.co/Rq4HC2fMXU;1;1.0;1.0;1.0;['stress', 'worsen', 'chemical', 'harm', 'pregnancy', 'url']
1182650818345881600;My very first statnews byline Men with breast #cancer have a 19 higher mortality rate than women with the condition. Advocacy groups push for awareness and education to help combat it. httpsbuff.ly2B5PvE8Â: My very first statnews byline Men with breast… https://t.co/uJRXR1dQog;1;1.0;0.0;0.0;['statnews', 'byline', 'man', 'breast', 'HASHTAG', 'high', 'mortality', 'rate', 'woman', 'condition', 'advocacy', 'group', 'push', 'awareness', 'education', 'help', 'combat', 'statnews', 'byline', 'man', 'breast', 'url']
704232939643662337;We've all got an extra day! What'll you do with yours? Why not read Susheila Nasta's intro to our latest issue: https://t.co/xcK5UawcNH;1;0.0;1.0;1.0;['get', 'extra', 'day', 'read', 'susheila', 'nastas', 'intro', 'late', 'issue', 'url']
461827109309399040;LEED-certified buildings are often less energy-efficient than un-certified ones: http://t.co/DXj3ez07x7;1;1.0;0.0;1.0;['leedcertifie', 'building', 'energyefficient', 'uncertified', 'one']
1263308736824668160;@chuckwoolery Yes me, too. Ventilation can be very dangerous, any Pulmonary Dr. will support that. When my husband had cardiac arrest he was on for 6 days, the Pulmonary Physician worked to get him off it ASAP, otherwise body becomes dependent & they may never be able to breath on their own;1;1.0;0.0;0.0;['USER', 'ventilation', 'dangerous', 'pulmonary', 'support', 'husband', 'cardiac', 'arrest', 'day', 'pulmonary', 'physician', 'work', 'asap', 'body', 'dependent', 'able', 'breath']
1313605903464181762;@Ali_at_home @Juneo_x @magoniareview @JuliaHB1 @WomensPrize Trans people support only trans people. Ask Lesbians whose dating sites are infested with men. I don't buy your thinking, you won't persuade me so goodnight.;1;1.0;0.0;0.0;['user', 'USER', 'USER', 'USER', 'USER', 'trans', 'people', 'support', 'trans', 'people', 'ask', 'lesbian', 'date', 'site', 'infest', 'man', 'buy', 'thinking', 'persuade']
704433912022331392;are putting survivors’ lives and health at risk,” says the report, Return to Abuser https://t.co/KZapTjeRNx;1;0.0;1.0;1.0;['put', 'survivor', 'life', 'health', 'risk', 'say', 'report', 'return', 'abuser', 'url']
1074020231293456384;Nobody wants you till they think you’re in a relationship. Ain’t that some reverse psychology shit for you 😂;1;1.0;0.0;0.0;['want', 'think', 'relationship', 'reverse', 'psychology', 'shit']
742368248600002560;The War On Science: What It Is And How To Win It [Greg Laden's Blog]: Thinker, writer, and ind... https://t.co/n0R0dmssXQ #Science #nTLD;1;0.0;0.0;1.0;['war', 'science', 'win', 'greg', 'laden', 'blog', 'thinker', 'writer', 'ind', 'url', 'HASHTAG', 'HASHTAG']
1157736133838737410;@colinelves @d445467j @Dmzmhm20181 @pmdfoster @LDHMarketing @BorisJohnson @Nigel_Farage @brexitparty_uk @SamCoatesSky @EU_Commission The war was caused by indoctrination. Territorial indoctrination by Argentina almost led to war with Chile in 1978, and led to the Falklands War in 1982. Falklands - Argentina's Imaginary Territory (1 pg):- https://t.co/Vz1RYrCvHH;1;1.0;1.0;1.0;['user', 'USER', 'USER', 'USER', 'USER', 'USER', 'USER', 'USER', 'USER', 'USER', 'war', 'cause', 'indoctrination', 'territorial', 'indoctrination', 'argentina', 'lead', 'war', 'chile', 'lead', 'falkland', 'war', 'falkland', 'argentina', 'imaginary', 'territory', 'url']
650847249174433793;The happier you are, the less sleep you require to function in everyday life. Sadness increases the urge to sleep more.;1;1.0;0.0;0.0;['happy', 'sleep', 'require', 'function', 'everyday', 'life', 'sadness', 'increase', 'urge', 'sleep']
1053658867538821120;Fasting or fasting-mimicking diets (FMDs) lead to wide alterations in growth factors and in metabolite levels, generating environments that can reduce the capability of cancer cells to adapt and survive and thus improving the effects of cancer therapies. https://t.co/th6jln5Zyb;1;1.0;1.0;1.0;['fast', 'fastingmimicking', 'diet', 'fmds', 'lead', 'wide', 'alteration', 'growth', 'factor', 'metabolite', 'level', 'generate', 'environment', 'reduce', 'capability', 'cancer', 'cell', 'adapt', 'survive', 'improve', 'effect', 'cancer', 'therapy', 'url']
1024640058354163712;With our current lifestyle, most of us are sleep deprived, which creates problems like mood disorders, weakened immunity, weight gain and diabetes. A review of 16 studies found that sleeping for less than 6 to 8 hours a night increases the risk of early death by as much as 12%. https://t.co/C7IO1zBm1t;1;1.0;1.0;1.0;['current', 'lifestyle', 'sleep', 'deprive', 'create', 'problem', 'mood', 'disorder', 'weaken', 'immunity', 'weight', 'gain', 'diabete', 'review', 'study', 'find', 'sleep', 'hour', 'night', 'increase', 'risk', 'early', 'death', 'url']
724947320211648512;Volume Caps Pills Male Sex Enhancement Increase Semen Massive Load More Libido - Bid Now! … https://t.co/hV5lrIMrSc https://t.co/bUwQvoOKV4;1;1.0;0.0;0.0;['volume', 'cap', 'pill', 'male', 'sex', 'enhancement', 'increase', 'semen', 'massive', 'load', 'bid', 'url', 'url']
1284313776313884672;@TexCIS @FoxNewsSunday 'Researchers found “no evidence that urban protests reignited Covid-19—cities which had protests saw an increase in social distancing behavior for the overall population—leading to “modest evidence of a small longer-run case growth decline.”' https://t.co/7eVBgYs9Jj;1;1.0;1.0;1.0;['user', 'USER', 'researcher', 'find', 'evidence', 'urban', 'protest', 'reignite', 'covid19citie', 'protest', 'see', 'increase', 'social', 'distancing', 'behavior', 'overall', 'populationleade', 'modest', 'evidence', 'small', 'longerrun', 'case', 'growth', 'decline', 'url']
683181686679552001;PROOF That Gun Bans Increase Murder Rates https://t.co/ogYX8lB3xN... https://t.co/Fcq5UNTRhH|mM;1;1.0;0.0;0.0;['proof', 'gun', 'ban', 'increase', 'murder', 'rate', 'url', 'url']
534584777257390081;A fifth of US high school students use tobacco, finds survey http://t.co/CDEj38byNb;1;1.0;1.0;1.0;['fifth', 'high', 'school', 'student', 'use', 'tobacco', 'find', 'survey', 'url']
1334539147579707392;Tightly woven blood vessels in solid tumors can be tough for celluar therapies to penetrate. @PennMedicine research finds that combining CAR T-cell therapy with a PAK4 inhibitor drug allows the engineered cells to break through and attack the tumor. https://t.co/3RpuGJ8dJR;1;1.0;1.0;1.0;['weave', 'blood', 'vessel', 'solid', 'tumor', 'tough', 'celluar', 'therapy', 'penetrate', 'USER', 'research', 'find', 'combine', 'car', 'tcell', 'therapy', 'pak4', 'inhibitor', 'drug', 'allow', 'engineer', 'cell', 'break', 'attack', 'tumor', 'url']
322694830620807168;Couch-lock highs lead to sleeping in the couch. Gotta stop doing this shit.;1;1.0;0.0;0.0;['couchlock', 'high', 'lead', 'sleep', 'couch', 'get', 'stop', 'shit']
1178718161438298112;@Tehelka Couldn’t agree more! Kudos to @narendramodi for speaking his #MannkiBaat about this. #VapeFreeFuture https://t.co/ovhCLTDufG;1;0.0;1.0;1.0;['USER', 'agree', 'kudo', 'USER', 'speak', 'HASHTAG', 'HASHTAG', 'url']
1031107340207116288;Babies cannot speak so parents never know the severity of their illnesses. When a baby shows minor signs of struggling to breathe, it should be treated as an emergency. https://t.co/9leiAbvi34;1;1.0;0.0;0.0;['baby', 'speak', 'parent', 'know', 'severity', 'illness', 'baby', 'show', 'minor', 'sign', 'struggle', 'breathe', 'treat', 'emergency', 'url']
715088923232317440;Nanotechnology the new weapon in fighting cancer? https://t.co/KsP8rk4THD;1;1.0;1.0;1.0;['nanotechnology', 'new', 'weapon', 'fight', 'cancer', 'url']
455624643052056576;Neurobiological Bases of Abnormal Aggression and Violent Behaviour http://t.co/NWDSQy95AT;1;0.0;1.0;1.0;['neurobiological', 'basis', 'abnormal', 'aggression', 'violent', 'behaviour', 'url']
771040787572387841;This technology will stop snoring forever! https://t.co/5UMpF8n4bH;1;1.0;0.0;0.0;['technology', 'stop', 'snore', 'url']
345226308780974081;"""@TheFactsBook: Drinking chocolate milk has been proven to help relieve muscle soreness after a workout.""@dietervoigtsa dink jy dis waar?";1;1.0;0.0;0.0;['USER', 'drink', 'chocolate', 'milk', 'prove', 'help', 'relieve', 'muscle', 'soreness', 'dink', 'dis', 'waar']
971041555875352576;From March 5 - 9 @FieldsInstitute's workshop on human-environment systems brings together researchers presenting advances on how to protect biodiversity, control species invasions, create resilient ecosystems, and much more. https://t.co/azsmfF9Zda https://t.co/kTUFZCOng0;1;0.0;0.0;1.0;['march', 'user', 'workshop', 'humanenvironment', 'system', 'bring', 'researcher', 'present', 'advance', 'protect', 'biodiversity', 'control', 'specie', 'invasion', 'create', 'resilient', 'ecosystem', 'url', 'url']
650847249174433793;The happier you are, the less sleep you require to function in everyday life. Sadness increases the urge to sleep more.;1;1.0;0.0;0.0;['happy', 'sleep', 'require', 'function', 'everyday', 'life', 'sadness', 'increase', 'urge', 'sleep']
730683743388766208;Women should not be worried men doing the same job are higher paid, according to this report | via @telegraphnews https://t.co/wEal6Ptv7O;1;1.0;1.0;1.0;['woman', 'worried', 'man', 'job', 'high', 'pay', 'accord', 'report', 'USER', 'url']
1178718161438298112;@Tehelka Couldn’t agree more! Kudos to @narendramodi for speaking his #MannkiBaat about this. #VapeFreeFuture https://t.co/ovhCLTDufG;1;0.0;1.0;1.0;['USER', 'agree', 'kudo', 'USER', 'speak', 'HASHTAG', 'HASHTAG', 'url']
919340097409028096;82% of Americans support a pathway to citizenship! We have to remove the fear & #ProtectDREAMErs now. #AxeFiles;1;1.0;0.0;0.0;['americans', 'support', 'pathway', 'citizenship', 'remove', 'fear', 'HASHTAG', 'HASHTAG']
705329755093135360;Magnetic resonance imaging findings in giant cell arteritis https://t.co/OsXoRZ7Jbq #oftalmologia;1;0.0;1.0;1.0;['magnetic', 'resonance', 'imaging', 'finding', 'giant', 'cell', 'arteritis', 'url', 'HASHTAG']
742975214720552961;Topical application of antiretroviral drug combination prevents transmission of (S)HIV https://t.co/n5ii2xLwTB https://t.co/CBGbo4RyvV;1;1.0;1.0;1.0;['topical', 'application', 'antiretroviral', 'drug', 'combination', 'prevent', 'transmission', 'shiv', 'url', 'url']
512605990953697280;This #ImplementationScience article describes an intervention program aimed at reducing late life depression symptom…/buff.ly/1tWWwz9;1;0.0;1.0;1.0;['HASHTAG', 'article', 'describe', 'intervention', 'program', 'aim', 'reduce', 'late', 'life', 'depression', 'symptombuffly1twwwz9']
686166231758442496;#Severe fibromyalgia symptoms linked to obesity, weight gain - https://t.co/NZG7iqYpas https://t.co/rnTKnmhL2V;1;1.0;0.0;0.0;['HASHTAG', 'fibromyalgia', 'symptom', 'link', 'obesity', 'weight', 'gain', 'url', 'url']
773851222902206465;Danish data and fantastic Australian collaborators to look at traumatic versus non-traumatic neck pain https://t.co/fwPcSyUdPC;1;0.0;1.0;1.0;['danish', 'datum', 'fantastic', 'australian', 'collaborator', 'look', 'traumatic', 'nontraumatic', 'neck', 'pain', 'url']
685064182602018816;Upright positions in the first stage of labour reduces the duration of labour and the risk of C-section https://t.co/Xua1F6CqUz;1;1.0;1.0;1.0;['upright', 'position', 'stage', 'labour', 'reduce', 'duration', 'labour', 'risk', 'csection', 'url']
578540328224845824;"via @medical_xpress A new in vitro (test tube) study, ""Dietary functional benefits of Bartlet... http://t.co/Qv1C1GjQin #UFO4UBlogHealth";1;0.0;1.0;1.0;['USER', 'new', 'test', 'tube', 'study', 'dietary', 'functional', 'benefit', 'bartlet', 'url', 'HASHTAG']
683858206930505728;#EurekaMag Thirteenth Swedish Weed Conference, 1972 https://t.co/tSYYKvd2Sj;1;0.0;1.0;1.0;['HASHTAG', 'thirteenth', 'swedish', 'weed', 'conference', 'url']
662527981668007936;#EurekaMag Consumption and fate of aflatoxin B1 by lactating cows https://t.co/uhkkIHRBkN;1;0.0;1.0;1.0;['HASHTAG', 'consumption', 'fate', 'aflatoxin', 'lactate', 'cow', 'url']
1273308506804948992;The suicide rate is higher because of lack of opportunities, unemployment a faulty healthcare system, men feeling expendable and lack of fathers. How is this going to address any of that? America is low on the happiness index. https://t.co/RdybLtFb1Q;1;1.0;0.0;0.0;['suicide', 'rate', 'high', 'lack', 'opportunity', 'unemployment', 'faulty', 'healthcare', 'system', 'man', 'feel', 'expendable', 'lack', 'father', 'address', 'america', 'low', 'happiness', 'index', 'url']
1031107340207116288;Babies cannot speak so parents never know the severity of their illnesses. When a baby shows minor signs of struggling to breathe, it should be treated as an emergency. https://t.co/9leiAbvi34;1;1.0;0.0;0.0;['baby', 'speak', 'parent', 'know', 'severity', 'illness', 'baby', 'show', 'minor', 'sign', 'struggle', 'breathe', 'treat', 'emergency', 'url']
945702498295209984;The history of 'imperfect children': special issue of @SSHMedicine with free article on ADHD around the world by @mpcsmith https://t.co/kjsmhlE2Xj;1;0.0;1.0;1.0;['history', 'imperfect', 'child', 'special', 'issue', 'USER', 'free', 'article', 'adhd', 'world', 'USER', 'url']
683181686679552001;PROOF That Gun Bans Increase Murder Rates https://t.co/ogYX8lB3xN... https://t.co/Fcq5UNTRhH|mM;1;1.0;0.0;0.0;['proof', 'gun', 'ban', 'increase', 'murder', 'rate', 'url', 'url']
650847249174433793;The happier you are, the less sleep you require to function in everyday life. Sadness increases the urge to sleep more.;1;1.0;0.0;0.0;['happy', 'sleep', 'require', 'function', 'everyday', 'life', 'sadness', 'increase', 'urge', 'sleep']
746095998754136064;How one state is becoming a leader in managing revenue volatility: https://t.co/rJ9qbNo6HB https://t.co/hgbaqkMQOO;1;0.0;1.0;1.0;['state', 'leader', 'manage', 'revenue', 'volatility', 'url', 'url']
1293769401506791426;"HCQ saves lives! ""Why would the non-doctors, Google, Twitter, Facebook, try to stop people from getting something that really does help people? It certainly helped me."" Rep. Louie Gohmert to Newsmax TV: They Wanted Me to 'Just Die'; HCQ Saved Me https://t.co/39mGOvQyDy";1;1.0;0.0;0.0;['hcq', 'save', 'live', 'nondoctor', 'google', 'twitter', 'facebook', 'try', 'stop', 'people', 'get', 'help', 'people', 'help', 'rep', 'louie', 'gohmert', 'newsmax', 'want', 'die', 'hcq', 'save', 'url']
1326505338338729985;The lack of a monetary price for the negative consequences of burning fossil fuels should be seen as a subsidy for fossil fuels. These are the key findings of the IMF paper ‘How Large Are Global Fossil Fuel Subsidies?’ https://t.co/JzgcgEpQhh https://t.co/bdK679u1ae;1;1.0;1.0;1.0;['lack', 'monetary', 'price', 'negative', 'consequence', 'burn', 'fossil', 'fuel', 'see', 'subsidy', 'fossil', 'fuel', 'key', 'finding', 'imf', 'paper', 'large', 'global', 'fossil', 'fuel', 'subsidy', 'url', 'url']
1263308736824668160;@chuckwoolery Yes me, too. Ventilation can be very dangerous, any Pulmonary Dr. will support that. When my husband had cardiac arrest he was on for 6 days, the Pulmonary Physician worked to get him off it ASAP, otherwise body becomes dependent & they may never be able to breath on their own;1;1.0;0.0;0.0;['USER', 'ventilation', 'dangerous', 'pulmonary', 'support', 'husband', 'cardiac', 'arrest', 'day', 'pulmonary', 'physician', 'work', 'asap', 'body', 'dependent', 'able', 'breath']
864895567956029440;Want to fight homelessness? Prevent displacement. Research on San Mateo County out today: https://t.co/VerZkDs2jI via @UCBDisplacement;1;1.0;1.0;1.0;['want', 'fight', 'homelessness', 'prevent', 'displacement', 'research', 'san', 'mateo', 'county', 'today', 'url', 'USER']
1188661895948992512;Repeat after me: - Maps & No-Maps DO NOT belong in the LGBT+ - That is only comfirming established bias from anti-lgbt+ groups thus hurting our growth - Pedophilia is a form of mental disorder and IS TREATABLE. - Pedos are not oppressed. - We have the right to protect ourselves;1;1.0;0.0;0.0;['repeat', 'map', 'belong', 'lgbt', 'comfirme', 'establish', 'bias', 'antilgbt', 'group', 'hurt', 'growth', 'pedophilia', 'form', 'mental', 'disorder', 'treatable', 'pedo', 'oppress', 'right', 'protect']
785285499598544896;Empowering peace: service provision and state legitimacy in #Nepal’s peace-building process https://t.co/V9D27wEMTD https://t.co/N1M2WNSIhh;1;0.0;1.0;1.0;['empower', 'peace', 'service', 'provision', 'state', 'legitimacy', 'HASHTAG', 'peacebuilding', 'process', 'url', 'url']
919340097409028096;82% of Americans support a pathway to citizenship! We have to remove the fear & #ProtectDREAMErs now. #AxeFiles;1;1.0;0.0;0.0;['americans', 'support', 'pathway', 'citizenship', 'remove', 'fear', 'HASHTAG', 'HASHTAG']
804268948875345920;Indian real estate to see an increase of 4.2 mn units across 8 cities in the next 5 years » https://t.co/wFX4fWcUyk;1;1.0;0.0;0.0;['indian', 'real', 'estate', 'increase', 'unit', 'city', 'year', 'url']
773851222902206465;Danish data and fantastic Australian collaborators to look at traumatic versus non-traumatic neck pain https://t.co/fwPcSyUdPC;1;0.0;1.0;1.0;['danish', 'datum', 'fantastic', 'australian', 'collaborator', 'look', 'traumatic', 'nontraumatic', 'neck', 'pain', 'url']
568800068360282112;The House science committee anti-NSF witch hunt is now demanding information on grants in the physical sciences. http://t.co/2tfH4XUeLk;1;0.0;0.0;1.0;['house', 'science', 'committee', 'antinsf', 'witch', 'hunt', 'demand', 'information', 'grant', 'physical', 'science', 'url']
1140306029160423424;QUOTE “I observed this 2,500-year-old shaman, and he had mortar that had been caked in cannabis with him. That was a remarkable find.” END QUOTE https://t.co/ZKkwI6KW0F;1;0.0;1.0;1.0;['observe', 'shaman', 'mortar', 'cake', 'cannabis', 'remarkable', 'find', 'end', 'quote', 'url']
1110781653889089536;Tourists watch as 18 green turtles are released into the wild on Indonesia's Bali island. The turtles - listed as endangered - were rescued from wildlife smugglers. An estimated 50,000 turtles are killed in Southeast Asia (particularly in Bali) a year, WWF reports https://t.co/RuEdd6CDb4;1;1.0;1.0;1.0;['tourist', 'watch', 'green', 'turtle', 'release', 'wild', 'indonesias', 'bali', 'island', 'turtle', 'list', 'endanger', 'rescue', 'wildlife', 'smuggler', 'estimate', 'turtle', 'kill', 'southeast', 'asia', 'bali', 'year', 'wwf', 'report', 'url']
1178718161438298112;@Tehelka Couldn’t agree more! Kudos to @narendramodi for speaking his #MannkiBaat about this. #VapeFreeFuture https://t.co/ovhCLTDufG;1;0.0;1.0;1.0;['USER', 'agree', 'kudo', 'USER', 'speak', 'HASHTAG', 'HASHTAG', 'url']
710962814018568193;How is @UChicagoIME shaping the future of science? Find out on April 6: https://t.co/bUwFwv58SO https://t.co/tLCunXaU4n;1;0.0;0.0;1.0;['USER', 'shape', 'future', 'science', 'find', 'april', 'url', 'url']
867767699908075520;Cycling is SAFE, it's the infrastructure & cars that are dangerous. #BicycleEquity Let's control the narrative! https://t.co/qEuuTxitj7;1;1.0;1.0;1.0;['cycling', 'safe', 'infrastructure', 'car', 'dangerous', 'HASHTAG', 'control', 'narrative', 'url']
704232939643662337;We've all got an extra day! What'll you do with yours? Why not read Susheila Nasta's intro to our latest issue: https://t.co/xcK5UawcNH;1;0.0;1.0;1.0;['get', 'extra', 'day', 'read', 'susheila', 'nastas', 'intro', 'late', 'issue', 'url']
442207643893903360;Spice up your diet for greater fat loss: http://t.co/la5L94hm8p;1;1.0;1.0;1.0;['spice', 'diet', 'great', 'fat', 'loss', 'url']
818219492887199745;Pain changes people.;1;1.0;0.0;0.0;['pain', 'change', 'people']
1336903053362954241;Three systematic reviews & the WHO contradict the claims in this thread https://t.co/wOGfvARgx5 & https://t.co/GlaSLR4D5z & https://t.co/DYJiRgbsdI & WHO (next tweet) Yet, a crafted message promoting fear, that will harm kids for decades, has 2,000 RTs Unbelievable;1;0.0;1.0;1.0;['systematic', 'review', 'contradict', 'claim', 'thread', 'url', 'url', 'url', 'tweet', 'craft', 'message', 'promote', 'fear', 'harm', 'kid', 'decade', 'unbelievable']
1340455669443350528;@LaylaFanucci @realDonaldTrump I'm sorry but we DO NOT have 1/4 of million dead from covid. Total deaths in the U.S.. are actually lower this yr than yrs before. Do some research on your own and quit believing everything you hear on the news.;1;1.0;0.0;0.0;['user', 'USER', 'sorry', 'dead', 'covid', 'total', 'death', 'low', 'yrs', 'research', 'quit', 'believe', 'hear', 'news']
397206548943867905;@khushsundar Do u think legalising prostitution in all states will decrease sexual abusing. Pls give me s reply mam.;1;1.0;0.0;0.0;['USER', 'think', 'legalise', 'prostitution', 'state', 'decrease', 'sexual', 'abuse', 'reply', 'mam']
983345042721931269;Just touched down in Japan to visit Fukushima. One of the most surprising things I've learned is about non-radiation related harms, often due to misunderstandings *of* radiation. Social determinants of health are ignored, to everyone's peril. So complex. https://t.co/ehy4uJvkjx https://t.co/fOAojXm1UJ;1;0.0;1.0;1.0;['touch', 'japan', 'visit', 'fukushima', 'surprising', 'thing', 'learn', 'nonradiation', 'relate', 'harm', 'misunderstanding', 'radiation', 'social', 'determinant', 'health', 'ignore', 'everyone', 'peril', 'complex', 'url', 'url']
764986742118113281;Reading facebook comments for 20 minutes is scientifically proven to drop your IQ by more than 52%.;1;1.0;0.0;0.0;['read', 'facebook', 'comment', 'minute', 'prove', 'drop']
458622450537074688;Dark Skin May Be A Protector Against Cancer http://t.co/lrC8Rsuyqz;1;1.0;0.0;0.0;['dark', 'skin', 'protector', 'cancer', 'url']
958293075029385216;Gender Discrimination in Science Is Especially Common https://t.co/o8rITBjcSs A new @pewresearch report shows women face more workplace hurdles in STEM jobs than in non-STEM jobs. Via @500womensci https://t.co/IKjDV9hsNz;1;1.0;1.0;1.0;['gender', 'discrimination', 'science', 'common', 'url', 'new', 'USER', 'report', 'show', 'woman', 'face', 'workplace', 'hurdle', 'stem', 'job', 'nonstem', 'job', 'USER', 'url']
1323286986233360386;With 948 new cases of #COVID19 reported today, Ontario's seven-day-average trend is still on the rise. https://t.co/5RtV894Ijr #covid19ontario https://t.co/gHlzlUr8wK;1;1.0;1.0;1.0;['new', 'case', 'HASHTAG', 'report', 'today', 'ontario', 'sevendayaverage', 'trend', 'rise', 'url', 'HASHTAG', 'url']
505360614370586626;Desperate climate scam scientists explain away record high Antarctic sea ice extent as being caused by global warming http://t.co/WyqS6AzLIY;1;1.0;1.0;1.0;['desperate', 'climate', 'scam', 'scientist', 'explain', 'record', 'high', 'antarctic', 'sea', 'ice', 'extent', 'cause', 'global', 'warming', 'url']
1055135863682740224;Major new funding and a race and oral histories project for UCSD's new Institute of Arts & Humanities, a spooky events guide, tonight's (!) Vi Khi Nao reading at SDSU, and more for my first @voiceofsandiego Culture Report https://t.co/WESXjIUreb;1;0.0;0.0;1.0;['major', 'new', 'funding', 'race', 'oral', 'history', 'project', 'ucsds', 'new', 'institute', 'arts', 'humanity', 'spooky', 'event', 'guide', 'tonight', 'khi', 'nao', 'reading', 'sdsu', 'USER', 'culture', 'report', 'url']
1118968215512727552;.@biorxivpreprint : Primary infection with dengue or #Zika virus does not affect the severity of heterologous secondary infection in macaques. https://t.co/XxWOinyCSd https://t.co/s41FqyHpNp;1;1.0;1.0;1.0;['USER', 'primary', 'infection', 'dengue', 'HASHTAG', 'virus', 'affect', 'severity', 'heterologous', 'secondary', 'infection', 'macaque', 'url', 'url']
419047430718373888;.@GreenJournal study show this infection can increase risk of strokes and heart attacks http://t.co/OnPKAwpomh;1;1.0;1.0;1.0;['USER', 'study', 'infection', 'increase', 'risk', 'stroke', 'heart', 'attack', 'url']
943208079038001153;Smoke-free laws might actually be curbing the number of lung cancer cases! https://t.co/sHYKOfnkLf;1;1.0;1.0;1.0;['smokefree', 'law', 'curb', 'number', 'lung', 'cancer', 'case', 'url']
1110781653889089536;Tourists watch as 18 green turtles are released into the wild on Indonesia's Bali island. The turtles - listed as endangered - were rescued from wildlife smugglers. An estimated 50,000 turtles are killed in Southeast Asia (particularly in Bali) a year, WWF reports https://t.co/RuEdd6CDb4;1;1.0;1.0;1.0;['tourist', 'watch', 'green', 'turtle', 'release', 'wild', 'indonesias', 'bali', 'island', 'turtle', 'list', 'endanger', 'rescue', 'wildlife', 'smuggler', 'estimate', 'turtle', 'kill', 'southeast', 'asia', 'bali', 'year', 'wwf', 'report', 'url']
1128477362457329665;A newly discovered species of scansoriopterygid dinosaur with bat-like wings is described in Nature. This specimen provides further evidence that dinosaurs closely related to birds experimented with different wing structures near the origins of flight. https://t.co/hQTV6amDuF https://t.co/MtWeqofNEb;1;1.0;1.0;1.0;['discover', 'specie', 'scansoriopterygid', 'dinosaur', 'batlike', 'wing', 'describe', 'nature', 'speciman', 'provide', 'evidence', 'dinosaur', 'related', 'bird', 'experiment', 'different', 'wing', 'structure', 'origin', 'flight', 'url', 'url']
635545969057222656;#ClimateChange & rising temps increase #health #risks in several ways: http://t.co/k83V1EJCHU #climateaction http://t.co/MOzNKxzGmS;1;1.0;1.0;1.0;['HASHTAG', 'rise', 'temp', 'increase', 'HASHTAG', 'HASHTAG', 'way', 'url', 'HASHTAG', 'url']
1123623968462856192;@katythakkar1 @NeilWoodward20 PALM by @AndersonWinkler —> https://t.co/fSN9cntWvB. We used it successfully for this purpose via non-parametric route. Highly recommended piece of remarkably powerful statistical inference software.;1;0.0;0.0;1.0;['USER', 'USER', 'palm', 'USER', 'url', 'purpose', 'nonparametric', 'route', 'recommend', 'piece', 'powerful', 'statistical', 'inference', 'software']
1326974458939191297;Despite the risks associated with their use, #benzodiazepines remain used more widely than wisely. Read all about it in the #DrugSafety article here: https://t.co/XAqb8YiT30;1;1.0;1.0;1.0;['risk', 'associate', 'use', 'HASHTAG', 'remain', 'read', 'HASHTAG', 'article', 'url']
1218137579767332865;Discuss. https://t.co/dCbMs4MjB6;1;0.0;1.0;1.0;['discuss', 'url']
1178718161438298112;@Tehelka Couldn’t agree more! Kudos to @narendramodi for speaking his #MannkiBaat about this. #VapeFreeFuture https://t.co/ovhCLTDufG;1;0.0;1.0;1.0;['USER', 'agree', 'kudo', 'USER', 'speak', 'HASHTAG', 'HASHTAG', 'url']
730683743388766208;Women should not be worried men doing the same job are higher paid, according to this report | via @telegraphnews https://t.co/wEal6Ptv7O;1;1.0;1.0;1.0;['woman', 'worried', 'man', 'job', 'high', 'pay', 'accord', 'report', 'USER', 'url']
333266791960809472;“Traffic Jam” In Brain’s Neurons Could Be Cause Of Statin-Related Cognitive Decline http://t.co/kQ3XPdePKX;1;1.0;1.0;1.0;['traffic', 'jam', 'brain', 'neuron', 'cause', 'statinrelate', 'cognitive', 'decline', 'url']
444915993132142592;@nma08244 Small step for man, quantum leap for particle kind! http://t.co/aVhtJyxr1Y & http://t.co/YTULs3Xoc6 http://t.co/iXTn0CjehM;1;0.0;1.0;1.0;['USER', 'small', 'step', 'man', 'quantum', 'leap', 'particle', 'kind', 'url', 'url', 'url']
862030957385310208;Lack of free will and unwillingness to exercise it are functionally equivalent.;1;1.0;0.0;0.0;['lack', 'free', 'unwillingness', 'exercise', 'equivalent']
504475144799399936;Overthinking leads to negative thoughts.;1;1.0;0.0;0.0;['overthinke', 'lead', 'negative', 'thought']
375599373771898880;Sleep 'boosts brain cell numbers' http://t.co/5d9b6G1vob;1;1.0;1.0;1.0;['sleep', 'boost', 'brain', 'cell', 'number', 'url']
806585328740036609;Up and https://t.co/N2QjTJQ8tU;1;0.0;1.0;1.0;['url']
935891140875837440;Delaying hip fracture surgery for 1 day tied to slightly higher mortality risk https://t.co/YrMEfiUZJy @JAMA_current https://t.co/KvM67kV1pu;1;1.0;1.0;1.0;['delay', 'hip', 'fracture', 'surgery', 'day', 'tie', 'high', 'mortality', 'risk', 'url', 'USER', 'url']
764986742118113281;Reading facebook comments for 20 minutes is scientifically proven to drop your IQ by more than 52%.;1;1.0;0.0;0.0;['read', 'facebook', 'comment', 'minute', 'prove', 'drop']
490727800832151552;"Adversity causes some men to break; others to break records.";1;1.0;0.0;0.0;['adversity', 'cause', 'man', 'break', 'break', 'record']
1338483958397480972;Highly prestigious and competitive awards funded by the European Union to support scholars in pursuing ground breaking research have been made to five Edinburgh academics. @ERC_Research https://t.co/D9ngBbxLQS;1;0.0;0.0;1.0;['prestigious', 'competitive', 'award', 'fund', 'european', 'union', 'support', 'scholar', 'pursue', 'ground', 'break', 'research', 'edinburgh', 'academic', 'USER', 'url']
334350038090276864;The effect of climate change on iceberg production by Greenland glaciers http://t.co/CtnPhcmD7c;1;0.0;1.0;1.0;['effect', 'climate', 'change', 'iceberg', 'production', 'greenland', 'glacier', 'url']
650847249174433793;The happier you are, the less sleep you require to function in everyday life. Sadness increases the urge to sleep more.;1;1.0;0.0;0.0;['happy', 'sleep', 'require', 'function', 'everyday', 'life', 'sadness', 'increase', 'urge', 'sleep']
971041555875352576;From March 5 - 9 @FieldsInstitute's workshop on human-environment systems brings together researchers presenting advances on how to protect biodiversity, control species invasions, create resilient ecosystems, and much more. https://t.co/azsmfF9Zda https://t.co/kTUFZCOng0;1;0.0;0.0;1.0;['march', 'user', 'workshop', 'humanenvironment', 'system', 'bring', 'researcher', 'present', 'advance', 'protect', 'biodiversity', 'control', 'specie', 'invasion', 'create', 'resilient', 'ecosystem', 'url', 'url']
455624643052056576;Neurobiological Bases of Abnormal Aggression and Violent Behaviour http://t.co/NWDSQy95AT;1;0.0;1.0;1.0;['neurobiological', 'basis', 'abnormal', 'aggression', 'violent', 'behaviour', 'url']
1113481529005608960;@DrOlufunmilayo Smoking cannabis helps with controlling the nausea that comes with chemotherapy drugs.;1;1.0;0.0;0.0;['USER', 'smoking', 'cannabis', 'help', 'control', 'nausea', 'come', 'chemotherapy', 'drug']
1293769401506791426;"HCQ saves lives! ""Why would the non-doctors, Google, Twitter, Facebook, try to stop people from getting something that really does help people? It certainly helped me."" Rep. Louie Gohmert to Newsmax TV: They Wanted Me to 'Just Die'; HCQ Saved Me https://t.co/39mGOvQyDy";1;1.0;0.0;0.0;['hcq', 'save', 'live', 'nondoctor', 'google', 'twitter', 'facebook', 'try', 'stop', 'people', 'get', 'help', 'people', 'help', 'rep', 'louie', 'gohmert', 'newsmax', 'want', 'die', 'hcq', 'save', 'url']
1174979557473972224;Millions of children are expected to take part in a global #climatestrike today. How important is individual action in the face of climate change? https://t.co/42iVnnopG2;1;1.0;1.0;1.0;['million', 'child', 'expect', 'global', 'HASHTAG', 'today', 'important', 'individual', 'action', 'face', 'climate', 'change', 'url']
832017314908405760;#prnewswire Additional results from pivotal RA-BEAM study published in New England https://t.co/C2iSu6FTEi;1;0.0;1.0;1.0;['HASHTAG', 'additional', 'result', 'pivotal', 'rabeam', 'study', 'publish', 'new', 'england', 'url']
631725730326552576;Weed: Good for the Bones? YES! by Stephanie Pappas, Live Science Contributor http://t.co/L4pERvnmmo http://t.co/pPBGZwZLBG;1;1.0;1.0;1.0;['weed', 'good', 'bone', 'stephanie', 'pappa', 'live', 'science', 'contributor', 'url', 'url']
650847249174433793;The happier you are, the less sleep you require to function in everyday life. Sadness increases the urge to sleep more.;1;1.0;0.0;0.0;['happy', 'sleep', 'require', 'function', 'everyday', 'life', 'sadness', 'increase', 'urge', 'sleep']
850025269234741253;Is feminism getting closer to #neoliberalism & #capitalism today than the 70s? Nanette Funk challenges Nancy Fraser https://t.co/l0eTgsE53a;1;1.0;1.0;1.0;['feminism', 'get', 'close', 'HASHTAG', 'HASHTAG', 'today', 'nanette', 'funk', 'challenge', 'nancy', 'fraser', 'url']
685064182602018816;Upright positions in the first stage of labour reduces the duration of labour and the risk of C-section https://t.co/Xua1F6CqUz;1;1.0;1.0;1.0;['upright', 'position', 'stage', 'labour', 'reduce', 'duration', 'labour', 'risk', 'csection', 'url']
857656545974398976;student athletes are a different species https://t.co/vDa7gpwZgk;1;1.0;0.0;0.0;['student', 'athlete', 'different', 'specie', 'url']
1026889103709630466;@anshulkundaje @NipsConference Would love to see MLCB as a full conference, with workshops in genomics, immunology, &c.;1;0.0;0.0;1.0;['user', 'USER', 'love', 'mlcb', 'conference', 'workshop', 'genomics', 'immunology']
773851222902206465;Danish data and fantastic Australian collaborators to look at traumatic versus non-traumatic neck pain https://t.co/fwPcSyUdPC;1;0.0;1.0;1.0;['danish', 'datum', 'fantastic', 'australian', 'collaborator', 'look', 'traumatic', 'nontraumatic', 'neck', 'pain', 'url']
1042581032828981249;"@YvanDutil @PolAnimalAus @suckmysav @Dinkeldash @dvibrationz @CrispyCX @CJlegalBeagle @miked194765 @thefutureBigly @FredFoxyGuy @FriendsOScience @peden_c @blaubok @GillesnFio @RushhourP @HansConser @mspence6 @EthonRaptor @RegimeChangeBC @JPolov @NikolovScience @Pork_Kebab @CentralFLBoy @LifeIsThermal @prof_SJGreene @bjjuhl58 @alan_poirier @ned2au @Calimer0c0mplex @NDPnomore @SimonMaxfield8 @The_ClimateGuy @DarrenBurchill @SteveSGoddard @tigerzntl @brandondaly2018 @L_Wallace12 @StuartBirdman2 @WeiZhangAtmos @Jimmyha33 @SnakeBi14457783 @CriticalStress_ @HaddockAdhoc @Dan55645 @JohnPisulaMBA @Billybobtn @TammyJParadis @MdulaOblngotcha @drwaheeduddin @ViscountRedmund Another Nobel Laureate, Dr Kary Mullis, on the BS of AGW. ""Climatology is a joke"" https://t.co/do01dxQIC0";1;1.0;0.0;1.0;['user', 'USER', 'USER', 'USER', 'USER', 'USER', 'USER', 'USER', 'USER', 'USER', 'USER', 'USER', 'USER', 'USER', 'USER', 'USER', 'USER', 'USER', 'USER', 'USER', 'USER', 'USER', 'USER', 'USER', 'USER', 'USER', 'USER', 'USER', 'USER', 'USER', 'USER', 'USER', 'USER', 'USER', 'USER', 'USER', 'USER', 'USER', 'USER', 'USER', 'USER', 'USER', 'USER', 'USER', 'USER', 'USER', 'USER', 'USER', 'USER', 'USER', 'nobel', 'laureate', 'kary', 'mullis', 'agw', 'climatology', 'joke', 'url']
1235690411026345984;@ComfortablySmug @EricTrump While Trump didn't explicitly say that sick Americans should go to work, he did state that those with mild coronavirus cases can still recover while going about their daily lives — an assertion that contradicts public health officials' recommendations on how to manage the illness;1;1.0;0.0;0.0;['user', 'USER', 'trump', 'sick', 'americans', 'work', 'state', 'mild', 'coronavirus', 'case', 'recover', 'daily', 'life', 'assertion', 'contradict', 'public', 'health', 'official', 'recommendation', 'manage', 'illness']
704232939643662337;We've all got an extra day! What'll you do with yours? Why not read Susheila Nasta's intro to our latest issue: https://t.co/xcK5UawcNH;1;0.0;1.0;1.0;['get', 'extra', 'day', 'read', 'susheila', 'nastas', 'intro', 'late', 'issue', 'url']
378087292306337792;Versatile microRNAs Choke Off Cancer Blood Supply, Suppress Metastasis - Science Daily (press release) http://t.co/EFAfQCE57H;1;1.0;1.0;1.0;['versatile', 'microrna', 'choke', 'cancer', 'blood', 'supply', 'suppress', 'metastasis', 'science', 'daily', 'press', 'release', 'url']
1115564965652574208;BioTechnology – Efficient Stem Cells Can Grow in Animals https://t.co/W5yE3owX8R https://t.co/K24KwiCfXF;1;1.0;0.0;1.0;['biotechnology', 'efficient', 'stem', 'cell', 'grow', 'animal', 'url', 'url']
940635650746978305;The Arctic is getting warmer twice as fast as the rest of the planet. And that could cause more drought in California https://t.co/32Rwk7k2el https://t.co/vGawmL0vSS;1;1.0;1.0;1.0;['arctic', 'get', 'warm', 'rest', 'planet', 'cause', 'drought', 'california', 'url', 'url']
512605990953697280;This #ImplementationScience article describes an intervention program aimed at reducing late life depression symptom…/buff.ly/1tWWwz9;1;0.0;1.0;1.0;['HASHTAG', 'article', 'describe', 'intervention', 'program', 'aim', 'reduce', 'late', 'life', 'depression', 'symptombuffly1twwwz9']
531600924217999361;Did you know that what you eat can affect your productivity level? http://t.co/oiCH1IuAVO;1;1.0;1.0;1.0;['know', 'eat', 'affect', 'productivity', 'level', 'url']
1235690411026345984;@ComfortablySmug @EricTrump While Trump didn't explicitly say that sick Americans should go to work, he did state that those with mild coronavirus cases can still recover while going about their daily lives — an assertion that contradicts public health officials' recommendations on how to manage the illness;1;1.0;0.0;0.0;['user', 'USER', 'trump', 'sick', 'americans', 'work', 'state', 'mild', 'coronavirus', 'case', 'recover', 'daily', 'life', 'assertion', 'contradict', 'public', 'health', 'official', 'recommendation', 'manage', 'illness']
1313605903464181762;@Ali_at_home @Juneo_x @magoniareview @JuliaHB1 @WomensPrize Trans people support only trans people. Ask Lesbians whose dating sites are infested with men. I don't buy your thinking, you won't persuade me so goodnight.;1;1.0;0.0;0.0;['user', 'USER', 'USER', 'USER', 'USER', 'trans', 'people', 'support', 'trans', 'people', 'ask', 'lesbian', 'date', 'site', 'infest', 'man', 'buy', 'thinking', 'persuade']
811684851619241984;Engineering rice to waste less fertilizer https://t.co/DfON6CoJ2e https://t.co/2wljBDXpFH;1;0.0;1.0;1.0;['engineering', 'rice', 'waste', 'fertilizer', 'url', 'url']
1113481529005608960;@DrOlufunmilayo Smoking cannabis helps with controlling the nausea that comes with chemotherapy drugs.;1;1.0;0.0;0.0;['USER', 'smoking', 'cannabis', 'help', 'control', 'nausea', 'come', 'chemotherapy', 'drug']
684046522799894529;#EurekaMag Thematic roles in aphasia Conceptual knowledge and linguistic assignment https://t.co/10js6q7W2d;1;0.0;1.0;1.0;['HASHTAG', 'thematic', 'role', 'aphasia', 'conceptual', 'knowledge', 'linguistic', 'assignment', 'url']
1140197127387254784;@berniewestacott Play in early years is so important. The almost complete disappearance of unregulated, unmonitored, unsupervised free play in childhood is one of the key drivers of the increase in mental health issues. Schools can help: more unsupervised play, longer breaks, longer lunch, etc;1;1.0;0.0;0.0;['USER', 'play', 'early', 'year', 'important', 'complete', 'disappearance', 'unregulated', 'unmonitored', 'unsupervised', 'free', 'play', 'childhood', 'key', 'driver', 'increase', 'mental', 'health', 'issue', 'school', 'help', 'unsupervised', 'play', 'long', 'break', 'long', 'lunch']
1274396038644858884;"New preprint from the awesome @Amelia_Lindsey's postdoc in the lab w/ @hardy_lab collaboration. ""Wolbachia and virus alter the host transcriptome at the interface of nucleotide metabolism pathways"" https://t.co/QQoITEzwB2";1;1.0;1.0;1.0;['new', 'preprint', 'awesome', 'user', 'lab', 'USER', 'collaboration', 'wolbachia', 'virus', 'alter', 'host', 'interface', 'nucleotide', 'metabolism', 'pathway', 'url']
742368248600002560;The War On Science: What It Is And How To Win It [Greg Laden's Blog]: Thinker, writer, and ind... https://t.co/n0R0dmssXQ #Science #nTLD;1;0.0;0.0;1.0;['war', 'science', 'win', 'greg', 'laden', 'blog', 'thinker', 'writer', 'ind', 'url', 'HASHTAG', 'HASHTAG']
699396541967134721;A good pass often leads to a good shot. The extra pass often leads to a great shot. #Selfless #Assist;1;1.0;0.0;0.0;['good', 'pass', 'lead', 'good', 'shot', 'extra', 'pass', 'lead', 'great', 'shot', 'HASHTAG', 'HASHTAG']
759596994008641536;Adverse #Effects #Of #Marijuana #Cannabis #Seeds #Sale #How #To #Grow #Cannabis #Indoors https://t.co/F2rvT9UTS0;1;1.0;0.0;0.0;['adverse', 'HASHTAG', 'HASHTAG', 'HASHTAG', 'HASHTAG', 'HASHTAG', 'HASHTAG', 'HASHTAG', 'HASHTAG', 'HASHTAG', 'HASHTAG', 'HASHTAG', 'url']
1095741834138185729;Place stigma is a really important determinant and sustainer of health and wellbeing inequalities. I emphasised this recently in evidence to House of a Lords select committee on regenerating seaside towns @PlaceWellbeing @prosocialplace https://t.co/u8g90FIfDd via @ConversationUK;1;1.0;1.0;1.0;['place', 'stigma', 'important', 'determinant', 'sustainer', 'health', 'wellbeing', 'inequality', 'emphasise', 'evidence', 'house', 'lord', 'select', 'committee', 'regenerate', 'seaside', 'town', 'USER', 'USER', 'url', 'USER']
662527981668007936;#EurekaMag Consumption and fate of aflatoxin B1 by lactating cows https://t.co/uhkkIHRBkN;1;0.0;1.0;1.0;['HASHTAG', 'consumption', 'fate', 'aflatoxin', 'lactate', 'cow', 'url']
1158025685379756033;.@LawrenceGostin wrote this 3 years ago in @JAMA_current Sadly even more relevant today 4 reforms to address mass shootings: 1. Dedicate federal funding for research 2. Universal background checks 3. Ban assault weapons 4. Regulate firearm safety https://t.co/EH7bPN6SQ2;1;0.0;1.0;1.0;['USER', 'write', 'year', 'USER', 'relevant', 'today', 'reform', 'address', 'mass', 'shooting', 'dedicate', 'federal', 'funding', 'research', 'universal', 'background', 'check', 'ban', 'assault', 'weapon', 'regulate', 'firearm', 'safety', 'url']
1008891315898191872;Why female alcoholism is a time bomb https://t.co/QmPtMXrSJS via @BBC_Future;1;1.0;1.0;1.0;['female', 'alcoholism', 'time', 'bomb', 'url', 'USER']
818219492887199745;Pain changes people.;1;1.0;0.0;0.0;['pain', 'change', 'people']
461827109309399040;LEED-certified buildings are often less energy-efficient than un-certified ones: http://t.co/DXj3ez07x7;1;1.0;0.0;1.0;['leedcertifie', 'building', 'energyefficient', 'uncertified', 'one']
804695983544221696;Five ways subscription box services can increase customer retention https://t.co/dkcJywo5yL;1;1.0;0.0;0.0;['way', 'subscription', 'box', 'service', 'increase', 'customer', 'retention', 'url']
1009228722472271873;Yan-Hong Bao, Yi-Zheng Fan, Yi Wang, Ming Zhu : A Combinatorial Method for Computing Characteristic Polynomials of Starlike Hypergraphs https://t.co/39liwIpQoT;1;0.0;1.0;1.0;['yanhong', 'bao', 'yizheng', 'fan', 'wang', 'ming', 'zhu', 'combinatorial', 'method', 'compute', 'characteristic', 'polynomial', 'starlike', 'hypergraphs', 'url']
413527115230117888;A lucky find of a toe fossil unlocks a genetic encyclopedia for neanderthals http://t.co/gfjo79RuSv;1;1.0;1.0;1.0;['lucky', 'find', 'toe', 'fossil', 'unlock', 'genetic', 'encyclopedia', 'neanderthal', 'url']
1307519861690597376;A growing number of otherwise well people are developing a form of PTSD from an Administration and its cheerleaders, whose malevolence and contempt for life is beyond comprehension. https://t.co/JjxIYdEd1G;1;1.0;1.0;1.0;['grow', 'number', 'people', 'develop', 'form', 'ptsd', 'administration', 'cheerleader', 'malevolence', 'contempt', 'life', 'comprehension', 'url']
1181594606754045952;This #MentalHealthAwarenessWeek, Prof John Sheehan our Consultant in Perinatal psychiatry will be speaking about 'Managing depression & bipolar disorder in pregnancy & postpartum period' at the @aware conference this Sat. For clinicians & public alike. https://t.co/xOTCCftRBW https://t.co/CpHvZrpB7m;1;0.0;0.0;1.0;['HASHTAG', 'prof', 'john', 'sheehan', 'consultant', 'perinatal', 'psychiatry', 'speak', 'manage', 'depression', 'bipolar', 'disorder', 'pregnancy', 'postpartum', 'period', 'USER', 'conference', 'sit', 'clinician', 'public', 'alike', 'url', 'url']
363172565365170176;MDLinx Blog: MDLinx Blog: Neuropsychological findings in pediatric maltreatment: relationship of PTSD,... http://t.co/sS24IDHCoD;1;0.0;1.0;1.0;['mdlinx', 'blog', 'mdlinx', 'blog', 'neuropsychological', 'finding', 'pediatric', 'maltreatment', 'relationship', 'ptsd', 'url']
